Area (sqft),Living Area (sqft),Bedrooms,Bathrooms,Garage,Age of House (years),Location Score,Price (INR),Number of Floors
3102,2470,1,3,0,22,5,14669000,3
2419,1458,5,3,0,3,5,13175500,4
1317,1016,1,2,0,27,9,6536500,1
3382,2509,4,3,0,11,4,16999000,3
1450,1288,5,2,1,14,5,8545000,3
1990,1732,4,1,0,12,6,10415000,4
743,623,4,3,1,1,10,5773500,1
1484,915,2,1,1,19,7,7598000,1
995,717,5,1,0,15,9,6327500,3
2092,1692,1,2,0,13,6,10154000,2
1767,1075,1,3,0,20,1,8501500,3
3216,2157,5,3,0,1,8,16952000,3
1662,1439,2,1,0,16,2,8059000,3
2756,1760,2,1,1,15,9,13502000,3
1665,1024,2,2,1,3,7,8932500,4
1809,1400,1,3,0,10,7,9190500,1
3045,2691,4,2,0,12,10,15562500,4
1233,1048,2,2,0,5,10,6948500,4
1756,1567,1,2,0,16,5,8532000,4
1838,1518,1,3,0,0,8,9571000,3
1332,973,4,2,0,8,10,7934000,2
834,737,5,3,1,20,1,5653000,1
3305,2406,5,2,1,17,3,16732500,2
1350,951,2,1,0,10,9,7125000,4
3235,2375,2,2,0,13,1,15347500,4
1553,1311,4,2,1,1,8,9118500,2
3139,2747,2,3,0,19,6,15245500,2
2142,1515,4,1,0,10,10,11339000,2
1797,1327,1,1,0,1,5,8816500,4
2276,1978,2,3,1,3,6,11832000,4
1791,1099,1,3,0,26,5,8689500,1
2817,2352,3,1,1,12,9,14136500,1
2016,1484,4,3,0,5,2,10872000,4
3442,2453,3,1,0,6,10,16969000,2
3281,2408,2,2,1,21,6,15794500,2
1817,1318,1,2,0,19,4,8696500,1
2140,1769,2,1,1,25,3,10230000,4
2676,2350,3,1,1,2,5,13502000,1
2045,1528,2,2,0,3,2,10242500,1
2986,2537,5,2,1,27,3,15097000,3
2119,1736,3,1,1,20,7,10735500,3
1988,1390,2,3,0,19,1,9816000,3
2456,1906,1,3,0,2,2,12012000,2
1965,1572,2,1,0,0,3,9792500,4
1099,667,1,3,1,18,10,6135500,4
2280,1638,5,2,0,26,7,11990000,4
1110,996,2,2,0,20,4,5795000,4
816,645,5,3,0,12,8,5932000,3
1924,1347,3,1,0,13,8,9898000,2
1755,1184,1,2,1,21,1,8377500,2
2427,1608,3,2,0,27,5,11931500,3
2410,1736,1,2,0,15,1,11295000,2
3092,2034,5,3,0,29,7,15784000,3
1805,1156,4,1,0,28,4,9162500,4
2814,1995,2,3,0,3,8,14203000,3
690,539,5,1,1,16,8,5035000,4
1313,845,1,1,0,9,9,6678500,4
2481,1521,1,3,0,28,6,11804500,1
638,389,1,2,1,6,7,3951000,3
772,525,1,1,0,12,7,4084000,1
1252,822,2,3,1,24,5,6754000,3
1353,1030,3,2,1,12,7,7648500,3
1843,1357,4,1,1,21,9,9873500,1
1681,1172,2,1,1,13,4,8454500,1
2283,1940,1,2,0,5,2,10973500,3
3123,2346,2,1,0,15,8,14953500,2
1055,661,5,3,1,8,7,7187500,4
1428,983,1,1,1,19,6,6996000,1
1494,1332,4,1,1,15,7,8323000,4
1984,1771,1,2,1,20,3,9528000,2
2558,1730,4,3,1,20,6,13361000,2
3034,1972,4,2,0,29,10,15173000,2
2596,1943,3,3,1,11,7,13462000,1
2995,2229,3,2,0,15,7,14827500,2
789,570,2,1,1,4,5,4670500,1
1104,837,2,3,1,23,3,6008000,2
1814,1214,4,3,0,10,2,9863000,4
2131,1352,1,1,1,0,7,10589500,4
1423,1097,5,2,0,9,4,8323500,3
1528,1344,5,3,0,10,2,8876000,4
1533,983,1,1,1,14,8,7668500,3
1740,1411,1,1,1,25,2,8080000,4
733,536,3,3,0,26,6,4578500,1
2705,1861,5,3,0,2,4,14432500,4
1284,1099,4,3,1,23,9,7718000,3
3319,2445,2,1,0,14,5,15705500,3
2820,2185,3,2,1,10,4,14140000,2
2452,1797,5,2,1,8,8,13324000,1
1414,882,1,3,1,1,3,7543000,4
1772,1379,5,1,0,11,9,9904000,2
679,492,4,1,1,19,8,4625500,4
802,502,3,3,0,29,8,4929000,4
3411,2656,1,1,0,15,10,16049500,2
1852,1116,4,1,1,23,5,9674000,2
2299,1523,2,1,0,15,1,10895500,2
1850,1543,3,3,0,20,10,9925000,2
2282,1395,4,3,0,0,9,12519000,2
2155,1711,4,3,0,15,2,11297500,4
2694,2383,1,2,0,5,1,12773000,2
1856,1208,2,2,1,13,6,9542000,1
2149,1558,4,3,1,24,1,11190500,3
1766,1364,3,1,0,24,10,9067000,2
1996,1467,4,1,1,10,10,10832000,2
3303,2596,5,3,1,0,10,17613500,4
1070,771,3,1,1,19,7,6035000,2
1635,1053,3,1,0,16,7,8487500,2
1953,1223,4,2,0,22,1,9998500,2
3383,2785,1,1,1,18,10,16013500,4
3431,2304,3,1,1,1,5,16919500,2
1567,1338,5,3,1,13,3,9191500,3
957,787,1,2,0,7,2,4966500,4
1267,778,1,2,0,24,5,6171500,3
972,641,1,1,1,22,5,4834000,4
1631,1121,3,3,0,21,2,8519500,2
1745,1358,1,2,0,25,6,8352500,3
1971,1661,4,2,0,28,7,10259500,4
3323,2053,1,1,1,26,1,15133500,1
689,464,5,2,0,5,3,5050500,2
3345,2384,2,3,0,8,4,16292500,4
1139,746,5,3,1,4,2,7395500,1
3379,2580,3,2,1,4,10,17075500,4
1468,1091,1,3,1,17,5,7566000,1
640,444,1,3,0,21,4,3560000,2
1339,1011,4,1,0,13,2,7265500,3
2546,1799,1,2,0,11,1,11987000,1
3149,2213,5,2,0,27,8,15930500,4
1824,1239,3,1,0,11,2,9188000,2
1528,1164,2,1,0,21,4,7456000,1
2636,1932,1,1,1,5,10,12912000,4
3108,2047,2,1,0,3,5,14976000,4
3379,2040,1,3,0,26,2,15685500,4
3399,2193,3,3,1,14,10,17165500,1
1524,933,5,1,1,22,9,8718000,1
2181,1590,3,2,0,14,2,10934500,1
989,660,2,2,0,24,6,5270500,3
2217,1609,1,2,1,16,7,10856500,1
855,597,2,1,0,2,6,4907500,1
1308,995,5,3,1,9,4,8156000,1
2438,1992,3,3,1,24,1,12191000,3
2544,1892,2,3,0,29,2,12168000,1
3097,1915,2,3,1,20,10,15386500,4
609,368,5,2,0,21,10,4720500,1
3471,2304,1,2,1,7,6,16629500,4
1397,1016,2,3,1,8,8,7876500,4
1476,905,5,1,1,23,3,8182000,4
1628,1136,1,3,0,2,7,8536000,3
1615,1398,1,3,0,25,9,8117500,3
2424,1519,3,1,0,0,4,12208000,3
973,860,5,3,0,10,7,6628500,1
2793,2393,1,2,0,12,7,13378500,4
823,699,3,1,0,11,10,5083500,3
1862,1599,4,1,1,28,9,9819000,3
2824,1762,5,3,1,20,3,14708000,1
2402,1550,4,2,0,6,1,12339000,3
1452,929,1,2,0,1,8,7614000,1
662,419,5,2,0,0,4,5079000,2
1840,1284,3,3,1,19,2,9650000,3
3474,2949,1,3,0,2,5,16743000,2
3442,2325,5,2,0,3,4,17529000,1
1288,867,5,3,0,16,1,7626000,4
2084,1672,4,2,1,17,7,11138000,3
2233,1404,1,3,1,16,4,10978500,1
2752,1948,3,1,1,18,8,13674000,4
1110,764,3,1,1,3,9,6635000,4
984,840,1,3,0,28,8,5168000,2
1004,757,1,3,0,16,1,5148000,1
3470,2754,2,2,0,21,8,16595000,4
1117,713,4,1,1,1,5,6806500,3
1075,944,1,2,0,9,1,5407500,3
2600,1811,1,3,1,11,9,12980000,2
3356,2725,2,2,0,12,9,16312000,4
2268,2010,2,2,0,10,7,11356000,1
2493,1876,5,3,0,20,7,13268500,3
3418,2571,3,1,0,7,1,16391000,4
2060,1308,4,2,1,27,9,10930000,4
3324,2383,5,3,1,28,1,16698000,2
1313,1123,1,2,1,19,7,6728500,3
682,436,2,3,0,4,9,4639000,3
1768,1547,3,3,1,24,9,9576000,1
3104,2483,5,3,0,1,5,16298000,3
2501,1816,3,1,0,11,6,12434500,1
2648,2022,2,1,0,27,2,12276000,3
650,419,5,3,0,1,2,5105000,2
1284,854,5,1,0,5,10,7878000,3
1316,902,3,2,1,21,9,7402000,1
2069,1480,2,1,1,18,1,9950500,1
1048,916,1,1,0,11,10,5496000,2
1480,1051,5,2,0,24,5,8330000,3
1087,823,1,2,1,12,7,5851500,3
2423,1571,2,2,0,16,10,12083500,2
2681,2200,5,3,1,11,6,14394500,3
2742,2106,5,2,0,2,6,14499000,3
2174,1591,1,2,1,23,6,10473000,1
2801,2476,4,2,0,7,8,14464500,3
849,736,1,3,1,15,7,4920500,3
1273,1015,1,1,0,3,5,6418500,2
1037,908,4,3,0,23,10,6506500,2
2765,2127,2,1,0,26,2,12822500,4
1370,1161,2,2,0,25,10,7165000,1
867,626,5,3,0,12,6,6061500,3
2584,1617,3,3,1,7,10,13638000,3
1677,1506,3,1,0,0,5,8896500,4
835,542,5,3,0,2,4,6017500,3
988,667,3,3,0,0,10,6446000,1
1362,883,1,1,0,14,5,6599000,4
2448,1716,1,3,1,17,9,12176000,1
3048,2093,4,3,1,19,2,15386000,4
1223,954,4,2,1,2,6,7513500,4
3414,3068,5,2,0,28,9,17153000,2
1852,1140,5,2,0,14,10,10454000,1
1177,981,5,2,0,26,5,6926500,3
2722,1737,1,2,0,21,6,12829000,3
1034,626,3,3,0,27,10,6113000,1
2750,2176,5,3,1,27,4,14285000,3
1363,1174,5,2,1,4,5,8353500,3
3385,2210,1,1,1,20,8,15882500,1
3453,2425,1,2,0,9,1,16108500,4
1929,1255,1,3,1,6,1,9660500,1
2745,2393,3,1,1,22,10,13662500,4
3445,2346,5,2,0,24,4,17122500,3
1958,1436,2,1,1,7,10,10121000,3
3082,2676,2,2,0,2,3,14979000,3
1046,801,5,3,0,17,5,6717000,2
2617,2302,5,2,0,16,10,13856500,4
1931,1695,5,1,0,15,8,10489500,2
848,626,5,3,0,25,1,5466000,2
765,592,3,2,1,21,5,4722500,1
1958,1310,2,2,0,28,5,9501000,2
1619,1452,4,2,0,12,2,8745500,1
1141,779,2,2,1,3,5,6474500,1
1358,1133,2,3,0,2,8,7671000,2
2728,1892,1,3,0,10,10,13476000,4
2780,1929,5,2,1,26,7,14390000,4
1396,881,5,3,1,1,2,8612000,4
737,565,5,1,0,17,6,4976500,4
2831,1906,1,3,1,26,10,13769500,4
1953,1258,3,1,0,3,1,9878500,2
3432,2292,3,1,1,16,10,16874000,2
2475,1671,4,3,1,5,10,13487500,3
668,501,3,2,0,9,3,4276000,4
3193,2285,3,3,0,10,6,15968500,2
2700,1681,5,1,0,4,9,14220000,3
2073,1577,2,1,1,25,1,9828500,4
804,672,3,3,1,24,6,5088000,1
2773,2141,3,1,1,17,2,13488500,3
642,572,1,3,0,24,9,3759000,2
2506,1578,4,3,1,24,2,12847000,1
2758,2334,1,2,0,9,3,13081000,1
1360,1022,5,1,0,8,2,7760000,1
3495,2643,2,3,1,15,4,16977500,3
2742,2072,4,1,1,9,4,13909000,2
2594,1809,1,3,1,9,10,13043000,1
2535,1767,3,3,1,3,1,13047500,4
1499,1183,3,2,1,20,8,8195500,1
959,588,4,3,0,23,5,5905500,1
2319,1801,3,2,1,13,8,12025500,3
880,719,1,1,0,7,6,4620000,3
2487,1758,1,2,1,0,2,12141500,2
1266,842,3,2,1,15,7,7197000,4
692,459,3,1,0,25,10,4214000,3
1271,793,5,2,1,16,9,7899500,1
2569,1610,2,2,1,9,7,12880500,2
660,429,4,3,0,5,5,4920000,1
3281,1987,1,2,0,6,4,15544500,1
1628,1106,4,3,1,17,8,9336000,3
2089,1445,5,2,1,1,6,11730500,2
1203,1080,1,1,1,20,5,5913500,4
1281,1149,5,1,0,8,7,7654500,4
3181,2087,5,2,1,4,3,16434500,3
2028,1346,3,3,1,7,9,11086000,3
3485,2605,4,2,1,23,4,17172500,2
3292,2122,4,3,0,4,4,16734000,4
2880,2163,3,2,1,23,8,14350000,4
1123,808,4,1,0,14,6,6473500,4
2993,2087,3,1,0,7,1,14478500,1
3193,2703,1,3,0,4,2,15288500,4
2568,2178,5,2,0,4,9,13826000,1
1701,1524,5,3,0,19,6,9674500,2
2353,1569,4,1,1,16,7,12168500,1
2436,2110,2,3,0,8,9,12452000,2
3441,2619,5,2,1,1,3,17664500,4
2896,2251,3,3,1,0,5,14932000,4
2694,2340,2,2,0,21,5,12953000,2
1744,1539,2,2,0,20,10,8948000,3
2861,2340,5,1,0,10,7,14724500,2
2886,2032,5,2,0,14,2,14707000,3
1679,1254,5,2,1,0,4,9805500,1
2997,2351,3,2,1,6,4,15016500,1
706,599,2,3,0,22,8,4337000,1
3478,2773,4,1,0,18,10,17191000,4
647,459,3,3,1,23,3,4251500,1
936,678,1,3,1,14,2,5082000,3
1649,1014,5,1,0,5,9,9470500,1
3451,3027,2,3,1,19,4,16699500,2
1880,1177,3,3,1,25,9,10060000,2
2655,2054,1,2,1,25,6,12597500,4
1224,1054,3,3,0,9,1,6878000,2
2490,1808,3,1,0,11,3,12235000,3
1876,1575,4,3,1,12,7,10502000,1
2315,1947,4,2,0,14,9,12187500,4
3366,2080,3,3,1,18,8,16837000,1
902,652,1,1,1,16,5,4639000,1
1238,999,2,2,0,12,8,6731000,3
655,475,2,3,0,1,2,4227500,2
1325,1011,5,1,1,17,3,7622500,2
1125,875,5,1,0,28,8,6602500,1
1073,692,2,3,0,10,9,6278500,4
627,453,3,3,0,4,10,4741500,2
2725,1658,3,2,0,3,8,13902500,4
964,621,4,3,1,1,4,6468000,2
3313,2496,4,2,1,26,6,16438500,4
1125,868,5,3,0,15,5,7112500,3
3346,2154,2,1,1,24,4,15727000,4
1935,1599,3,1,0,6,9,10137500,3
1482,1055,2,1,0,7,10,7829000,3
1630,1428,1,1,0,7,3,7845000,4
1626,1164,2,2,1,1,1,8497000,3
2246,1448,1,1,1,14,7,10827000,1
1518,1255,4,2,1,4,10,9001000,3
3397,2616,4,2,0,18,8,16926500,2
3010,2155,5,2,1,9,3,15565000,4
2374,1677,2,3,1,8,3,12023000,1
2131,1374,2,2,0,24,6,10409500,4
3453,2424,1,3,0,21,2,16118500,2
3386,2061,4,2,0,28,6,16577000,2
2506,1881,1,3,0,19,5,12047000,2
1815,1577,4,3,1,7,7,10327500,3
2254,1890,1,1,1,4,9,11163000,3
1084,659,4,2,0,18,9,6568000,4
2675,2312,1,3,0,12,1,12747500,4
1313,965,4,1,0,26,7,7138500,1
1662,1092,1,2,0,13,3,8069000,1
2576,2127,2,1,1,7,4,12602000,4
1896,1321,5,3,0,15,2,10432000,3
1854,1253,1,1,0,29,1,8313000,2
2733,1772,5,1,1,29,10,14068500,4
725,540,2,2,0,27,3,3872500,1
3459,2172,2,3,0,21,10,16845500,3
1136,949,4,2,0,4,9,7082000,4
2792,2069,5,2,0,0,1,14514000,4
2672,1961,3,1,0,18,3,12914000,3
2203,1323,4,3,1,22,5,11673500,4
666,563,5,2,1,18,3,4837000,3
832,622,1,3,1,16,4,4674000,2
2756,2017,1,2,1,23,4,12992000,3
1769,1465,2,1,0,22,1,8370500,3
2758,1706,3,2,0,20,6,13611000,3
2875,2041,1,2,0,27,7,13447500,4
710,548,5,2,0,9,7,5265000,4
2093,1544,5,3,0,4,6,11738500,3
2681,1754,1,1,0,21,7,12494500,4
1222,842,5,3,1,6,3,7779000,1
3395,2342,5,2,0,15,5,17127500,1
3242,2909,2,1,0,28,7,15179000,4
3072,2143,3,3,1,2,10,15934000,4
3260,2156,2,2,1,26,5,15550000,3
2141,1812,3,1,0,11,10,11014500,2
3339,2425,5,1,1,13,2,16715500,4
1905,1396,3,2,1,27,6,9782500,1
2361,1805,5,1,0,19,7,12294500,3
2575,2005,5,1,0,0,2,13387500,4
2962,2301,2,3,1,6,10,15059000,1
1476,900,2,1,1,25,8,7492000,1
2589,2189,4,3,1,17,5,13510500,2
1912,1258,1,3,1,22,8,9614000,3
2060,1416,4,3,1,21,3,10950000,3
3309,2157,4,3,1,3,2,16880500,2
2924,2427,3,1,0,15,7,14308000,2
2333,1808,5,1,0,10,5,12248500,3
2205,1822,5,3,1,17,5,12082500,3
2126,1692,5,1,1,22,8,11377000,4
3271,2064,1,3,0,15,9,15769500,4
3163,2183,3,3,1,6,8,16163500,2
3490,2625,3,3,0,20,10,17305000,4
2997,2072,5,2,1,24,2,15156500,1
2230,1476,4,1,1,2,10,12045000,4
3470,2987,1,1,1,24,7,16135000,4
1760,1450,4,3,1,4,5,10040000,1
1358,955,2,1,0,17,7,6921000,2
842,698,3,3,0,24,3,4959000,1
3190,2514,3,1,0,29,4,15075000,4
1663,999,4,3,0,16,7,9313500,2
828,591,1,3,1,0,2,4876000,4
3195,2195,3,2,0,15,2,15477500,1
1519,1010,4,3,0,14,1,8405500,1
1846,1246,1,2,0,12,1,8817000,4
605,534,4,1,1,6,1,4202500,3
1067,795,1,1,1,2,6,5711500,3
2355,2011,5,2,1,23,5,12437500,1
674,447,1,1,1,22,10,3743000,1
603,393,2,2,1,26,8,3743500,3
2470,2140,5,1,0,12,5,12825000,3
1245,932,4,2,0,15,1,6952500,4
717,622,5,2,0,22,8,5086500,4
2229,1379,5,3,0,0,6,12430500,3
3151,2756,4,1,1,0,8,16129500,4
2621,1899,4,3,0,27,2,13154500,4
1546,999,2,2,1,15,10,8307000,2
3221,2592,4,3,1,29,8,16264500,4
2064,1731,3,2,0,1,6,10868000,1
793,487,3,1,0,17,1,4378500,4
1446,1295,2,1,0,26,1,6837000,4
3362,2720,1,1,0,20,10,15729000,3
2015,1403,1,2,0,24,5,9537500,1
2058,1328,3,3,1,22,7,10821000,4
2820,2024,4,1,0,29,4,13710000,4
2268,1510,2,2,1,17,10,11516000,2
2973,2224,1,3,1,4,5,14598500,4
2033,1696,1,2,0,4,10,10268500,4
1741,1389,5,2,1,7,3,9894500,2
3483,2545,3,1,1,8,2,16863500,3
2410,1531,4,2,1,23,2,12235000,4
1323,1173,2,2,1,13,5,7093500,2
824,561,1,3,1,12,4,4718000,1
1131,772,5,1,0,17,2,6549500,3
712,565,3,2,0,3,5,4694000,1
2787,2316,3,2,0,17,10,14001500,1
1158,1036,2,3,1,21,9,6591000,2
2648,2358,1,2,1,19,8,12786000,4
2737,2392,2,2,0,14,9,13486500,2
1253,915,2,2,1,6,9,7118500,2
919,597,5,2,1,12,8,6345500,2
2173,1684,3,2,1,1,9,11658500,2
2428,1469,4,3,1,8,4,12916000,3
2517,1658,3,2,1,29,8,12596500,4
738,443,3,2,0,4,2,4641000,1
3492,2284,5,2,0,0,9,18064000,1
2626,1949,4,2,1,27,9,13477000,4
2906,2086,1,1,0,26,3,13207000,1
1501,1066,4,1,0,18,6,8094500,4
1289,1094,1,1,1,19,7,6420500,1
2639,2117,4,1,0,18,3,13065500,2
609,536,2,3,0,21,5,3770500,1
860,630,4,1,1,28,1,4910000,4
2542,1732,5,3,0,12,3,13449000,4
2273,1447,1,1,1,5,8,11178500,4
2819,2259,3,3,0,9,3,14155500,4
2660,2267,5,1,0,28,8,13510000,4
1791,1173,1,2,0,10,9,9009500,3
2219,1916,1,1,0,22,6,10345500,3
920,697,3,1,1,29,7,5160000,1
1942,1249,2,1,1,24,6,9509000,4
2236,1772,5,2,0,15,8,12062000,1
2976,2249,3,3,1,25,7,14892000,4
3432,2088,3,3,1,24,10,17114000,4
3424,2464,2,2,0,22,1,16018000,3
2594,2167,5,1,0,26,3,13003000,3
2543,1949,3,1,1,0,3,12843500,2
2638,1806,2,1,1,18,3,12611000,3
1718,1509,5,3,1,4,4,10101000,2
2204,1479,4,3,1,25,1,11418000,2
2965,2003,1,2,0,27,2,13602500,2
835,589,2,2,1,26,5,4637500,2
2569,2230,1,3,1,5,6,12810500,2
933,701,4,1,1,5,9,6098500,1
2508,2018,3,1,0,4,2,12406000,3
975,870,3,1,1,5,9,5987500,2
1760,1469,5,1,1,24,7,9640000,4
3235,2108,2,2,0,12,9,15767500,3
2170,1815,2,2,0,29,4,10385000,3
3160,2605,5,3,1,0,7,16820000,2
1919,1285,1,2,0,0,1,9385500,1
2455,1712,3,1,1,24,8,12217500,2
1972,1603,3,3,1,13,7,10614000,1
1472,988,2,2,0,7,7,7834000,4
1852,1226,2,2,0,8,2,9274000,3
2917,2365,5,2,0,22,10,15086500,4
2451,2118,4,2,1,9,9,13049500,1
3445,2144,1,2,0,5,8,16502500,1
1914,1404,4,1,1,8,1,10053000,4
1324,1035,4,1,0,17,1,7068000,1
2652,2129,2,1,1,14,5,12854000,4
3498,3144,2,2,1,3,2,16931000,3
677,544,2,3,0,1,1,4276500,4
3221,2531,4,1,0,29,10,15814500,3
731,655,1,1,1,5,8,4239500,4
1200,741,2,2,0,16,4,6280000,1
2372,1476,3,3,0,6,2,12154000,4
1665,1279,1,1,0,22,5,7802500,1
2736,1935,3,1,0,22,6,13272000,4
3049,1917,1,3,0,29,8,14440500,4
2943,2036,2,2,0,19,7,14213500,2
2463,1976,5,3,0,14,7,13253500,1
1918,1657,2,2,1,23,1,9371000,2
1215,763,4,1,0,20,3,6617500,1
3447,2626,4,3,1,1,3,17591500,2
3069,2114,1,3,0,20,7,14660500,3
2488,1990,4,1,1,11,2,12626000,4
1646,1258,2,1,1,9,10,8677000,1
1174,1030,3,2,0,24,7,6453000,1
2790,1705,2,1,0,25,9,13305000,4
1592,1179,1,1,0,16,1,7394000,1
3312,2178,4,3,0,26,2,16284000,1
2792,2124,3,2,1,17,6,13974000,2
1848,1582,5,1,1,15,2,9966000,1
1102,962,3,3,0,9,2,6379000,3
2597,1868,3,1,1,7,5,13046500,3
1420,1197,2,1,0,28,7,6980000,4
2751,1882,5,1,1,20,4,14029500,1
2570,1546,1,1,0,27,6,11825000,4
797,682,1,2,1,24,3,4106500,3
2269,1442,3,3,0,21,4,11490500,1
3226,1952,3,3,1,12,4,16127000,1
3038,2145,4,1,0,15,4,14971000,4
1802,1286,5,3,0,7,1,10119000,3
3201,1994,3,1,1,11,4,15634500,1
2071,1748,4,3,1,16,4,11149500,4
2246,1620,5,2,1,15,6,12157000,3
2292,1712,1,2,1,8,9,11454000,4
1912,1298,4,3,1,24,10,10574000,2
2635,1985,5,1,0,18,6,13497500,1
1077,893,4,1,1,16,6,6376500,2
1854,1616,3,1,1,23,7,9483000,3
1522,1356,2,1,1,7,7,8009000,2
1019,741,1,2,1,11,1,5265500,2
2804,2515,3,1,0,8,8,13958000,3
3197,2201,3,1,0,29,1,14956500,4
1720,1035,5,1,0,5,9,9790000,2
1550,1286,4,1,0,24,4,8095000,4
2936,1918,1,2,1,27,9,13972000,2
1877,1155,3,3,0,9,8,10166500,4
2843,2493,5,3,0,8,9,15183500,3
3245,2717,1,1,1,27,6,15012500,2
2457,1549,4,1,1,28,9,12496500,3
1116,929,3,3,1,3,4,6812000,2
2258,1926,3,2,1,10,3,11561000,3
2465,2148,3,2,1,20,3,12292500,3
1741,1328,1,2,1,21,8,8664500,2
3453,2800,1,2,0,5,2,16238500,2
2532,2098,1,2,0,25,6,11894000,2
1414,1140,1,2,1,17,9,7323000,1
2875,2282,5,2,0,3,9,15227500,4
2500,1910,2,2,1,11,8,12580000,1
2863,2129,5,2,1,8,8,15173500,1
2662,2392,3,1,0,14,1,12849000,3
2694,1889,5,2,0,22,7,13933000,2
2971,1861,4,1,0,8,1,14659500,4
3491,2895,1,3,0,5,9,16959500,3
729,484,4,1,0,10,3,4630500,1
694,527,4,3,1,6,1,5003000,2
3274,2058,3,1,0,24,8,15753000,3
3402,2673,1,3,0,13,7,16299000,2
2555,2256,4,1,1,27,2,12607500,3
1393,1137,3,1,0,15,7,7418500,2
2434,1617,1,3,0,14,5,11823000,1
2716,2420,2,2,0,19,7,13192000,4
2283,1580,3,2,0,8,10,11913500,1
610,445,5,2,0,18,7,4635000,4
2465,1847,1,2,1,29,2,11462500,2
3197,2868,4,2,0,11,2,15866500,3
1311,813,4,1,0,29,7,7069500,1
2670,2160,5,2,1,10,3,14015000,4
1414,1001,5,1,0,27,4,7723000,1
945,589,4,3,1,29,7,5972500,4
2949,2596,1,2,1,7,2,14080500,1
962,747,3,2,1,2,2,5839000,4
3043,2513,5,2,0,18,9,15683500,4
2865,1925,5,2,0,2,1,14802500,2
2788,2309,5,1,0,24,3,13916000,4
1584,1344,2,1,0,25,10,7928000,2
2239,1632,1,1,1,29,4,10345500,4
1427,1101,1,3,1,2,5,7681500,3
3330,2968,1,1,1,5,3,15685000,3
955,815,1,2,0,10,9,5247500,3
1947,1428,1,3,1,29,5,9481500,4
2463,1968,4,3,0,19,7,12853500,2
726,606,5,2,1,13,7,5407000,2
1203,730,4,2,1,1,9,7593500,4
2528,1963,2,2,1,11,2,12406000,3
1613,1444,3,2,0,15,3,8408500,3
650,574,5,1,1,27,4,4435000,2
3426,2911,2,3,1,2,8,17127000,3
2030,1282,4,2,0,20,1,10385000,1
2392,2148,3,1,1,15,9,12164000,2
3461,2709,2,2,1,9,5,16794500,3
2236,1491,3,1,0,19,4,10982000,2
2245,1801,2,2,0,4,8,11422500,1
3067,2628,4,2,0,12,9,15611500,2
1805,1143,3,2,0,11,3,9352500,2
3472,3037,2,1,1,26,4,16254000,2
2454,2149,4,2,1,0,1,12843000,2
1166,704,5,1,0,19,3,6717000,1
3018,2625,4,1,1,10,10,15431000,4
1535,1357,4,3,1,25,5,8607500,2
2534,1549,5,1,0,18,8,13143000,2
3308,2276,4,1,1,28,1,15926000,3
1932,1375,5,1,1,14,1,10314000,2
801,564,5,1,1,17,3,5264500,3
2960,2449,5,1,0,15,9,15170000,4
716,506,2,3,1,6,9,4902000,1
1536,1362,3,2,1,9,1,8232000,1
1174,1054,2,3,1,24,4,6353000,4
2891,2009,5,3,0,15,8,15209500,1
1136,854,3,2,0,16,2,6192000,4
2225,1707,3,1,1,27,4,10922500,4
2722,2106,5,2,1,6,7,14529000,4
985,701,3,1,0,10,7,5682500,1
1074,697,3,2,0,27,5,5843000,3
1017,626,2,3,0,16,7,5806500,4
2994,1891,3,1,0,4,6,14793000,2
3287,2860,5,3,1,0,2,17141500,1
1538,1052,1,1,0,2,9,7831000,4
1554,968,1,2,0,15,5,7643000,4
1475,1160,1,2,0,23,2,6977500,2
1362,847,5,2,0,28,6,7769000,3
1802,1119,1,2,1,14,10,9179000,3
1805,1419,2,2,1,3,5,9462500,3
1263,981,5,3,1,11,2,7813500,4
624,382,5,3,1,0,10,5558000,4
2590,1911,5,1,0,16,10,13535000,4
1803,1317,3,3,1,23,7,9653500,1
1309,1000,3,1,1,14,10,7360500,2
2479,2036,3,1,0,29,2,11775500,4
1784,1221,4,3,1,23,7,9868000,2
2824,2061,2,3,1,19,6,13978000,2
884,740,5,1,1,19,4,5648000,3
662,580,5,3,0,9,4,5099000,1
1602,1389,3,3,0,10,6,8809000,4
1261,937,5,3,0,17,9,7884500,3
3313,2505,5,2,1,1,10,17438500,3
2803,2126,1,2,0,27,6,13073500,4
2092,1800,5,1,0,5,6,11314000,2
1566,1334,4,3,1,15,1,8747000,3
1448,1004,3,1,0,23,5,7406000,2
1707,1107,2,3,1,6,1,8961500,1
1288,919,2,2,1,22,9,6956000,2
747,512,1,3,0,18,10,4401500,1
941,833,2,3,1,11,4,5564500,2
3123,2122,2,3,1,17,2,15163500,3
1686,1103,3,2,1,9,9,9307000,3
2324,2021,3,2,0,6,6,11938000,1
1983,1241,4,2,1,3,10,11113500,4
3208,2175,1,1,0,16,3,14766000,1
926,677,2,3,0,16,2,5147000,1
2392,1862,4,2,1,3,6,12754000,2
2359,1647,1,1,1,20,10,11365500,2
1589,1189,2,2,1,4,6,8520500,1
2862,1887,2,3,1,0,9,14679000,3
3082,2380,3,1,1,18,5,15009000,2
1551,1120,5,2,0,21,9,8909500,4
1322,1130,1,2,0,25,5,6399000,2
2679,1941,2,1,1,22,2,12665500,2
3317,2431,1,1,0,10,1,15276500,4
2932,2280,4,1,0,0,9,15044000,1
1028,654,4,1,0,7,10,6386000,4
2100,1358,5,1,1,3,7,11590000,1
885,740,2,2,0,28,3,4572500,1
2665,1817,3,1,0,24,6,12912500,1
1368,1101,2,1,0,26,10,6936000,4
3237,2036,1,3,1,26,4,15296500,1
1994,1688,4,2,0,21,9,10603000,3
793,710,1,3,1,14,2,4438500,4
3149,2242,5,2,0,16,4,15950500,3
1587,1192,4,2,1,17,1,8601500,1
1736,1272,3,2,0,2,7,9422000,2
2761,2397,4,1,1,17,4,13834500,1
2301,1387,2,3,0,25,5,11304500,3
1546,1230,2,2,1,6,1,8037000,3
1430,1137,4,2,1,27,2,7745000,4
2520,1801,5,2,0,16,4,13120000,2
654,435,2,3,0,24,2,3763000,4
1399,939,2,2,1,17,1,7155500,3
1377,1156,3,3,1,19,10,7966500,1
2081,1289,4,3,0,7,1,11074500,2
2501,1923,2,1,1,10,6,12304500,1
2809,1943,5,2,0,2,2,14600500,1
2734,1857,1,2,0,24,3,12673000,2
654,491,4,3,1,6,5,5023000,4
2423,2106,3,3,0,14,3,12273500,1
1801,1414,2,1,1,9,6,9174500,3
1432,1197,5,2,0,11,7,8474000,1
912,711,4,3,0,11,10,6184000,2
3406,2756,5,2,0,18,6,17167000,2
2458,1793,5,2,0,18,2,12701000,2
2607,2288,3,2,0,14,9,13201500,4
2606,1956,4,3,0,20,2,13227000,1
3090,2365,2,2,0,20,6,14805000,4
2390,1810,3,3,0,25,9,12205000,4
927,644,2,1,0,4,9,5341500,2
3408,2281,1,1,0,27,2,15396000,2
3226,2007,5,3,0,12,9,16827000,4
1887,1538,1,2,0,24,8,9111500,1
2743,1883,5,1,1,8,7,14383500,3
1711,1226,3,1,1,21,8,8929500,4
1911,1673,2,3,0,26,10,9779500,1
3461,2664,2,3,0,26,8,16654500,2
3138,1974,3,3,1,22,1,15381000,2
1051,882,4,3,0,9,9,6799500,1
2123,1436,1,3,0,7,6,10613500,3
764,585,1,3,0,8,1,4228000,2
781,588,2,3,1,5,1,4814500,2
3116,2092,2,2,0,23,7,14912000,2
1509,957,2,2,1,17,10,8100500,1
3382,2243,3,2,1,9,2,16589000,4
1422,894,4,2,0,23,6,7839000,2
1543,1053,1,1,1,14,5,7563500,4
2601,2338,5,2,1,12,5,13764500,3
2654,1912,3,1,1,10,10,13493000,2
929,798,1,1,0,1,6,4960500,2
1374,1050,4,1,0,7,8,7843000,3
2798,2238,3,3,1,17,5,14151000,2
746,482,1,1,0,2,8,4217000,4
1514,1033,3,1,1,22,5,7873000,1
2171,1635,1,1,0,26,10,10249500,4
1908,1649,1,3,0,24,6,9306000,1
3347,2051,4,2,1,2,8,17171500,1
681,512,5,2,0,20,2,4664500,4
1113,684,4,1,1,24,7,6428500,4
2520,1857,1,1,0,6,3,11870000,4
3462,2730,3,2,1,29,9,16899000,4
3356,2763,4,2,0,17,10,16862000,3
2539,1628,5,2,1,20,7,13425500,2
1345,874,1,2,0,20,3,6502500,1
2009,1488,4,1,0,8,8,10680500,4
1306,1174,4,1,1,17,10,7587000,4
1070,756,4,1,0,0,2,6315000,4
995,724,4,2,1,3,10,6667500,3
2155,1572,3,3,0,3,8,11537500,4
2908,1815,5,2,1,16,7,15166000,4
1404,1168,5,2,1,25,5,8118000,4
1533,1036,1,3,1,22,4,7708500,2
1879,1524,2,3,1,1,10,10285500,3
2357,1750,3,2,1,26,10,12036500,4
1504,1178,1,3,1,14,1,7588000,1
1676,1032,1,3,1,12,4,8552000,1
2490,2158,4,3,1,8,6,13295000,1
2123,1429,2,2,0,6,6,10733500,3
1987,1591,2,2,0,28,2,9481500,3
1903,1597,3,3,0,28,9,9953500,1
1192,908,2,1,0,11,1,5994000,4
3361,2356,1,3,1,11,4,16154500,3
3279,2929,2,3,1,13,4,16045500,1
2706,1849,2,2,0,22,2,12837000,1
727,643,5,1,0,14,8,5091500,4
1335,863,1,3,1,0,2,7157500,2
3368,2414,2,1,0,29,2,15476000,3
3173,2035,2,2,1,8,2,15368500,4
1120,672,4,1,0,25,1,5990000,1
3199,2169,2,2,1,15,5,15495500,1
836,523,2,3,1,8,4,5152000,4
1904,1705,5,2,0,15,2,10268000,3
2381,1972,1,1,0,1,1,11244500,2
1901,1142,3,1,1,9,1,9674500,2
3141,2095,1,1,0,24,2,14254500,1
2651,2123,4,3,0,17,1,13439500,3
3313,2383,1,1,1,12,9,15768500,2
1041,884,2,1,0,1,2,5564500,3
2676,2010,4,1,0,28,3,13032000,3
3257,2592,1,2,1,28,9,15396500,1
1404,1093,4,1,1,12,5,7878000,2
674,533,3,2,1,23,8,4423000,4
3485,2331,1,1,0,2,7,16492500,1
2775,1975,2,2,1,29,6,13357500,2
2689,1654,4,2,0,14,2,13520500,2
1979,1536,5,3,0,2,4,11165500,2
640,472,4,3,0,22,9,4690000,2
2681,2220,5,2,0,9,7,14134500,2
2300,1522,2,2,1,5,3,11550000,3
2001,1462,3,3,0,22,6,10364500,1
1187,776,5,2,0,21,8,7221500,3
2222,1742,3,3,0,13,8,11639000,4
941,803,4,3,1,8,8,6424500,2
2674,2218,2,1,1,17,8,13043000,1
1245,1099,5,1,1,7,10,7812500,2
1330,1185,4,3,0,26,6,7565000,1
767,637,1,3,0,5,10,4751500,3
1209,829,4,2,1,14,3,7060500,1
2915,1940,3,3,1,13,9,14957500,4
2372,1741,2,3,0,14,3,11744000,4
2640,2371,2,1,1,19,4,12650000,1
3468,2510,4,3,0,5,10,17806000,1
1054,695,1,2,1,21,1,5223000,1
2308,2038,3,3,0,11,2,11766000,1
1301,931,4,1,0,9,6,7374500,4
3281,2648,4,1,0,18,1,15854500,2
2199,1839,2,1,1,7,9,11155500,1
729,621,3,1,1,4,8,4850500,1
2445,2069,1,3,0,26,2,11482500,4
1986,1689,2,2,1,9,2,10007000,4
3466,2773,4,2,0,10,8,17397000,3
1292,931,2,2,1,19,8,6984000,1
1994,1595,2,3,1,13,1,10113000,3
1393,1185,5,3,0,13,5,8358500,4
628,442,2,3,1,28,2,3716000,4
748,515,2,2,1,1,1,4546000,2
1919,1349,3,3,0,29,3,9705500,1
2658,2034,2,3,0,25,3,12811000,3
3323,2046,1,1,0,16,10,15633500,4
1736,1447,4,1,0,14,9,9382000,4
786,504,3,2,1,28,10,4927000,3
3454,2210,2,1,1,22,1,16103000,2
3391,2235,1,1,0,25,2,15359500,4
1850,1430,4,1,1,26,9,9805000,1
1933,1325,3,3,0,2,5,10408500,4
697,495,1,1,0,2,9,4046500,1
654,575,2,1,0,2,6,4003000,3
3270,2793,5,1,1,25,10,16565000,1
3311,2833,5,3,1,27,10,17109500,3
1357,1049,3,2,1,28,3,7146500,1
1005,864,1,3,0,2,8,5782500,3
2716,2263,4,3,0,17,9,14132000,1
1912,1693,1,1,1,5,2,9254000,2
2385,1477,5,2,1,13,9,12972500,1
1350,821,3,1,1,25,4,7025000,1
2362,1541,2,1,1,2,8,11939000,2
964,847,1,2,0,0,5,5288000,4
2626,2052,5,2,1,9,6,13987000,4
1081,786,4,3,1,12,4,6774500,1
2848,2146,3,2,0,28,5,13806000,2
753,639,2,3,1,8,1,4628500,1
2124,1866,1,3,1,21,3,10338000,3
2720,2227,4,1,1,21,4,13570000,3
3360,2781,2,1,0,25,1,15470000,1
2943,2048,5,1,0,24,3,14613500,4
1640,1213,5,2,1,1,4,9610000,4
2264,1959,4,2,0,9,9,12058000,1
1840,1537,5,3,1,24,3,10200000,1
660,531,3,3,1,29,3,4190000,3
1538,952,4,3,0,11,4,8701000,4
2239,1369,5,2,1,18,9,12215500,1
2689,1718,1,3,0,2,9,13410500,3
624,483,5,3,0,18,1,4598000,4
1662,1264,3,2,0,0,8,9179000,2
730,644,2,1,1,25,10,4235000,3
1852,1497,2,2,1,14,1,9254000,4
707,486,5,3,1,22,2,5091500,4
771,499,2,1,1,25,10,4419500,3
2058,1759,5,2,0,12,5,11171000,2
701,517,3,1,1,6,6,4584500,3
3171,2524,2,1,1,1,2,15299500,4
2922,2248,1,3,0,21,10,14129000,1
2236,1413,5,2,0,19,5,11832000,1
3464,2137,2,3,1,10,3,16888000,3
1640,1169,3,2,0,22,7,8590000,4
929,658,3,2,1,15,1,5380500,1
2120,1700,1,2,1,13,5,10380000,4
611,482,3,1,0,29,3,3419500,3
1941,1728,3,1,0,22,2,9494500,1
815,698,2,3,1,14,3,4887500,4
938,702,5,2,1,19,10,6391000,1
2399,1799,4,2,1,18,4,12385500,3
3308,2653,3,1,1,6,2,16116000,4
2350,1490,3,2,1,8,2,11965000,1
2108,1897,4,3,0,3,3,11376000,3
3021,2282,3,2,1,5,2,15044500,1
1309,1142,2,2,0,22,6,6750500,1
1823,1622,2,1,0,9,2,8923500,2
3113,2410,4,2,0,2,1,15618500,2
1712,1080,3,3,1,20,8,9354000,3
1891,1459,3,3,1,27,10,10119500,2
1088,847,5,3,0,29,4,6616000,3
2161,1808,3,3,0,0,2,11324500,2
646,396,2,1,0,5,4,3807000,1
1377,1018,1,2,0,4,2,6916500,3
1639,1437,1,1,0,22,5,7685500,3
1310,1175,1,3,1,14,7,7015000,1
1000,657,1,2,0,24,6,5020000,3
2417,2081,3,1,1,10,2,12026500,3
849,546,3,2,0,19,4,4940500,2
990,843,5,3,0,24,8,6475000,3
934,638,3,3,1,12,7,5963000,4
1228,1090,1,2,1,5,7,6626000,1
736,595,4,2,0,4,4,5032000,2
3335,2400,4,3,1,1,1,16987500,2
2121,1451,2,1,1,16,7,10524500,4
1426,956,2,3,0,23,6,7457000,1
1326,1066,3,2,0,11,8,7447000,1
2100,1824,4,1,0,11,5,10880000,2
3241,2678,1,3,1,21,8,15614500,3
1589,1351,1,2,0,13,10,8090500,2
3019,2519,1,2,0,6,8,14565500,1
1534,1371,3,2,1,21,9,8383000,4
1001,828,3,1,0,25,1,5154500,2
2066,1369,5,1,1,28,3,10737000,1
1214,1016,1,1,1,13,6,6153000,2
1896,1320,1,1,0,6,4,9112000,3
1782,1601,3,2,1,8,8,9709000,2
3267,2329,3,2,1,13,10,16391500,2
2835,1950,5,1,0,20,1,14107500,1
1721,1156,5,1,1,16,5,9524500,1
730,582,2,2,0,16,4,4165000,1
3452,2184,4,3,0,24,1,16904000,2
1794,1589,1,3,0,20,10,9073000,3
782,538,1,2,0,29,6,3939000,4
963,663,5,1,0,12,10,6293500,4
638,391,5,1,1,28,3,4311000,1
3144,2118,2,2,1,26,5,15028000,1
1972,1431,4,3,1,28,6,10564000,2
1520,1080,2,2,0,17,4,7700000,4
3369,2297,4,2,0,18,10,16900500,1
615,376,1,2,0,16,10,3647500,3
1092,753,2,1,0,5,6,5914000,3
2049,1707,5,1,1,11,7,11200500,1
1731,1266,2,1,1,5,2,8739500,1
910,625,2,3,0,2,7,5605000,4
1338,925,1,2,0,14,7,6791000,4
1145,877,5,2,0,2,2,7112500,2
3061,2114,5,3,1,22,3,15734500,4
850,670,3,1,1,14,3,4945000,3
1358,1217,3,2,0,0,1,7461000,3
2404,1472,3,3,0,20,1,11968000,1
1897,1234,1,1,1,28,10,9126500,4
2231,1458,2,1,1,2,6,11249500,2
2514,1845,5,2,0,4,9,13583000,3
1413,865,5,1,0,26,9,7988500,3
628,466,2,3,0,13,1,3816000,2
1557,1368,5,1,1,3,7,9146500,2
2632,1588,2,2,0,21,6,12724000,3
1076,763,1,3,1,27,4,5552000,3
917,759,1,1,0,8,3,4616500,2
844,545,1,1,0,17,9,4408000,3
1347,839,2,1,0,9,10,7181500,1
1296,1022,2,3,1,7,5,7292000,1
871,525,4,1,0,29,8,5139500,2
2371,1992,5,2,1,12,4,12679500,4
1862,1154,5,3,0,1,4,10659000,2
3024,2290,4,3,1,19,6,15478000,2
865,711,4,1,0,24,6,5112500,4
1520,1022,1,3,1,19,3,7660000,4
939,592,4,2,0,6,2,5805500,4
988,644,2,3,1,10,9,6046000,1
3224,2761,3,2,1,4,2,15978000,3
2650,2151,2,1,0,28,9,12615000,1
1765,1163,4,3,1,17,8,9952500,3
975,794,5,2,1,7,10,6797500,1
2633,2139,2,1,0,26,7,12478500,3
2971,2671,5,2,1,25,5,15169500,1
745,534,2,3,0,9,3,4522500,4
2581,2218,5,3,0,1,2,13794500,2
892,654,2,2,1,2,8,5524000,1
1031,896,5,1,1,25,2,6089500,3
1304,818,3,1,1,22,8,7078000,4
2598,1695,1,1,1,4,5,12511000,1
3232,2763,2,1,1,15,9,15644000,1
998,844,3,2,0,9,4,5811000,4
3464,2395,1,3,0,10,8,16688000,1
1563,1217,2,2,1,18,7,8173500,2
2834,2025,3,3,1,15,8,14503000,1
2641,1592,3,3,1,11,5,13564500,2
2428,1475,3,2,1,1,2,12456000,2
2708,1668,4,2,1,10,7,14086000,4
1538,1196,5,1,0,21,3,8351000,1
1309,895,1,3,0,25,10,6790500,4
1406,904,5,1,0,0,10,8527000,1
2063,1820,5,1,1,23,10,11173500,1
1925,1225,5,2,1,4,10,11132500,3
610,489,3,1,1,20,2,3695000,1
1685,1462,5,1,0,13,3,9172500,4
2468,1602,4,1,0,17,4,12366000,2
2873,1908,2,2,0,6,10,14308500,1
3211,2479,3,1,0,4,7,15819500,3
1371,1031,1,1,1,7,10,7179500,4
2194,1659,2,2,1,20,1,10673000,1
2207,1691,2,2,1,14,6,11101500,4
1933,1710,2,2,1,24,6,9668500,3
1484,914,5,3,1,4,8,9248000,3
1989,1647,5,2,1,12,2,10860500,4
825,552,3,3,0,18,2,4952500,1
1424,1014,5,2,1,28,1,7948000,2
2865,1795,5,2,1,1,3,15072500,3
1536,1126,5,2,1,4,7,9232000,1
3400,2860,3,3,1,25,8,16850000,1
3153,1985,3,1,1,28,7,15228500,2
2906,1983,4,2,1,25,9,14777000,3
2511,1787,4,3,1,4,8,13569500,3
2396,1512,4,2,1,5,8,12832000,1
653,541,4,1,0,15,2,4138500,1
1326,1108,2,3,0,1,1,7197000,2
3336,2838,2,2,0,4,6,16232000,2
2144,1661,4,2,1,14,7,11468000,3
1643,1235,4,2,0,0,6,9293500,4
2513,1705,1,1,1,18,7,11948500,3
2376,1892,2,3,0,2,8,12252000,1
2196,1610,1,2,0,18,2,10322000,3
2514,2240,1,2,1,14,1,11933000,4
3066,2730,5,3,1,2,10,16507000,2
3337,2908,3,1,1,7,8,16526500,4
1449,1025,2,1,1,14,8,7590500,4
2709,1924,4,1,0,0,8,13990500,4
2863,2450,4,1,0,5,10,14683500,2
602,492,3,1,1,21,7,3889000,4
759,615,2,2,0,16,2,4195500,4
1380,943,4,2,0,15,4,7710000,4
1492,1268,4,2,0,12,9,8524000,1
2630,2035,5,3,1,0,8,14485000,4
2976,2184,1,1,1,2,4,14202000,2
1179,1013,4,3,1,23,8,7195500,4
2533,1819,2,1,0,5,10,12598500,4
1980,1576,3,1,1,19,6,10080000,2
1890,1398,5,3,1,20,9,10805000,4
2240,1742,2,2,0,25,1,10630000,2
1551,949,5,3,1,29,6,8949500,4
3282,2423,1,2,1,2,4,15779000,2
1587,1217,4,1,1,14,3,8561500,4
1818,1359,2,2,0,29,5,8851000,4
1520,1298,3,1,1,14,10,8310000,1
3385,2346,1,1,0,10,8,15932500,1
1955,1691,1,2,0,26,10,9477500,4
769,554,5,1,0,21,6,5040500,4
1120,905,1,2,0,5,1,5690000,3
2086,1305,2,3,0,5,6,10787000,2
639,421,5,1,0,8,7,4765500,3
2160,1789,1,1,1,13,6,10410000,1
2018,1218,3,3,1,25,3,10381000,1
1554,1383,2,1,0,28,9,7683000,1
1583,1040,3,3,0,10,10,8923500,1
1574,1369,3,3,1,23,10,8773000,4
637,480,5,1,1,5,4,4816500,1
2975,2288,4,3,1,17,5,15247500,4
1874,1171,5,3,0,19,5,10403000,4
1799,1276,2,3,0,14,3,9165500,1
2225,1439,2,1,1,21,2,10642500,1
1513,1146,5,3,0,8,8,9148500,2
1053,805,4,2,0,10,7,6488500,3
636,517,5,2,0,1,5,4992000,1
2311,1995,2,3,0,5,1,11549500,2
1395,1032,4,2,1,25,10,8027500,2
1572,1053,2,1,0,26,1,7404000,3
1192,834,4,3,0,25,8,7064000,4
1737,1483,4,1,0,25,4,8916500,1
1924,1238,5,2,0,22,4,10318000,3
2871,2262,5,2,1,13,9,15159500,1
917,553,5,2,0,13,2,5866500,2
2996,2018,4,2,0,23,5,14872000,2
2762,2147,4,1,1,12,6,14039000,4
3345,2465,2,3,0,24,6,16072500,2
1946,1455,3,1,0,4,10,10277000,2
2191,1748,5,3,0,8,3,11949500,3
2489,1668,2,2,0,24,10,12220500,1
2687,1838,2,2,1,28,6,12981500,1
2596,2090,1,2,1,10,10,12832000,3
2372,1806,5,2,1,6,10,13104000,4
1912,1155,2,1,0,1,5,9634000,1
1885,1510,1,3,0,23,8,9322500,2
815,640,5,3,1,11,4,5897500,1
2983,1860,4,2,1,4,10,15593500,2
2739,2257,1,1,0,28,10,12765500,4
3000,2269,4,2,0,26,3,14730000,3
3218,2128,3,3,0,23,6,15821000,1
3463,2658,3,3,0,1,10,17563500,3
2304,1793,3,1,0,13,9,11658000,1
3428,3003,3,3,0,6,8,17206000,2
962,791,2,1,0,4,10,5549000,3
3204,2212,3,2,0,3,8,16058000,1
2316,1471,2,2,0,9,3,11392000,2
1793,1534,2,1,0,28,1,8358500,3
955,815,5,2,1,15,3,6197500,3
790,515,2,1,0,5,3,4405000,1
3069,1898,2,2,0,20,6,14710500,1
1299,1056,3,2,0,5,3,7195500,1
2654,2167,2,3,1,8,2,13233000,2
2780,1815,4,3,0,0,9,14760000,1
1156,925,3,1,1,28,6,6192000,3
1425,974,1,2,0,15,5,7062500,3
3408,2311,3,2,1,26,3,16416000,1
1654,1153,2,2,1,16,7,8623000,1
3182,2405,4,3,0,12,7,16229000,4
1025,862,3,1,1,5,4,5962500,3
3319,2487,4,1,1,1,10,16965500,2
3010,2075,1,1,0,7,2,14005000,4
2174,1880,1,2,0,22,2,10143000,1
2729,1682,5,1,0,21,8,13960500,1
3003,2519,5,3,0,3,4,15753500,3
1188,992,3,3,0,8,7,7036000,1
2612,1765,5,1,0,22,3,13164000,2
2147,1415,4,2,1,6,9,11741500,3
894,770,5,3,1,20,10,6373000,1
2585,1984,4,3,0,0,9,13882500,3
1847,1133,5,2,0,13,7,10301500,1
2148,1862,5,2,0,29,7,11336000,1
2290,1613,5,1,0,1,1,12035000,1
1736,1219,2,3,1,7,10,9522000,2
1856,1471,2,3,1,10,8,9902000,2
2664,2126,5,1,0,4,2,13708000,3
959,677,4,1,1,17,8,5925500,1
1299,835,3,3,1,11,2,7375500,1
1047,801,1,3,0,20,1,5261500,2
3012,2372,2,2,0,23,8,14494000,1
1274,1093,5,2,1,19,4,7603000,2
1607,1197,1,3,0,18,10,8271500,1
1949,1546,2,3,0,4,6,10190500,3
3114,1919,3,2,0,28,10,15253000,1
3061,2658,4,1,1,6,10,15704500,1
1185,827,5,1,1,1,1,7212500,4
1856,1465,3,3,1,16,9,10132000,2
1847,1615,2,3,1,12,7,9771500,1
1593,1343,5,2,0,10,5,9118500,1
2035,1610,1,3,0,4,6,10277500,4
1171,949,4,1,1,12,3,6729500,4
2982,2613,2,2,1,28,9,14459000,2
1845,1556,4,2,0,22,2,9562500,4
2684,2101,5,1,1,12,10,14188000,3
1588,1266,3,1,1,7,1,8306000,4
877,564,4,2,1,10,1,5546500,3
1819,1347,1,3,1,7,10,9595500,2
2487,1716,2,1,1,9,2,12061500,2
1083,790,1,2,1,24,6,5543500,2
1865,1489,4,3,1,26,6,10122500,2
1330,857,3,3,0,10,9,7735000,2
2839,1718,3,2,0,27,10,14035500,3
1640,1179,1,1,0,0,4,8080000,3
3171,2209,5,3,1,6,8,16799500,2
1517,1101,5,1,0,25,4,8226500,4
3048,2680,3,2,0,7,3,15026000,1
1485,1206,1,1,0,5,4,7282500,2
3352,2340,1,3,0,25,1,15534000,4
621,405,1,2,1,13,9,3834500,1
1073,842,4,3,0,27,5,6338500,2
2857,2277,5,3,0,19,7,14926500,2
2953,2200,5,2,0,6,3,15218500,3
1303,864,4,2,0,2,5,7673500,1
1286,782,2,1,1,1,10,7217000,1
884,600,4,2,1,21,4,5508000,4
1315,969,1,1,0,17,7,6427500,3
1362,1139,4,2,0,21,5,7559000,3
1850,1583,1,3,0,25,2,8825000,3
1547,1119,3,1,0,2,3,8171500,3
3028,2539,1,2,1,13,8,14616000,1
3107,2790,5,1,1,17,3,15641500,1
1630,1328,4,1,0,12,7,8845000,2
628,514,1,1,1,7,5,3586000,2
1506,1314,2,3,1,3,7,8417000,3
2726,1912,3,2,0,14,10,13787000,3
3106,1874,2,2,0,11,9,15207000,3
1169,1047,2,1,1,13,7,6300500,2
2606,1947,2,2,1,19,6,12797000,4
2053,1715,3,3,1,6,1,10818500,4
1337,1128,3,1,0,23,4,6856500,2
1115,801,3,3,0,11,8,6697500,2
2600,1982,3,3,0,28,1,12690000,2
3044,2319,2,2,0,8,6,14838000,2
638,424,5,2,1,9,2,4841000,2
1486,944,5,1,0,7,9,8697000,2
3444,2628,3,3,1,29,8,16968000,3
2804,1783,4,2,1,19,9,14438000,3
1698,1195,1,1,1,1,9,8721000,3
2423,1589,4,1,1,25,2,12053500,3
2310,1875,4,2,0,15,2,11795000,2
1573,1355,4,3,1,20,9,9078500,4
2162,1672,5,1,1,22,2,11239000,1
3496,2527,1,2,0,17,4,16292000,2
3395,3052,4,1,1,19,2,16547500,1
1588,962,3,2,0,21,1,8076000,4
620,428,5,1,0,23,10,4530000,3
2950,2016,3,3,0,9,7,14945000,4
1468,1037,3,1,0,28,5,7396000,2
683,457,4,2,1,5,3,4873500,3
2282,1550,3,2,0,5,8,11869000,2
2576,1744,1,2,1,21,5,12272000,3
2010,1510,3,3,1,19,1,10365000,1
2130,1527,4,2,0,12,9,11395000,1
1169,925,3,2,1,18,5,6600500,1
1533,1156,5,3,1,16,3,8978500,4
2580,1689,5,2,1,1,6,13940000,2
2455,2069,5,2,0,17,8,13007500,4
1392,1032,2,3,1,25,2,7214000,1
1391,898,5,1,0,6,3,7989500,2
2409,1566,5,2,0,26,7,12570500,1
1894,1589,2,1,0,13,2,9163000,4
3139,2545,5,3,1,21,5,16205500,4
2855,2146,4,2,1,14,9,14767500,4
2207,1526,5,2,1,7,7,12191500,1
1683,1242,5,3,0,8,3,9663500,2
3077,2433,2,2,1,20,2,14696500,2
1584,1368,4,1,0,10,10,8828000,1
2280,1748,3,1,0,2,9,11770000,2
1119,764,1,3,1,19,9,6155500,1
1190,729,4,2,1,13,9,7295000,2
1650,1076,3,2,0,26,10,8705000,3
2309,1835,4,3,0,7,3,12200500,3
2635,1707,3,1,1,2,1,13117500,4
2846,2118,3,1,1,17,9,14167000,3
3034,2456,4,3,1,22,7,15513000,3
948,656,2,2,0,13,2,5106000,3
1559,1248,4,1,1,19,6,8485500,1
2563,1984,4,2,1,28,9,13173500,3
1292,945,3,1,0,7,8,7174000,3
2159,1876,1,2,0,16,6,10395500,4
977,789,3,1,1,7,6,5806500,3
1126,797,5,2,1,4,8,7437000,3
3381,2844,4,3,1,11,9,17394500,2
2853,2343,4,1,0,1,8,14618500,4
3102,2597,2,3,1,16,1,15039000,4
1859,1472,3,1,0,12,2,9325500,4
2475,1766,2,1,1,21,6,11967500,4
2363,1664,4,1,0,13,8,12173500,4
1120,891,3,2,1,8,4,6530000,4
2301,1470,3,1,1,8,4,11644500,1
1616,1367,5,3,1,8,2,9462000,3
3373,2398,5,2,0,26,10,17058500,4
1613,1272,1,2,0,19,1,7628500,3
3148,2360,5,1,0,5,10,16266000,3
716,541,3,2,0,29,9,4392000,1
3033,2491,5,1,1,11,7,15628500,4
1967,1549,1,3,0,9,9,10021500,2
1183,798,4,2,0,21,2,6603500,1
994,618,5,2,1,4,10,6943000,2
1687,1437,3,3,0,17,5,9001500,3
3368,2914,4,3,1,6,2,17086000,3
671,435,3,1,0,12,10,4379500,1
873,604,4,2,0,0,7,5878500,1
2613,1789,3,3,1,5,9,13758500,2
1943,1712,5,2,1,20,3,10543500,4
937,619,5,3,1,20,1,6116500,2
1989,1292,1,2,1,7,4,9860500,1
1206,789,4,3,0,8,4,7267000,2
765,626,1,2,0,6,6,4322500,1
2167,1877,2,1,1,9,5,10771500,2
2658,1908,5,2,1,28,5,13701000,1
1924,1232,4,1,0,7,9,10368000,1
1328,1030,1,1,1,29,1,6096000,1
3448,2285,1,1,0,1,8,16396000,4
2643,1636,2,2,1,17,8,13103500,2
701,606,1,2,1,27,8,3864500,2
2015,1735,3,1,1,14,3,10187500,2
1378,1230,5,3,1,23,10,8491000,1
813,603,1,2,0,5,8,4658500,2
1711,1177,1,2,1,23,2,8189500,2
2176,1808,2,2,0,13,8,10932000,1
3048,1993,3,2,1,24,8,15086000,3
3235,2177,1,1,1,24,3,14877500,1
2295,1553,5,3,0,26,4,12107500,2
1191,1054,5,3,1,21,9,7639500,1
1933,1583,1,3,0,23,9,9588500,3
1709,1093,3,3,1,17,10,9500500,1
2739,1719,5,1,0,23,9,14015500,2
3320,2831,5,2,1,2,10,17450000,3
1313,1103,3,2,1,29,6,7078500,4
1535,1229,3,1,1,0,1,8207500,2
2551,1680,1,2,1,22,8,12289500,3
841,625,4,1,1,0,9,5784500,3
2643,2063,2,3,0,13,8,13233500,4
601,528,4,1,0,26,1,3634500,1
2872,1869,4,2,0,0,6,14824000,1
3448,2601,5,2,1,0,9,18016000,2
2368,1532,3,2,1,3,9,12496000,4
2549,1868,5,3,1,28,7,13510500,1
3236,2135,2,1,0,29,7,15132000,4
2763,2350,1,1,0,11,4,12913500,1
1517,1026,2,2,0,14,7,7896500,3
2841,2060,5,1,1,28,10,14574500,1
689,497,5,2,1,29,5,4820500,4
2309,1985,5,1,0,27,10,12050500,3
2769,2290,5,3,0,3,5,14750500,3
742,458,4,3,0,29,1,4609000,3
705,437,1,1,0,9,2,3592500,4
1486,1137,4,3,1,10,9,8887000,2
1027,747,5,3,0,5,2,6721500,2
1928,1316,3,3,1,27,10,10286000,2
2495,2090,4,2,1,9,2,12897500,4
2594,1656,5,1,1,11,9,13753000,3
916,817,5,1,1,2,3,6082000,2
2586,1570,1,2,1,14,2,12307000,4
1234,784,2,2,1,15,7,6753000,2
2525,1750,4,3,0,9,9,13432500,1
2656,1999,4,1,0,21,6,13232000,2
3421,2274,4,2,0,28,7,16784500,2
2870,2355,5,3,0,22,3,14725000,3
2039,1442,1,1,1,10,3,9775500,4
1152,704,5,3,0,15,8,7384000,3
1315,1135,5,1,1,16,7,7797500,3
1887,1666,3,3,0,13,5,9981500,3
2313,1817,1,1,0,15,6,10908500,3
2483,2090,4,1,1,13,9,12913500,3
1707,1086,2,1,1,5,3,8681500,2
1941,1321,4,1,0,9,3,10104500,3
710,495,5,3,0,16,6,5275000,3
850,754,1,2,1,22,8,4635000,4
3030,2283,1,1,1,9,5,14355000,1
2654,1598,1,1,1,20,1,12243000,2
1058,755,3,1,1,9,3,5981000,2
1707,1028,4,1,1,13,8,9371500,2
807,541,3,3,1,19,4,5101500,3
1499,1103,2,2,1,16,9,8025500,3
621,432,5,2,1,8,6,4984500,3
1009,615,3,2,1,14,10,6210500,4
1494,948,3,3,1,6,4,8453000,1
1114,852,5,2,0,1,4,7093000,3
1408,1138,1,3,1,3,10,7826000,1
1473,1062,5,3,1,19,5,8748500,4
613,502,4,1,0,23,7,4048500,2
1570,1018,5,3,1,17,7,9325000,3
2734,1740,1,2,0,10,10,13303000,1
2160,1839,5,2,1,4,7,12040000,1
1924,1350,3,2,0,25,5,9708000,3
1866,1361,2,1,1,7,9,9657000,2
2769,2448,3,1,0,21,2,13240500,2
1349,981,2,1,0,19,8,6890500,2
1284,771,5,3,1,4,10,8448000,4
2527,2227,4,2,1,1,8,13501500,1
2956,1786,5,3,0,4,3,15472000,1
1294,1033,1,3,0,2,5,6933000,1
2935,2045,5,2,0,11,8,15287500,4
906,671,2,1,1,18,10,5167000,1
2589,1978,3,2,0,6,9,13280500,4
1261,911,4,3,0,18,7,7464500,2
1148,955,5,3,0,3,4,7406000,3
911,800,5,1,0,22,4,5559500,1
1682,1052,3,3,1,13,3,9109000,1
2337,1963,4,3,1,18,8,12506500,2
1354,864,5,2,0,25,6,7793000,3
634,395,5,1,1,25,10,4703000,4
1044,925,2,2,1,28,6,5588000,3
2740,2046,2,2,0,17,10,13490000,2
2582,1667,1,2,0,25,10,12319000,2
1830,1410,3,3,1,6,9,10215000,3
952,646,4,3,1,14,3,6104000,4
1502,1110,5,1,0,20,4,8259000,4
1955,1539,5,3,0,0,3,11047500,1
2348,2021,1,1,0,11,3,10996000,4
758,455,5,2,0,25,1,4861000,3
2577,1711,3,2,0,28,10,12836500,2
1556,978,1,3,1,23,6,7892000,1
2671,1680,3,3,0,18,9,13609500,1
1003,886,1,1,0,26,5,4743500,2
3452,3040,5,3,0,22,10,17694000,4
1115,919,1,3,0,5,2,5917500,2
3379,2679,2,3,1,25,10,16555500,4
1987,1697,4,2,1,27,4,10351500,2
3179,1963,5,3,1,12,6,16615500,3
1555,988,4,3,1,29,7,8717500,4
2799,1945,5,2,1,5,7,14895500,3
2312,1964,4,2,1,12,4,12114000,1
1207,895,2,2,0,14,10,6651500,2
3067,2303,4,2,0,28,10,15341500,1
1873,1252,1,3,0,15,5,9278500,1
2135,1696,4,3,1,7,4,11617500,1
3225,2793,5,3,1,12,10,17022500,1
2982,2083,3,1,1,12,6,14729000,2
2041,1603,4,2,0,27,7,10594500,1
2397,1676,4,3,1,28,2,12276500,2
894,749,4,3,0,19,10,5943000,2
1354,1005,5,3,1,19,3,8113000,3
1994,1399,4,2,0,11,8,10753000,4
785,569,5,2,1,18,7,5572500,4
1869,1172,5,2,0,16,1,10040500,2
1236,1062,3,3,0,29,4,6682000,3
1891,1678,1,2,1,25,5,9109500,2
1129,839,5,3,1,2,3,7440500,2
2668,1777,2,1,0,14,4,12726000,2
1393,1113,4,2,1,16,10,8198500,3
2747,2021,2,2,1,5,10,13911500,4
3399,2296,4,3,0,23,10,17135500,3
1077,658,3,2,0,18,7,6136500,1
2222,1926,5,2,0,29,8,11719000,3
1539,1291,1,3,1,11,9,8205500,3
1125,954,5,3,0,3,2,7202500,3
2981,2181,4,3,1,20,4,15164500,3
601,496,1,1,1,22,1,2964500,4
974,754,5,3,0,11,3,6413000,1
2940,2094,1,2,1,26,8,13960000,4
3484,2971,4,1,1,21,7,17158000,4
1152,1036,3,3,0,1,8,7064000,3
2965,2578,3,1,0,6,6,14622500,2
2125,1769,5,1,1,15,5,11362500,2
2451,2020,2,2,0,23,10,12069500,4
980,779,4,1,0,29,9,5680000,4
2246,1922,5,3,1,11,5,12387000,3
613,458,5,1,0,15,9,4608500,4
1103,721,3,1,0,13,4,6003500,3
2878,2389,1,2,1,0,5,14051000,2
2608,2284,4,2,1,21,1,13116000,2
729,512,1,3,1,26,6,4110500,1
1437,1199,4,2,0,8,3,8056500,2
2640,1800,2,3,0,6,10,13460000,4
627,553,3,3,1,4,2,4491500,2
2713,2184,2,2,0,28,6,12948500,3
1852,1427,5,1,0,29,1,9504000,2
860,717,3,2,0,9,9,5440000,1
2646,2233,5,1,0,26,5,13337000,2
2072,1797,2,1,1,9,7,10444000,3
2047,1781,4,3,1,24,10,11181500,3
1059,652,5,3,0,17,9,6975500,4
900,573,1,2,0,6,9,5080000,2
2934,2487,4,1,0,24,7,14473000,3
1229,1086,4,2,1,17,4,7140500,1
869,601,2,3,1,12,4,5220500,4
3239,1951,2,1,1,10,7,15675500,1
2593,1806,3,2,1,9,8,13338500,2
2228,1592,3,2,1,21,7,11406000,2
2401,1988,1,3,0,8,10,12044500,2
3491,2144,4,3,0,14,4,17429500,4
1461,969,1,3,1,13,4,7564500,3
1880,1632,1,3,1,2,8,9870000,4
2780,1797,2,2,0,23,9,13500000,1
2399,1985,1,3,1,13,7,11935500,4
2306,1633,1,3,0,20,3,11027000,1
3160,2524,5,2,1,15,10,16470000,4
2960,1841,3,2,0,22,1,14230000,3
1175,806,3,1,1,28,5,6227500,1
2603,1893,4,2,0,27,6,13073500,2
1907,1634,3,1,0,2,9,10091500,2
2556,1965,4,3,1,7,5,13562000,4
3334,2045,5,1,1,1,1,16883000,2
2620,2202,3,1,1,28,4,12680000,1
2812,1733,5,3,1,23,2,14544000,2
2952,2598,3,3,1,1,4,15114000,3
2255,1496,3,3,0,22,7,11557500,3
2179,1626,5,1,1,17,9,11765500,4
2447,1521,1,2,1,6,3,11891500,1
2803,2154,1,2,1,16,3,13293500,3
1990,1490,1,2,1,5,4,9905000,3
2342,1693,1,3,0,9,7,11609000,1
2525,1541,3,3,1,6,6,13192500,2
1219,1052,2,2,1,3,5,6825500,2
1874,1575,5,3,1,10,4,10683000,4
1556,1229,2,1,1,15,8,8052000,2
2539,1959,2,1,0,26,4,11905500,1
2981,2410,4,3,0,16,3,15044500,3
1568,1008,1,2,0,27,7,7566000,2
3158,2778,3,2,0,5,2,15511000,4
1916,1313,1,1,0,19,4,8942000,2
1643,1309,1,3,1,18,8,8483500,1
881,688,2,2,0,19,4,4784500,4
3444,2724,4,2,0,21,10,17178000,2
2766,2388,1,3,1,20,7,13447000,4
1658,1141,5,3,0,17,2,9321000,1
797,657,5,2,0,14,5,5456500,3
3132,2441,1,3,0,1,4,15174000,1
1682,1047,2,3,0,18,9,8859000,1
3484,2523,2,3,1,26,7,16858000,1
1784,1518,3,2,0,5,9,9678000,1
1608,1116,4,1,0,11,10,8916000,3
3338,2485,2,3,0,29,7,15991000,3
1829,1365,3,2,0,0,2,9630500,4
1635,1284,5,1,0,26,2,8637500,2
1089,942,5,2,1,22,2,6610500,3
875,570,5,2,0,23,5,5627500,3
3340,2509,1,2,0,22,1,15340000,2
2889,2101,4,1,1,10,7,14700500,3
1839,1266,3,2,1,18,2,9465500,1
1874,1641,4,1,0,21,4,9613000,1
725,436,1,3,1,29,9,4182500,2
816,519,3,1,0,3,8,5112000,4
1808,1482,3,2,0,20,10,9536000,4
1846,1253,2,1,0,18,2,8847000,2
3142,2566,4,2,0,20,4,15539000,2
3074,2611,4,3,1,5,4,15883000,1
1518,1026,2,1,1,7,2,7741000,4
1917,1260,5,3,1,27,2,10436500,3
2798,1800,1,1,1,21,5,13071000,1
3031,2000,4,2,0,8,4,15279500,2
2261,1537,2,1,0,9,8,11194500,4
907,780,3,3,0,9,4,5601500,3
1959,1627,2,1,1,29,8,9585500,3
2569,1542,5,3,0,9,5,13730500,1
3393,2925,1,3,0,25,1,15718500,4
1491,929,5,2,0,3,9,8999500,4
974,775,3,1,1,17,8,5693000,2
2633,1699,3,3,1,11,1,13328500,4
1964,1215,3,2,1,24,3,9958000,4
728,602,3,2,1,10,3,4676000,1
1614,1194,2,2,0,15,5,8213000,4
2399,1870,3,3,0,18,7,12285500,3
3316,2412,3,1,0,10,1,15872000,1
1981,1228,2,3,0,22,1,9724500,1
1116,917,3,2,1,3,10,6912000,2
2118,1792,5,3,0,11,6,11711000,4
685,419,5,3,0,27,5,4892500,2
1798,1281,4,2,1,16,3,9671000,3
2958,2269,5,1,0,23,3,14701000,1
1742,1361,1,2,0,12,4,8499000,1
3074,2377,1,2,1,27,10,14643000,1
2593,2094,1,3,1,3,2,12758500,3
2761,2457,2,2,0,26,9,13354500,3
902,646,5,3,0,5,4,6259000,2
3391,2600,1,2,0,6,10,16339500,2
1187,961,4,2,0,7,3,6951500,2
1586,1233,2,1,0,25,10,7937000,4
2463,1763,4,2,1,1,7,13163500,1
944,743,5,1,0,8,9,6238000,1
1413,1123,3,2,0,9,2,7578500,2
2587,2006,4,2,0,28,6,12981500,1
3448,2280,3,2,0,18,5,16706000,2
1910,1435,2,1,0,0,1,9445000,4
2599,2248,4,3,0,15,7,13545500,4
2277,1959,4,1,0,17,1,11356500,3
1927,1590,2,2,0,7,10,10031500,4
1692,1369,2,3,0,9,9,9084000,2
3008,1943,1,2,1,21,4,14166000,4
1609,1187,5,1,1,10,8,9290500,3
1303,825,4,1,0,16,1,6993500,1
1174,992,4,3,0,26,5,6813000,2
2208,1517,2,1,0,24,3,10406000,1
1712,1421,2,2,0,6,4,8784000,3
1287,1086,5,3,0,25,4,7591500,3
3428,2974,2,2,0,26,8,16306000,3
3232,2670,3,3,1,2,10,16654000,1
3236,2489,3,3,0,28,10,16002000,1
1088,848,3,2,1,6,3,6376000,1
1947,1355,3,1,1,5,1,9961500,1
1093,713,5,2,1,2,5,7178500,3
2267,1449,4,1,1,7,2,11711500,3
2237,1464,3,1,1,0,6,11616500,2
618,543,2,2,1,4,4,4051000,2
3044,1976,3,3,1,23,9,15338000,1
1600,1307,5,2,1,18,7,9240000,4
1450,950,2,3,1,26,2,7455000,4
1988,1774,3,1,0,12,7,10156000,3
1954,1387,4,3,0,25,10,10593000,3
1967,1423,2,2,1,10,8,10201500,3
1421,1025,2,3,1,27,3,7354500,2
1054,890,4,1,1,21,3,6023000,2
2224,1480,2,1,0,25,2,10408000,3
3372,2863,3,3,0,10,1,16524000,3
1310,1044,2,1,1,1,3,6975000,3
2790,1858,3,1,1,8,10,14145000,4
1516,939,4,3,1,1,7,9102000,2
3475,2892,1,1,1,20,9,16337500,4
3252,2164,4,3,1,18,9,16674000,4
2096,1816,3,3,1,25,6,10882000,3
2040,1303,5,1,0,11,6,10960000,3
904,709,4,3,0,8,5,5958000,1
1335,1078,5,1,0,8,2,7647500,1
2938,2342,5,1,1,22,7,14981000,4
2563,1780,3,1,1,9,1,12653500,2
2749,2371,3,2,0,4,6,13890500,3
2609,2167,1,1,0,8,4,12280500,3
3489,2627,2,3,1,22,3,16760500,4
1561,1219,4,3,0,17,1,8534500,1
1626,1251,3,3,0,9,6,8937000,2
2732,2415,4,2,0,16,7,13924000,1
2975,2585,5,2,0,25,1,14837500,1
3463,2322,2,3,1,9,1,16803500,1
2073,1407,1,3,1,13,7,10468500,1
3101,2773,4,2,1,3,6,15944500,3
2547,1708,2,3,1,9,7,12981500,3
3276,2902,1,1,0,23,8,15182000,1
1777,1412,4,1,0,21,8,9376500,2
1264,777,2,3,0,29,9,6758000,4
611,428,3,1,1,17,9,4109500,2
1756,1304,4,3,1,4,7,10122000,2
903,767,2,2,1,8,9,5503500,2
2363,1650,1,3,1,5,6,11883500,1
3430,2377,2,2,0,15,9,16585000,3
642,562,3,1,1,21,2,3819000,2
1543,962,4,1,0,22,2,8003500,1
2990,2288,4,1,0,15,6,14855000,2
1949,1464,4,3,0,28,3,10160500,2
3145,1941,3,2,1,10,2,15502500,1
3011,1885,1,2,1,20,8,14399500,3
1490,1064,4,1,0,14,7,8175000,3
3074,1968,1,1,0,18,8,14373000,4
1604,1192,2,2,1,2,6,8628000,1
620,485,1,3,1,15,9,3990000,4
1006,812,1,1,1,20,9,5227000,4
3266,2495,4,3,1,19,2,16367000,4
1614,1152,5,1,0,4,10,9383000,3
935,597,5,1,0,29,5,5577500,1
2438,1643,3,3,0,8,9,12761000,4
1747,1268,3,3,0,4,3,9431500,1
3046,2672,5,3,0,3,5,15997000,1
3440,2273,2,3,0,12,8,16840000,3
2427,1757,4,2,1,19,2,12391500,4
1314,1077,4,2,0,16,6,7493000,4
650,527,2,1,1,25,4,3575000,1
923,821,2,1,1,19,6,5023500,2
1388,912,5,1,0,11,3,7876000,3
740,447,3,2,1,29,6,4500000,3
1069,744,2,3,0,19,7,5980500,3
1386,893,3,1,0,24,10,7357000,3
2425,1854,1,2,1,26,3,11392500,4
1957,1701,4,1,1,19,5,10226500,4
2516,2029,5,2,1,6,8,13652000,2
1563,1001,4,3,1,0,2,9083500,3
972,617,5,2,1,29,7,6194000,3
3141,2743,1,3,1,15,1,14934500,1
2292,1710,4,1,1,6,7,12094000,4
3398,2980,1,3,1,29,1,15811000,3
1779,1460,5,2,1,1,4,10235500,2
2938,2638,2,1,0,11,4,14001000,2
2271,1956,4,1,0,10,5,11669500,4
705,510,1,2,1,7,2,3982500,2
2043,1690,4,3,1,0,6,11443500,2
3317,2459,4,2,1,25,6,16476500,4
2281,1528,4,3,0,2,8,12424500,3
601,404,3,3,0,7,10,4564500,3
3236,2327,1,1,1,25,1,14762000,2
3291,2084,1,3,1,7,4,15919500,2
2737,1788,4,1,1,10,2,13766500,3
949,711,2,2,1,28,8,5260500,4
1886,1671,4,2,0,20,4,9887000,2
1662,1285,3,1,0,4,8,8899000,1
2806,2027,5,1,1,7,2,14437000,4
2959,1990,3,3,1,25,4,14665500,2
1044,687,2,1,0,20,9,5548000,2
2945,2348,4,2,0,8,5,14942500,1
1551,1325,1,1,1,16,6,7609500,1
635,456,4,1,1,4,10,4827500,3
1707,1306,2,1,0,18,9,8571500,4
2075,1684,1,3,0,18,9,10327500,4
2398,1480,3,1,0,1,7,12221000,3
2445,1724,5,3,1,18,2,12992500,4
2008,1644,5,3,0,22,7,11046000,4
1795,1445,4,1,1,14,9,9797500,4
1999,1231,3,3,0,7,2,10455500,4
2308,1549,2,1,0,27,7,10996000,4
1985,1595,5,2,0,23,7,10722500,1
3206,2184,3,2,1,26,3,15507000,4
2788,2353,4,3,1,7,6,14656000,1
1900,1156,1,2,0,0,8,9650000,4
3373,2216,4,1,1,13,10,16968500,3
1843,1261,4,3,0,10,8,10293500,2
1120,982,3,1,1,6,3,6320000,1
2406,2018,5,3,0,17,6,12887000,4
609,526,3,3,0,26,2,3820500,3
1583,1158,1,3,1,14,2,7993500,2
3025,2561,3,3,0,9,8,15332500,1
2256,1931,2,2,1,3,10,11742000,2
2260,1627,4,2,0,20,5,11620000,3
3329,2990,5,2,1,27,5,16740500,1
3231,2763,1,3,0,0,4,15639500,2
2799,2497,4,2,0,13,10,14435500,4
1319,1134,3,3,1,19,4,7405500,1
1672,1392,2,2,0,19,8,8544000,2
1458,1287,3,3,1,24,3,7881000,3
1916,1390,4,2,0,8,3,10212000,3
2203,1839,1,2,0,12,8,10773500,1
649,430,5,2,0,28,3,4410500,2
3311,2714,4,3,0,26,2,16279500,1
3178,2655,1,3,1,25,5,15101000,1
745,607,4,2,1,16,3,4932500,2
1514,1294,2,3,1,23,6,8003000,2
2062,1492,3,1,0,19,7,10349000,4
2889,2205,5,2,1,3,3,15140500,2
1180,711,1,2,1,4,9,6530000,3
3334,2146,5,1,0,17,10,16863000,1
2184,1732,5,3,1,16,1,11808000,1
1082,831,5,3,0,20,7,6919000,3
1849,1218,1,3,0,6,4,9300500,2
1272,856,1,2,1,9,7,6744000,3
1230,864,5,2,1,8,9,7875000,3
3308,2695,3,2,1,27,9,16246000,4
1261,987,4,2,1,27,1,6934500,3
3452,2143,5,2,0,12,10,17694000,1
3066,2538,2,3,1,17,4,15007000,3
1587,1077,5,1,0,11,7,8971500,1
2146,1720,1,3,1,7,10,11067000,1
1249,795,4,3,0,22,6,7280500,1
1568,1410,2,2,1,17,9,8316000,2
3237,2020,4,1,1,4,7,16386500,4
1700,1398,4,1,0,6,3,9080000,1
3156,2406,2,3,1,14,7,15622000,1
1040,650,5,1,1,2,10,6990000,2
1520,924,5,3,1,17,5,9000000,1
1369,970,5,3,1,5,2,8410500,3
1943,1633,3,3,0,25,10,10243500,3
2426,1485,5,3,0,28,3,12607000,4
862,699,2,2,1,5,6,5229000,1
2177,1734,3,1,0,26,6,10676500,2
3284,2232,5,2,1,19,7,16798000,3
3106,1935,3,2,0,0,6,15577000,2
1598,1397,2,2,0,20,9,8241000,2
1299,896,5,3,0,16,5,7875500,3
2949,1867,1,3,1,10,5,14370500,2
2203,1772,2,2,0,29,8,10733500,3
1841,1224,4,2,0,26,8,9764500,2
1725,1281,4,1,1,23,1,8902500,3
3201,1969,2,2,0,1,3,15534500,1
2935,2635,4,3,1,24,6,14977500,4
1790,1314,2,2,0,8,6,9195000,3
3268,2940,1,1,1,18,1,15046000,3
1605,1148,2,1,0,5,2,8022500,4
635,447,5,2,1,24,10,4927500,3
1343,1174,5,1,0,6,7,7973500,3
2364,1652,3,1,0,3,1,11728000,2
952,694,4,3,1,2,10,6694000,4
2522,1572,4,1,0,1,5,12979000,1
672,595,2,1,0,9,1,3694000,3
3295,2061,4,2,1,9,6,16697500,4
1976,1642,5,3,1,16,7,11172000,2
2514,1914,1,1,0,26,8,11693000,1
1693,1046,2,2,1,15,3,8618500,4
3072,1844,4,2,0,25,3,15074000,1
1307,1151,5,2,1,26,1,7461500,1
2404,1977,3,2,1,0,3,12418000,1
3208,2585,4,2,1,11,5,16216000,3
3475,2542,1,2,1,19,6,16407500,3
1555,1044,1,1,0,19,3,7267500,2
3164,2543,4,3,1,24,4,15908000,2
3075,2406,4,3,0,9,5,15707500,4
759,620,5,2,0,0,5,5565500,2
2796,1984,4,2,0,15,9,14332000,1
3423,3067,3,3,0,10,8,17103500,1
2335,1447,5,1,0,3,1,12197500,3
2185,1363,2,2,1,2,2,11042500,1
666,582,3,3,1,24,5,4417000,4
3028,2405,5,3,0,12,3,15636000,1
657,458,5,2,0,20,7,4806500,1
941,779,1,3,1,14,6,5304500,4
1753,1289,5,1,0,24,2,9208500,2
3374,2045,3,3,1,9,8,17053000,2
1795,1427,4,2,0,5,5,9827500,4
3417,2299,3,2,1,10,6,16926500,3
3261,2069,2,3,1,24,8,15944500,1
1832,1223,5,3,0,0,6,10644000,4
3001,2229,5,2,1,28,10,15494500,1
2094,1287,5,1,0,19,3,10893000,3
2421,2094,5,3,1,3,7,13434500,1
715,549,1,1,1,29,4,3487500,4
1261,867,1,1,0,25,6,5974500,1
2065,1664,4,2,1,9,6,11162500,2
3100,2607,5,2,1,21,5,15830000,3
2468,1935,2,2,0,25,1,11656000,3
2934,1938,4,1,1,14,8,14873000,3
1616,1023,5,2,0,28,10,9112000,4
910,780,1,2,0,0,2,4895000,3
807,541,2,1,1,25,4,4281500,2
3265,1978,4,1,0,20,3,15842500,4
3093,2452,2,1,1,14,6,14888500,2
3317,2142,5,1,1,2,1,16786500,1
1232,1105,3,3,0,0,9,7494000,1
2702,2326,2,2,1,5,5,13459000,1
1256,982,2,3,1,18,5,6892000,1
2023,1719,1,1,1,3,4,9893500,2
2531,1875,5,1,0,11,4,13069500,4
3162,2645,2,1,0,24,1,14599000,4
2279,1809,5,1,1,1,9,12535500,3
836,508,1,1,0,16,9,4392000,2
947,837,5,2,1,25,4,6011500,1
3274,2809,1,3,1,5,10,16183000,2
1229,1088,1,3,0,11,10,6710500,3
2140,1753,4,2,0,14,4,11150000,3
2603,1883,5,2,0,16,7,13643500,2
1871,1238,3,2,1,0,4,10069500,2
963,629,4,3,0,13,1,5923500,2
2968,1909,1,3,1,22,9,14416000,4
885,589,3,1,1,1,2,5312500,1
748,572,2,3,1,3,5,4906000,2
1707,1374,2,3,0,19,4,8701500,2
3053,2119,4,2,0,1,8,15718500,2
1055,806,3,3,0,21,6,6127500,3
2366,1661,5,1,1,25,7,12347000,3
1399,1131,3,3,1,13,2,7785500,4
1784,1599,4,2,0,17,4,9488000,1
1612,1300,5,2,0,27,4,8814000,4
3431,2119,5,1,0,7,2,17099500,1
3107,2309,2,1,0,19,10,14901500,3
2123,1764,3,3,0,0,4,11253500,3
3385,2581,5,1,0,15,9,17082500,3
3156,2794,4,1,0,6,8,15882000,4
1080,665,2,2,0,5,1,5810000,2
2286,1571,5,2,0,27,8,12047000,2
2761,1839,3,3,1,29,9,13944500,3
3396,2819,2,3,0,21,8,16462000,2
2201,1666,3,3,0,26,10,11384500,2
3008,1929,3,3,1,18,1,14876000,4
940,644,3,2,1,9,8,5900000,1
3417,2585,2,3,1,22,5,16536500,3
2610,2345,5,3,1,5,9,14345000,3
3408,2417,1,1,1,25,9,15936000,4
3096,2003,5,3,1,9,6,16302000,4
2466,1847,2,1,1,24,3,11717000,2
1434,993,1,2,0,18,7,7143000,3
1803,1387,1,3,0,2,3,9123500,1
2325,1720,1,1,0,19,7,10932500,4
2289,1846,4,3,1,2,8,12610500,1
910,795,2,1,0,19,5,4765000,1
861,568,4,3,1,5,5,5974500,3
2042,1728,1,2,0,16,4,9769000,3
1005,889,4,2,1,17,3,6082500,4
2790,1986,4,1,0,9,8,14175000,3
941,596,2,1,0,5,6,5234500,3
1939,1641,3,2,0,27,6,9785500,3
843,683,4,3,0,12,2,5453500,1
1089,722,4,1,0,5,4,6400500,4
611,448,1,2,0,11,5,3479500,2
1160,897,1,1,0,13,10,5960000,1
641,417,1,2,1,16,5,3664500,3
3325,2708,5,2,1,21,3,16742500,1
1193,962,4,1,0,29,10,6688500,3
2052,1777,1,1,0,26,5,9464000,3
2426,1868,2,2,0,27,5,11627000,1
2293,1770,5,3,0,24,2,12038500,4
733,576,3,2,1,7,5,4858500,3
1547,1055,4,3,1,25,3,8561500,4
672,556,4,3,0,4,3,4894000,2
998,797,2,3,0,28,5,5381000,3
2028,1727,3,1,0,3,9,10616000,4
3225,2678,3,2,0,5,2,15812500,4
729,577,5,2,1,10,9,5580500,2
2411,1562,4,3,1,29,3,12369500,4
2601,2277,1,3,1,27,7,12564500,4
865,614,2,3,1,4,1,5212500,2
2160,1920,2,2,0,28,1,10210000,3
2585,1862,2,3,1,21,8,12962500,4
1392,896,2,2,0,13,9,7454000,4
2900,2509,1,2,1,29,3,13470000,4
3469,2908,1,1,1,9,6,16380500,1
1912,1598,5,3,0,10,3,10654000,2
763,478,4,3,1,2,6,5643500,1
694,599,1,3,0,22,7,3933000,2
2405,1873,5,1,0,7,5,12632500,3
3480,2579,3,3,0,20,3,16910000,3
1733,1514,4,2,0,4,8,9718500,4
2983,2385,1,3,0,27,5,14033500,2
1421,909,3,2,1,19,1,7514500,3
837,632,5,2,1,25,9,5766500,2
3028,2395,1,2,0,20,3,14076000,3
3130,2721,1,2,0,27,2,14345000,1
2560,1750,3,3,0,9,3,12990000,3
1648,1381,1,1,0,26,7,7746000,1
2276,1911,2,1,1,7,10,11552000,3
3129,1997,1,2,0,20,8,14780500,4
1563,945,4,3,1,8,2,8923500,1
1136,879,3,1,1,28,7,6152000,3
2203,1843,4,3,0,27,5,11423500,4
2579,1976,5,1,1,28,9,13345500,1
727,613,4,2,0,14,7,4941500,4
691,543,2,2,0,0,1,4159500,2
1142,909,2,2,1,22,1,5899000,2
1445,879,4,1,0,4,6,8122500,1
2281,1429,5,3,0,14,9,12534500,3
2451,2003,1,2,1,3,1,11869500,1
3094,2564,2,3,1,18,3,15063000,4
989,754,4,3,1,27,5,6110500,3
3319,2579,4,2,0,9,4,16555500,2
2484,1948,4,1,1,22,1,12338000,3
642,405,1,2,1,27,10,3699000,2
853,682,3,2,1,1,4,5468500,3
1683,1251,5,1,1,4,4,9543500,3
3310,2584,3,3,0,17,10,16555000,3
3114,2394,5,1,1,22,4,15623000,4
2934,2431,5,1,1,5,3,15103000,4
2140,1488,4,2,0,28,7,11020000,1
2553,1817,2,1,1,9,1,12308500,1
3425,2457,4,1,1,14,2,16782500,2
2992,2479,1,1,0,22,1,13574000,4
1241,905,5,3,0,27,4,7344500,2
3029,1978,2,3,0,8,5,14920500,1
1289,1153,5,2,0,12,10,7960500,2
1876,1403,5,2,0,17,5,10252000,1
2550,1613,4,3,1,24,2,13045000,4
1679,1345,2,1,1,6,3,8535500,3
2086,1714,2,2,1,1,4,10717000,4
1056,792,5,2,1,15,10,7002000,2
1582,1256,2,1,0,25,6,7719000,2
2730,1779,2,1,0,1,6,13365000,4
1722,1223,4,1,0,3,2,9189000,4
748,485,3,1,1,1,2,4696000,1
1952,1397,1,1,0,16,9,9414000,2
1779,1367,3,3,0,5,2,9505500,2
789,578,2,1,1,9,2,4420500,4
1482,1152,5,2,0,13,3,8459000,3
2910,2184,1,3,0,26,9,13925000,2
999,694,1,2,1,14,6,5365500,3
3411,2193,5,1,1,20,6,17099500,4
1208,816,1,2,0,11,10,6416000,4
2395,1581,5,1,1,18,5,12517500,1
2238,1817,1,2,0,10,7,10921000,2
2175,1840,3,2,1,0,4,11437500,3
3432,2800,1,1,1,24,10,16114000,1
2748,2179,4,2,1,7,10,14476000,2
1982,1372,5,3,1,21,3,10899000,1
2003,1629,1,2,0,5,7,9963500,4
1419,1108,5,3,0,11,10,8765500,2
1419,871,4,3,0,19,1,7855500,1
1019,888,1,2,1,15,6,5435500,1
723,451,1,3,0,28,2,3693500,3
1021,766,4,3,1,17,2,6304500,1
2108,1589,4,2,0,11,8,11266000,2
2197,1869,4,1,1,19,3,11206500,2
1367,1194,5,1,1,29,9,7871500,3
2644,2331,4,3,1,1,4,14028000,2
3130,2412,5,3,0,28,6,15925000,4
3166,2544,3,1,0,6,1,15277000,2
2802,1755,1,3,0,8,10,13849000,2
2739,2044,1,1,0,28,10,12765500,1
2149,1868,2,2,1,17,3,10630500,1
3102,2285,3,3,1,8,4,15649000,2
2364,1467,4,2,1,24,5,12158000,3
2644,1745,4,1,1,7,1,13358000,1
3245,2365,3,1,0,0,4,15902500,3
1109,744,4,2,0,4,5,6760500,2
1806,1296,2,3,1,15,4,9377000,2
985,689,5,2,0,13,10,6572500,4
2197,1528,1,2,1,25,10,10736500,1
3052,1914,3,3,1,12,7,15494000,2
2893,2501,1,1,1,28,8,13508500,4
1341,1083,5,2,0,10,8,8134500,1
3308,2603,3,2,1,19,3,16106000,2
3297,2578,5,1,0,22,5,16346500,2
2511,1805,4,2,1,12,10,13309500,1
2046,1732,4,1,0,26,8,10487000,1
1500,1318,4,3,0,14,7,8620000,1
2712,1631,5,1,1,29,9,13924000,2
2860,1783,5,1,1,23,10,14760000,2
2609,2093,5,2,0,29,7,13410500,4
841,564,1,1,0,25,2,3884500,3
3140,2742,5,1,0,26,4,15510000,1
2985,2388,4,2,1,15,8,15282500,2
2620,1861,2,1,1,12,9,12950000,2
772,559,5,2,0,7,7,5584000,1
1271,1026,2,3,0,17,5,6829500,3
763,490,4,1,0,18,1,4523500,1
1064,920,5,3,1,28,9,6928000,3
1096,659,1,1,1,25,6,5382000,2
1299,1160,1,1,0,14,2,6165500,3
3042,1978,2,3,0,9,10,15209000,4
1302,1071,1,3,1,22,10,6969000,2
2540,1554,1,2,1,3,2,12320000,4
2955,2155,1,2,0,5,10,14397500,1
2391,1886,4,3,0,7,1,12469500,1
782,485,1,1,0,23,4,3759000,1
1228,900,3,2,1,6,10,7356000,3
3157,2181,5,1,0,28,2,15446500,2
2331,1747,1,2,0,11,10,11469500,1
1145,860,1,2,0,17,9,5962500,1
2187,1827,1,2,1,17,2,10451500,2
1223,779,3,3,1,18,9,7243500,1
1193,745,1,1,1,3,1,6008500,4
1343,967,1,3,0,0,7,7293500,2
2368,2051,5,2,1,4,6,12926000,2
2059,1763,3,3,1,29,6,10635500,2
2548,1956,3,3,1,6,2,13096000,4
3201,2774,1,3,1,27,1,14964500,2
2668,2245,3,1,1,25,10,13256000,4
3201,2187,2,3,0,10,8,15804500,2
3044,1981,3,3,0,20,8,15198000,3
3272,2258,3,3,0,29,2,15744000,1
704,470,3,3,0,22,4,4428000,3
2839,2233,4,3,0,20,4,14375500,1
616,477,4,3,1,10,2,4622000,4
992,773,4,3,1,9,9,6684000,3
1024,672,3,2,0,23,4,5648000,2
2776,2325,2,3,1,6,4,13922000,1
1171,854,3,3,0,15,4,6669500,1
2676,1984,1,1,0,29,5,12212000,3
1720,1546,2,2,1,0,10,9390000,4
841,575,4,3,0,26,8,5464500,3
2879,2067,5,1,1,0,4,15005500,4
1388,1114,2,3,0,11,3,7376000,4
1314,1135,4,3,1,15,1,7613000,1
1358,866,2,3,1,4,2,7481000,3
3449,2829,2,3,1,13,4,16810500,3
1375,1203,3,3,1,17,9,7947500,4
3373,2451,1,1,1,8,1,15718500,3
2847,1953,5,3,1,1,6,15341500,2
678,544,4,1,0,11,6,4531000,2
1455,980,2,3,0,24,10,7767500,3
3114,2227,5,1,1,9,3,15833000,3
3228,2805,2,2,1,1,10,16156000,4
2039,1584,1,3,0,14,9,10245500,2
3096,1945,5,2,0,3,10,16272000,2
2734,1910,4,2,0,18,3,13693000,1
2748,2165,2,2,0,21,1,12996000,4
1631,1214,1,3,0,3,2,8279500,1
1444,1152,5,2,1,24,4,8268000,2
686,568,2,1,0,8,4,3927000,4
2690,2001,2,3,0,12,2,13165000,3
1007,902,4,2,0,9,10,6451500,4
3311,2895,1,3,1,13,6,15989500,3
2268,1401,3,2,0,24,6,11326000,3
747,507,2,1,0,2,3,4271500,4
2924,2018,5,3,1,2,1,15418000,3
831,544,4,3,1,19,10,5809500,1
2550,1768,4,2,0,15,9,13225000,2
965,701,2,1,1,8,4,5332500,3
2274,1399,2,3,0,13,9,11623000,1
1035,660,2,2,0,21,5,5487500,3
998,627,3,1,1,15,7,5791000,2
1834,1125,2,1,0,8,3,9043000,1
2014,1499,1,1,1,23,3,9403000,2
3146,2202,5,1,1,22,8,15967000,2
3187,2806,2,3,1,28,1,15181500,1
1162,733,3,3,1,4,8,7199000,1
3089,2711,5,1,0,12,8,15760500,1
1884,1179,4,2,0,14,3,9948000,4
1372,1078,2,2,0,24,1,6744000,1
2997,2020,5,1,1,3,9,15726500,1
2637,2236,4,1,0,13,4,13206500,1
3167,1958,3,2,1,19,7,15671500,1
1943,1721,1,1,0,23,9,9233500,3
2785,1710,2,1,1,19,3,13252500,4
2173,1460,1,3,0,6,5,10808500,2
1591,1176,3,3,0,3,10,9099500,1
3015,2492,5,1,1,26,3,15047500,3
1846,1634,5,1,0,16,5,9937000,3
959,698,3,3,1,25,2,5565500,3
1520,1257,3,1,1,8,4,8130000,2
2976,2434,2,3,0,3,2,14632000,1
3110,2398,4,3,0,2,3,15905000,4
1562,1260,1,2,0,18,5,7619000,4
2427,1483,1,3,1,8,9,12261500,3
3483,2551,5,2,1,7,3,17733500,2
2213,1849,5,2,1,25,10,12008500,2
2240,1662,2,3,1,6,6,11610000,2
2816,2427,3,1,1,6,4,14002000,4
816,693,1,3,1,3,4,4862000,3
977,839,2,2,1,18,10,5686500,1
718,458,5,3,1,11,10,5761000,4
789,531,5,3,1,19,5,5670500,3
3414,2078,1,2,0,5,7,16313000,3
969,867,5,3,1,11,4,6590500,1
2401,1610,5,3,1,28,8,12894500,1
2796,1985,4,2,0,29,9,14052000,1
1251,853,3,1,0,19,9,6799500,2
2482,1518,5,2,1,3,9,13609000,1
2111,1432,4,2,0,1,2,11179500,3
1369,861,2,3,0,14,3,7230500,1
3021,2169,5,2,1,29,5,15314500,3
1380,1228,2,3,1,22,1,7170000,4
2316,1874,5,3,0,5,4,12622000,2
2807,2279,1,3,1,17,5,13591500,4
2998,2206,4,2,0,20,9,15141000,4
1911,1611,4,2,1,21,8,10329500,3
1849,1613,1,3,1,4,1,9340500,4
1122,996,3,1,0,3,3,6239000,3
1121,705,4,1,0,10,3,6394500,1
1382,1193,2,2,0,10,6,7319000,1
2920,1949,4,3,0,8,4,14980000,3
1535,1103,3,3,0,2,4,8567500,1
2830,1991,2,2,1,10,1,13735000,2
2288,1836,2,1,1,1,10,11726000,4
1087,847,1,2,0,8,4,5631500,2
2450,1550,5,2,0,23,1,12515000,4
1445,1206,1,3,0,24,5,7172500,1
2771,2028,5,2,1,9,3,14489500,2
3437,2064,1,1,1,10,10,16416500,1
3061,2217,5,2,0,2,5,15884500,4
2603,1965,4,3,1,16,3,13493500,3
2348,1457,2,1,1,10,5,11566000,3
1285,829,5,3,0,16,4,7762500,2
2760,2478,4,2,0,18,9,14110000,1
2769,2385,3,2,1,3,6,14150500,1
2167,1386,1,2,1,1,10,11081500,2
1845,1428,3,3,1,23,2,9592500,3
638,455,4,2,1,13,1,4411000,4
3144,2399,3,1,1,28,1,14888000,2
1379,1022,3,1,0,14,1,7075500,4
1856,1140,4,3,1,27,9,10212000,3
2796,1942,2,3,0,2,5,13992000,1
3308,2109,5,3,0,28,4,16626000,3
2527,1886,1,2,1,29,10,12141500,2
901,785,5,1,0,19,5,5624500,1
2885,2592,1,1,1,21,9,13662500,2
1246,1100,5,1,0,25,3,6957000,2
1262,1130,3,3,1,12,3,7239000,3
2883,1742,2,3,0,21,2,13853500,2
2359,1931,3,2,1,12,8,12225500,3
2850,1943,2,3,1,17,7,14185000,1
855,735,4,1,0,21,2,4927500,3
1197,1010,1,2,0,19,4,5906500,1
1261,916,1,3,0,20,7,6524500,3
834,618,4,3,1,6,1,5633000,4
1968,1337,5,1,0,22,1,10166000,4
3181,2184,4,2,0,15,8,16014500,2
1369,1224,4,3,1,15,6,8110500,3
3188,2762,2,3,1,21,2,15376000,3
812,533,4,2,0,25,10,5254000,1
1062,724,1,2,0,5,10,5879000,2
3083,1950,3,3,1,5,1,15473500,3
882,790,2,3,1,3,3,5409000,2
2086,1819,2,1,1,2,4,10497000,4
2030,1554,5,2,0,0,5,11285000,3
687,555,3,3,0,2,10,5051500,3
1667,1374,2,3,1,18,3,8641500,2
1060,700,4,3,1,8,5,6810000,3
2925,2575,2,3,1,13,7,14602500,2
3068,2325,2,1,0,18,9,14696000,3
2324,1458,2,2,0,23,5,11248000,1
1976,1420,5,3,0,23,4,10732000,2
3343,2609,2,2,0,18,10,16183500,3
1114,786,2,2,1,25,9,6113000,4
1302,1054,5,3,1,25,8,8009000,3
2253,1947,3,3,0,27,5,11348500,4
2666,2216,1,3,1,12,9,13257000,4
622,493,5,1,1,21,9,4679000,1
3060,2306,5,3,0,15,1,15620000,2
1653,1117,2,2,1,27,6,8348500,3
2430,1789,2,2,0,7,5,12045000,1
2755,1895,1,1,0,23,6,12737500,3
1904,1675,2,3,0,25,10,9768000,4
1734,1512,4,3,1,15,3,9603000,2
2783,1799,2,1,0,25,3,12973500,3
961,813,2,1,1,8,10,5614500,3
2776,2250,4,3,1,8,5,14532000,4
2499,2230,1,3,0,23,7,12035500,3
1884,1392,4,2,0,22,4,9838000,3
1114,909,5,3,0,25,6,6913000,4
1048,791,4,3,0,2,5,6726000,1
2523,1566,3,2,0,6,2,12633500,4
2106,1293,5,2,1,19,1,11197000,1
1847,1175,2,2,1,17,6,9421500,2
2455,1691,5,2,1,29,5,12767500,1
1473,998,1,1,0,23,9,7118500,1
3120,2553,1,2,0,1,7,15070000,2
2028,1652,4,1,1,0,1,10726000,1
2949,2628,5,2,0,11,10,15450500,4
2878,1994,2,2,1,15,6,14101000,1
2354,2075,1,2,1,11,7,11573000,2
1522,1193,2,3,1,20,3,7949000,4
2759,2065,3,1,0,9,9,13785500,2
1636,1309,1,2,0,28,2,7602000,2
2016,1634,4,3,1,8,1,10912000,3
3147,2050,3,1,0,20,10,15361500,3
3245,2678,5,1,0,26,10,16282500,2
2881,2355,2,3,0,17,9,14274500,2
3249,2921,1,1,1,25,7,15120500,2
913,797,3,3,1,3,10,6198500,3
3213,2587,3,2,1,7,1,15818500,3
2856,2323,1,3,1,22,4,13662000,1
2597,2295,5,1,1,20,10,13636500,1
1637,1457,5,1,0,3,3,9156500,2
2256,1913,4,2,1,29,7,11672000,4
3234,2684,5,3,0,15,5,16603000,4
2378,1506,4,2,1,20,9,12501000,3
1614,1370,3,3,0,22,3,8473000,3
1693,1144,1,3,0,20,6,8418500,3
1724,1325,5,3,1,7,10,10368000,2
1297,935,4,2,0,6,2,7416500,4
2779,1955,3,2,0,22,3,13515500,1
2004,1388,5,1,0,24,4,10438000,2
1755,1503,2,2,0,23,6,8737500,1
1643,1364,3,3,0,12,1,8703500,1
2529,1914,5,3,0,27,6,13240500,2
3183,2544,3,3,1,7,4,16033500,1
1613,1444,1,2,0,21,8,7938500,4
826,594,1,1,1,6,9,4697000,1
2428,1858,1,2,0,23,8,11566000,4
2092,1590,2,1,0,28,8,10054000,4
1421,1251,1,2,0,4,2,7114500,4
2623,1850,2,3,0,25,10,13003500,3
1470,1316,1,1,0,17,2,6875000,1
3052,2110,3,2,0,29,6,14754000,2
2849,1802,5,3,0,22,5,14730500,2
2685,1765,5,1,0,25,6,13582500,1
2395,1743,1,1,1,18,9,11517500,3
787,625,5,3,1,9,10,6111500,3
1680,1268,1,3,1,10,7,8760000,4
1540,1097,1,2,1,7,5,7890000,1
2920,2244,4,2,0,5,10,15140000,1
3230,2750,4,3,0,10,7,16485000,2
3163,2693,4,2,0,15,8,15933500,1
1125,920,2,3,1,29,1,5882500,3
935,828,4,3,1,3,10,6597500,1
3345,2599,1,2,1,1,7,16232500,2
1678,1010,3,2,0,12,4,8811000,4
3147,2162,4,1,0,6,5,15691500,2
3413,2383,4,1,1,16,2,16688500,2
3183,2432,3,2,0,22,10,15683500,4
761,663,1,2,0,12,5,4134500,2
1193,1015,2,2,0,9,9,6638500,2
2538,1699,4,1,1,12,1,12781000,1
2806,2120,3,2,0,9,3,13897000,1
659,525,1,1,1,6,4,3695500,4
2501,2241,5,1,1,9,9,13374500,1
2858,1741,2,1,0,28,2,13201000,1
1005,742,3,1,0,15,7,5672500,2
1263,1132,3,3,0,2,9,7593500,3
1732,1546,3,2,1,3,10,9684000,1
1699,1187,4,2,1,27,4,9055500,3
1141,684,5,3,0,3,5,7424500,1
1937,1503,2,2,0,3,10,10156500,1
1597,1373,1,1,1,15,4,7736500,4
1740,1213,1,3,1,8,7,9070000,4
1467,1291,5,1,1,5,8,8751500,4
2666,1865,3,3,1,9,8,13867000,3
1031,807,3,1,1,24,3,5559500,2
1339,1093,3,2,0,27,2,6885500,1
1973,1388,3,2,1,3,6,10568500,1
782,551,3,2,1,22,1,4579000,1
2760,2045,5,3,0,28,9,14410000,3
1806,1536,4,2,1,11,7,10007000,4
3128,1971,2,3,1,9,8,15646000,2
1769,1396,3,1,0,11,7,9190500,3
1430,1148,4,2,1,27,5,7895000,4
2251,1727,1,1,0,24,5,10399500,3
1736,1528,5,2,1,25,7,9712000,2
3410,2661,4,1,1,18,7,16885000,4
1075,849,3,3,0,28,2,5877500,3
3410,2659,3,2,1,18,2,16535000,2
1926,1572,3,3,1,21,7,10247000,1
1570,1005,4,3,0,23,5,8655000,2
1619,1405,3,1,1,0,2,8635500,1
1741,1066,4,2,1,3,1,9574500,3
2436,1929,3,3,1,12,9,12822000,4
760,596,1,1,1,7,8,4330000,4
3048,2019,1,1,1,21,2,14046000,3
797,487,2,1,0,13,2,4226500,4
1883,1208,3,2,1,15,3,9773500,4
1259,858,3,2,1,1,4,7295500,1
2375,2053,4,1,0,7,9,12397500,3
1670,1430,4,2,0,12,6,9175000,2
2610,1615,3,1,0,29,3,12415000,1
998,685,2,2,0,0,8,5891000,3
2333,2022,3,2,1,11,6,12028500,1
2182,1464,4,1,1,16,8,11449000,2
2725,2449,3,1,1,6,10,13892500,2
2771,1876,4,2,1,15,2,14019500,3
674,553,3,1,1,13,8,4423000,2
2784,2018,5,1,1,9,5,14448000,1
1201,769,4,1,1,2,10,7414500,2
1436,971,2,1,0,27,4,6922000,1
2128,1707,5,2,1,11,3,11556000,1
1099,770,3,3,0,7,9,6755500,2
2196,1715,4,2,0,15,10,11682000,3
737,487,5,1,0,24,7,4886500,4
2697,1981,2,1,1,23,7,12976500,2
2394,1804,4,2,1,0,6,12823000,1
1572,1137,5,1,0,16,9,8904000,1
2242,1478,5,2,1,5,3,12189000,2
2485,1835,5,3,1,27,1,12942500,3
2901,2343,1,1,0,0,7,13904500,3
2628,2337,3,3,0,23,9,13316000,1
3357,2809,4,3,1,14,6,17076500,1
2500,1621,4,1,0,12,10,12910000,3
3210,2188,4,1,0,29,2,15365000,4
3404,2122,5,2,0,5,8,17518000,2
2049,1312,3,2,1,20,9,10720500,1
1146,773,2,1,1,12,10,6367000,1
1521,1003,4,2,0,21,8,8424500,3
1180,783,3,3,0,3,9,7200000,2
1972,1319,3,3,1,0,1,10574000,3
2556,1764,1,1,1,22,3,11862000,2
2603,1659,4,2,1,9,3,13433500,2
2696,1842,5,1,1,24,9,13952000,2
1303,1050,3,3,1,3,3,7603500,1
2908,1951,3,1,1,12,10,14596000,4
3003,1956,2,1,0,3,1,14303500,3
2225,1380,1,1,0,15,3,10362500,4
1237,927,3,1,0,8,2,6606500,3
3390,2890,3,3,1,3,9,17295000,2
1609,993,5,1,0,25,1,8490500,1
1240,945,5,1,0,19,2,7000000,4
3439,2734,2,2,0,7,1,16385500,1
3259,2534,2,1,0,26,9,15395500,3
2461,2124,2,2,0,3,7,12364500,1
3456,2971,5,1,0,8,1,17142000,1
1805,1114,5,2,0,10,10,10322500,4
1285,910,1,1,1,23,6,6272500,2
2451,1963,4,2,0,4,5,12799500,1
787,697,4,1,0,8,10,5281500,2
2219,1867,1,1,1,7,5,10745500,3
2287,1493,4,2,0,29,4,11511500,1
1584,1083,5,1,1,25,3,8628000,4
1147,950,4,1,0,3,8,6901500,3
3372,2500,5,1,1,19,7,16994000,3
2031,1552,1,1,0,0,5,9889500,4
1475,1154,2,3,0,19,9,7907500,1
1217,767,1,1,0,27,7,5786500,1
3061,2622,4,3,0,12,10,15834500,3
1965,1687,5,3,0,23,2,10582500,1
1843,1364,4,1,1,27,7,9653500,2
1502,1183,4,2,0,27,7,8169000,4
762,608,2,2,1,4,4,4699000,2
2574,1690,4,1,0,21,8,12963000,1
869,550,2,3,0,19,4,4930500,3
1231,746,5,2,0,29,7,7209500,4
1505,1315,5,1,1,20,4,8422500,1
2614,1839,2,1,1,9,8,12933000,1
2241,1402,1,3,1,15,3,10984500,3
804,594,5,2,1,7,2,5628000,3
1181,735,1,1,1,11,10,6244500,2
2179,1363,5,2,0,24,6,11525500,4
1440,1075,5,1,0,2,7,8490000,4
2436,1833,3,1,1,25,7,12062000,3
1851,1432,4,1,1,3,6,10119500,2
2319,1847,4,3,0,16,8,12315500,4
2242,1794,1,3,0,26,6,10769000,3
3243,2367,4,3,1,20,6,16443500,1
2897,2297,1,2,1,19,3,13656500,4
1474,1019,5,3,0,21,2,8413000,2
2064,1511,3,3,1,21,7,10868000,2
2843,2041,3,2,0,12,6,14153500,2
1289,900,5,2,1,25,1,7400500,1
2610,1752,2,2,1,5,2,12895000,4
3286,2048,2,2,0,2,2,15847000,4
2022,1520,4,3,0,13,1,10689000,1
2601,1979,1,3,1,6,3,12784500,4
1271,890,3,2,0,2,5,7229500,1
1771,1581,4,3,1,5,4,10019500,1
2095,1607,5,1,1,28,2,10817500,1
1543,1337,3,3,0,12,8,8603500,2
2846,2194,1,1,0,13,9,13497000,4
2049,1346,1,2,0,14,8,10040500,1
3139,2801,2,2,1,25,7,15125500,4
1495,1294,4,3,0,15,10,8727500,2
2789,2067,5,2,0,0,2,14550500,1
1936,1302,3,3,0,14,6,10232000,3
764,509,1,3,1,29,4,4108000,2
2961,2492,3,3,0,23,5,14614500,3
2668,1656,5,3,0,6,9,14436000,4
1705,1349,3,1,0,27,9,8682500,4
2353,1863,4,1,0,8,4,12028500,2
2952,1932,2,2,1,14,8,14554000,4
2538,2059,3,1,1,13,5,12661000,3
970,787,2,2,1,18,9,5605000,1
2480,1748,5,2,1,27,2,12770000,1
1452,1081,2,3,0,23,4,7474000,1
983,835,3,3,1,17,3,5883500,2
2531,1915,3,3,0,8,7,13079500,4
3092,2428,1,3,1,0,2,15064000,3
1024,741,3,3,0,11,3,6038000,4
2808,1810,2,3,0,9,9,14106000,4
1228,1104,1,1,0,6,8,6306000,4
1494,1134,3,2,1,13,2,8013000,1
3137,2198,3,2,1,25,6,15366500,3
2974,2421,5,3,1,29,3,15203000,3
1197,941,1,1,0,0,6,6186500,4
2936,1966,5,3,1,14,5,15432000,1
1192,1028,5,1,0,21,10,7144000,1
2287,1420,5,1,1,0,4,12341500,3
1172,916,4,2,1,12,7,7134000,1
2675,1988,5,2,1,19,10,14207500,1
2690,1870,2,1,1,22,7,12965000,1
2304,1953,3,2,1,1,4,11998000,2
3070,2446,4,1,0,2,3,15325000,4
776,642,5,1,1,3,4,5482000,3
1128,817,3,1,1,15,2,6126000,3
2233,1971,1,2,1,21,4,10678500,2
1565,1100,1,3,0,28,4,7582500,4
2117,1607,3,2,1,11,5,11006500,3
797,701,2,3,1,24,1,4506500,1
3257,2035,3,2,0,3,2,15996500,3
3489,2207,3,2,1,21,8,17130500,1
1452,1304,4,3,0,11,8,8514000,2
2137,1904,1,1,0,6,8,10396500,1
2669,2219,1,3,1,19,5,12930500,3
1680,1252,5,1,0,21,8,9240000,3
3489,2623,3,1,1,2,9,17360500,3
697,471,3,2,0,4,4,4556500,2
2503,1826,2,2,1,11,4,12393500,2
1034,754,1,2,0,11,7,5483000,4
1236,754,2,2,0,26,5,6292000,3
1187,873,4,2,0,25,10,6941500,1
943,701,5,3,1,19,1,6163500,2
1917,1533,2,3,0,22,8,9786500,3
2579,1946,1,3,1,21,4,12435500,3
1170,1004,4,3,1,6,8,7495000,2
1210,859,3,2,0,21,2,6425000,4
2327,1682,4,3,1,11,4,12401500,2
2890,2229,2,3,1,1,2,14435000,2
2454,1621,1,1,0,13,5,11533000,1
3208,2303,2,2,1,22,10,15646000,1
1559,1256,3,3,1,15,10,8865500,4
2679,1938,3,3,0,23,8,13495500,3
3038,2649,1,3,0,6,7,14801000,2
2924,2294,5,2,0,3,5,15248000,4
1131,730,4,3,0,19,7,6859500,1
1777,1326,4,1,1,27,5,9256500,2
3030,2513,3,2,1,4,7,15355000,3
1691,1340,2,1,1,13,4,8499500,1
2501,2164,2,2,0,8,4,12294500,1
1483,1223,5,3,1,4,10,9343500,1
2861,1769,2,2,0,1,4,14054500,4
2278,1443,4,2,1,4,8,12321000,3
3023,2403,2,2,0,28,1,14093500,2
3391,2277,5,1,1,2,10,17569500,4
2860,2220,4,2,1,9,5,14690000,4
2726,2283,2,3,0,7,10,13827000,4
2349,1815,4,2,1,25,2,11920500,1
3275,2373,3,2,1,9,10,16507500,3
3251,2580,3,3,1,28,4,15919500,4
1381,888,3,3,1,1,5,8094500,2
3327,2718,2,1,0,13,8,15911500,3
2705,2188,5,3,1,26,2,14002500,2
1480,1116,4,3,0,3,2,8500000,3
1046,715,1,3,0,20,2,5307000,2
2713,2276,3,2,0,11,8,13688500,1
2383,1794,3,1,1,19,3,11743500,4
1877,1159,1,3,0,28,5,9036500,2
2591,2268,1,3,0,13,2,12399500,3
1667,1384,2,3,0,15,6,8701500,4
2177,1688,4,2,1,4,10,11966500,4
1611,1177,3,2,1,25,6,8499500,3
2874,2552,5,1,0,15,2,14433000,2
1373,1143,2,1,0,26,4,6658500,1
3326,2529,2,2,1,28,2,15657000,1
2414,1921,5,3,0,3,10,13403000,2
3248,2222,5,3,1,28,4,16506000,4
3026,1993,5,1,0,2,7,15627000,4
1801,1228,1,3,1,0,5,9404500,4
2050,1410,3,2,1,29,10,10595000,4
3356,2758,1,1,1,3,4,15892000,2
906,581,3,2,0,8,10,5717000,4
1378,1148,1,2,0,0,10,7401000,3
3151,2385,4,3,1,15,3,15979500,4
2915,2085,3,2,1,22,6,14427500,1
607,418,2,2,0,2,2,3791500,4
3155,2378,3,3,1,23,4,15587500,2
1075,747,3,2,0,5,8,6437500,1
1920,1399,3,3,1,12,2,10150000,2
2811,2309,4,2,1,16,9,14529500,2
1084,853,1,3,0,14,2,5598000,1
3214,2649,2,3,0,25,8,15563000,2
1504,1224,1,1,1,20,8,7418000,2
1158,977,1,2,0,29,7,5681000,4
2567,1695,5,2,1,11,10,13881500,3
2885,2592,4,1,0,28,6,14122500,2
1727,1282,5,3,1,7,1,9931500,2
1833,1494,4,3,0,26,2,9628500,2
3201,2571,1,1,0,15,7,14954500,4
3475,2675,1,1,1,2,4,16447500,3
1067,958,4,3,1,27,9,6661500,1
3033,2017,1,3,1,27,3,14308500,4
3422,2486,1,1,1,3,4,16189000,4
1447,923,2,2,1,6,3,7691500,3
3034,1985,5,3,1,14,7,15973000,3
858,698,5,1,0,10,2,5461000,4
882,530,5,2,1,15,10,6219000,1
2249,1949,3,2,1,21,2,11250500,4
2498,1973,2,2,1,13,2,12231000,3
639,467,5,2,1,22,4,4685500,1
3133,2191,5,1,0,12,8,15958500,3
2867,1828,2,3,1,8,8,14491500,1
1614,1414,1,2,1,24,8,8033000,2
1212,986,5,2,0,17,8,7414000,3
2515,1762,1,1,0,2,7,12127500,3
1287,799,5,2,1,19,6,7761500,4
1212,845,4,1,0,21,7,6784000,3
2907,1905,3,1,1,4,5,14501500,3
3013,2518,5,3,0,21,8,15638500,2
2381,1942,4,2,0,26,2,11894500,3
2410,1806,2,3,0,23,5,11835000,2
3191,2762,4,1,0,1,7,16089500,2
3296,2156,2,2,0,21,9,15862000,2
2147,1579,5,1,1,24,10,11531500,2
2530,2057,2,1,1,20,1,11985000,1
3461,2146,4,1,0,16,9,17104500,4
1752,1247,3,2,0,15,3,9034000,1
1174,905,1,1,0,28,1,5273000,3
2510,1782,1,1,1,23,7,11835000,1
1612,1199,3,2,1,19,3,8474000,1
1269,992,1,3,1,23,8,6700500,3
868,616,5,1,0,12,2,5466000,3
1883,1189,5,3,1,19,4,10543500,3
1523,977,4,3,0,10,2,8553500,1
1725,1307,4,3,0,7,4,9622500,1
2129,1389,2,3,0,24,1,10350500,3
2358,2044,4,3,0,20,10,12511000,4
2194,1865,5,3,1,4,5,12293000,4
846,596,4,2,1,1,3,5687000,2
2160,1834,1,2,0,24,9,10390000,3
2778,2111,2,3,0,26,4,13381000,2
3000,1943,2,2,0,3,6,14740000,4
2843,2229,5,2,0,2,9,15103500,2
2539,2040,4,3,0,1,2,13305500,3
1529,955,1,3,0,2,7,8090500,3
3292,2285,4,1,1,15,3,16214000,3
826,496,3,2,1,19,1,4837000,1
3348,2326,4,3,1,8,9,17306000,2
864,605,5,2,0,5,9,6138000,4
1995,1574,4,2,1,25,4,10427500,4
2057,1357,2,2,1,14,9,10576500,4
1245,758,1,1,1,4,7,6522500,1
2858,1985,5,3,1,28,4,14751000,1
2018,1710,3,2,1,8,2,10471000,3
2073,1492,1,3,0,23,5,10018500,4
1987,1439,1,2,0,5,8,9941500,1
2499,1851,2,3,0,2,10,12905500,3
3104,2562,2,3,1,22,10,15378000,4
3372,2508,2,3,0,12,6,16434000,2
1849,1160,5,2,1,25,5,10120500,3
1581,1046,4,1,0,21,4,8294500,1
1754,1151,1,3,1,27,6,8703000,1
1187,893,4,1,1,14,3,6761500,3
1075,654,4,3,0,10,2,6537500,3
2421,1658,2,1,0,29,1,11164500,1
1585,1239,4,3,1,15,9,9232500,2
2803,1980,1,1,1,14,1,13033500,4
1841,1495,1,3,0,23,4,8924500,2
789,566,3,3,0,27,6,4810500,3
2040,1823,5,1,1,5,9,11380000,2
1580,1405,4,3,0,13,4,8850000,1
2298,1930,5,2,0,10,7,12391000,3
2315,2051,5,3,0,25,7,12367500,4
3193,2111,5,3,0,19,6,16388500,1
640,528,5,2,1,9,9,5200000,1
2954,2057,1,2,1,15,10,14343000,4
1542,1260,4,2,1,11,7,8819000,4
937,667,3,1,0,6,3,5346500,2
1937,1330,5,2,1,6,6,10946500,3
1698,1507,3,1,1,26,7,8721000,4
2926,1939,1,2,0,23,7,13757000,4
1495,1237,1,1,0,17,6,7187500,3
2920,2343,2,2,1,14,3,14160000,4
3484,2407,5,2,1,26,6,17508000,4
3267,2409,2,3,0,5,2,15901500,2
2274,1461,3,2,0,29,10,11453000,1
1530,1340,4,3,0,18,1,8375000,1
888,790,2,2,0,7,8,5256000,1
1323,1084,1,2,0,19,3,6423500,1
2919,2495,5,3,1,14,8,15505500,4
2553,1595,3,3,1,29,3,12708500,3
1689,1207,1,1,1,3,2,8290500,3
1082,756,4,3,1,17,8,6879000,2
1535,1181,5,1,0,12,3,8517500,2
2895,1896,4,2,0,21,8,14607500,4
755,580,4,3,1,21,2,5027500,3
1670,1329,5,3,0,0,4,9815000,3
2558,1636,5,2,1,27,9,13471000,1
3101,1983,4,2,1,7,1,15614500,4
2848,1739,3,2,1,18,2,14006000,4
2283,1890,5,2,1,16,2,12103500,1
723,505,1,3,1,9,9,4573500,4
2648,1767,2,2,1,0,10,13566000,4
1567,1305,3,2,0,0,5,8601500,2
1454,934,5,3,0,20,4,8443000,3
1239,902,5,1,1,4,10,7845500,4
2838,2336,3,3,1,0,10,14921000,2
2202,1700,2,1,1,20,4,10659000,3
3163,2423,4,2,0,22,7,15743500,1
1041,673,1,3,0,20,3,5334500,2
2544,1664,5,2,0,24,9,13318000,2
2438,1888,2,3,1,19,5,12191000,3
2429,1474,1,1,0,12,9,11640500,1
2790,2401,3,3,1,8,1,14095000,2
1132,798,5,2,0,15,10,7194000,4
2874,2083,4,3,1,27,8,14743000,4
1936,1311,3,2,1,7,2,10122000,4
1548,1335,5,3,1,13,8,9356000,1
2619,2076,2,1,0,28,4,12225500,2
1059,778,1,3,0,16,2,5445500,4
1150,891,1,3,0,28,2,5615000,1
992,708,5,3,1,3,6,6954000,4
2387,1765,3,3,1,6,3,12421500,3
1444,1021,4,1,0,16,10,8078000,2
2857,2066,2,2,0,27,3,13466500,2
1738,1207,5,3,1,23,9,10061000,1
1245,775,2,3,1,15,5,6902500,1
2866,1751,1,3,0,13,7,13887000,2
3054,1991,4,1,1,15,5,15243000,4
2066,1395,2,2,0,26,2,9877000,4
1977,1714,5,2,0,1,8,11176500,3
3205,2510,4,3,1,23,9,16362500,4
3197,2837,3,3,0,14,2,15706500,1
741,520,5,2,0,10,2,5134500,1
3259,2348,2,3,1,12,4,15975500,4
1100,897,4,3,0,3,8,7090000,1
1439,1112,5,3,0,23,5,8365500,2
3349,2539,4,1,1,0,5,16870500,2
2282,1763,4,1,1,14,7,11889000,4
2165,1678,4,2,0,11,4,11322500,2
2646,2195,2,1,0,20,9,12757000,2
2130,1704,5,1,1,8,4,11475000,3
1195,1060,1,2,1,6,8,6507500,3
2504,2214,1,1,0,2,3,11878000,2
880,639,2,2,0,15,6,4960000,4
1023,624,2,3,0,3,1,5793500,3
869,524,4,2,0,25,7,5360500,1
753,479,5,2,1,22,7,5348500,1
3261,2029,5,2,1,13,2,16564500,1
2350,1673,3,3,1,21,5,12055000,4
1261,776,3,3,1,12,4,7284500,2
2567,2021,1,3,0,28,10,12391500,1
682,448,3,2,1,19,9,4589000,4
2049,1545,3,2,0,18,2,10260500,3
1898,1197,1,2,0,26,3,8871000,2
2931,2486,1,2,1,1,1,14069500,3
1579,1316,3,2,1,9,10,8875500,4
2820,2018,5,2,0,27,5,14300000,1
3410,2977,3,2,1,24,3,16465000,1
2259,1481,4,1,0,18,4,11405500,4
1998,1686,4,3,0,14,4,10711000,1
1232,940,4,1,1,6,6,7274000,2
2131,1489,2,3,0,14,10,11009500,4
1386,866,4,2,1,16,7,8017000,3
997,649,5,1,1,23,7,6226500,4
1743,1496,2,2,1,15,8,9093500,2
1533,1198,2,1,0,16,3,7528500,2
2060,1382,4,1,1,27,5,10530000,4
2452,1835,3,2,0,15,10,12534000,4
3323,2101,1,1,1,17,6,15563500,1
3112,1959,3,1,0,16,6,15084000,2
885,772,3,3,0,3,8,5822500,4
864,637,2,2,0,1,5,5118000,4
2967,2102,2,2,0,16,5,14281500,2
3320,2937,2,1,0,16,1,15470000,4
3467,2495,5,2,1,1,1,17681500,1
2736,1917,5,3,0,21,6,14292000,2
2277,1552,1,3,1,1,10,11776500,1
1826,1405,2,2,1,28,10,9307000,1
1420,1089,4,2,1,14,5,8110000,1
2362,1428,2,3,1,28,10,11919000,1
2981,2373,5,2,0,27,6,15074500,2
2869,2399,2,1,1,27,9,13770500,1
640,502,5,2,1,15,8,5030000,1
2331,2006,2,1,1,10,7,11589500,4
667,455,4,3,1,28,7,4741500,2
1587,1043,1,2,1,1,6,8271500,2
2399,1941,4,3,1,7,6,12905500,3
3161,2075,5,2,0,20,1,15774500,2
2221,1393,3,1,0,29,7,10864500,2
2255,1418,4,2,0,23,5,11537500,3
1878,1559,2,3,1,11,7,9931000,2
1294,787,1,1,1,13,6,6513000,2
3124,2145,2,2,1,27,8,15068000,2
1685,1076,2,3,0,13,3,8672500,2
3079,2544,4,3,1,23,8,15745500,3
2293,1722,1,2,1,11,7,11298500,2
2915,1928,3,3,0,1,1,14647500,2
1658,1368,2,1,1,13,3,8301000,3
1378,1137,1,2,0,22,10,6961000,4
1093,827,3,1,1,24,4,5888500,1
2185,1491,2,3,1,11,9,11412500,4
2092,1623,1,3,1,23,6,10304000,3
2390,2103,4,3,0,28,7,12345000,1
1260,775,2,1,1,8,5,6710000,3
1948,1324,2,3,0,28,3,9556000,3
1927,1320,1,2,1,7,5,9631500,2
1899,1499,2,2,0,19,7,9515500,1
2586,2056,3,3,1,15,9,13437000,2
2644,1750,2,2,0,9,9,13168000,1
2528,1680,5,1,0,6,8,13356000,3
1947,1710,3,1,1,14,5,9981500,3
1658,1370,1,3,0,24,7,8231000,4
1576,1387,3,2,0,8,4,8432000,1
1081,917,5,2,0,3,10,7204500,2
1327,956,5,3,1,22,5,8031500,4
3127,1990,2,1,0,5,4,14971500,4
1631,1286,2,3,1,27,3,8299500,4
942,664,4,2,0,11,1,5669000,2
2047,1489,3,2,0,14,5,10481500,4
2979,2168,4,3,0,18,2,14945500,2
3085,2717,5,1,0,25,6,15382500,4
2821,1750,2,1,1,21,5,13474500,2
3206,2109,2,3,1,23,2,15417000,3
1126,880,2,2,0,1,8,6447000,3
2496,2159,1,1,1,27,5,11592000,3
1258,1101,5,3,1,18,2,7651000,3
2673,2051,2,2,0,23,1,12618500,3
1419,866,5,1,0,19,2,7805500,4
3252,2305,2,1,0,19,1,15104000,4
1005,880,3,3,0,1,10,6502500,4
2879,2159,5,2,0,14,10,15075500,2
3180,2601,4,1,0,26,3,15340000,2
2173,1479,1,3,1,25,3,10478500,2
2411,1464,4,1,0,11,10,12529500,2
1104,853,5,2,0,28,1,6358000,3
778,661,2,1,0,0,7,4651000,3
731,655,5,2,1,22,10,5399500,3
2446,2088,1,1,0,13,7,11597000,1
2078,1592,5,1,1,3,9,11591000,4
2995,2343,2,3,1,21,5,14657500,2
3187,2700,4,1,1,23,4,15631500,2
1371,830,3,2,0,10,5,7519500,3
2029,1796,4,3,1,6,8,11360500,2
2723,2067,2,2,0,12,8,13413500,2
1178,1043,2,2,0,13,4,6241000,4
2115,1754,1,3,0,6,8,10697500,3
793,512,5,2,0,21,4,5248500,4
2607,1693,5,1,1,10,4,13581500,1
1785,1260,4,3,0,19,8,9852500,1
2994,2033,3,1,1,19,2,14443000,1
1984,1451,3,1,1,24,4,9898000,3
2392,1868,1,2,0,10,1,11314000,2
1710,1249,2,2,0,20,1,8345000,3
2861,1765,1,1,1,8,8,13764500,3
2536,2263,5,3,1,26,4,13342000,2
3220,2342,2,1,0,27,6,15050000,4
1379,1179,1,1,0,24,5,6475500,1
861,535,4,2,0,3,10,5914500,4
1329,1120,5,2,1,1,6,8310500,1
882,575,3,1,0,1,4,5249000,3
2090,1679,1,1,0,24,4,9625000,1
961,767,5,2,0,8,7,6414500,3
1040,907,5,1,0,18,1,6070000,4
2740,1907,3,2,1,14,9,13950000,3
2244,1419,3,1,1,20,10,11448000,4
3400,2921,3,3,0,20,3,16550000,2
1466,1025,1,3,1,17,4,7507000,2
2047,1370,3,1,0,15,9,10461500,2
741,552,4,2,1,1,5,5314500,3
1914,1232,5,1,1,25,4,10163000,2
2055,1416,3,1,0,11,6,10427500,1
3396,2430,5,2,0,28,1,16672000,4
2475,1690,2,1,0,0,10,12437500,4
2447,1798,2,2,0,1,1,12041500,1
2312,1653,3,1,1,13,5,11644000,3
3300,2746,5,2,0,26,5,16480000,3
1300,1138,2,1,0,6,9,6980000,4
1597,1006,3,3,0,16,1,8416500,2
2696,2283,5,2,0,14,3,13902000,3
1925,1693,3,3,0,16,3,9992500,3
1480,1192,5,2,0,8,4,8600000,1
1813,1629,2,2,1,12,7,9418500,1
1759,1232,3,2,0,1,7,9545500,2
1154,979,2,2,1,26,10,6323000,3
1003,804,3,1,0,14,5,5583500,3
1491,1039,1,1,1,19,9,7429500,1
1201,974,2,2,1,10,7,6704500,3
2430,1829,2,1,1,18,2,11625000,4
940,617,4,2,0,13,3,5720000,1
2568,1674,2,2,1,26,7,12536000,2
1303,1060,5,3,0,3,5,8153500,1
917,746,3,2,1,26,7,5406500,3
3265,2478,1,2,0,29,9,15262500,2
1986,1490,5,1,0,10,9,10887000,1
3029,1981,5,2,1,15,3,15530500,4
2880,2098,5,2,0,22,8,14820000,4
2400,2067,5,3,1,25,6,12850000,1
1967,1684,1,1,1,29,4,9121500,4
2172,1733,4,1,0,1,4,11354000,4
1416,1273,2,3,1,1,4,7902000,4
1152,999,5,2,0,8,7,7274000,2
1455,936,2,3,1,21,6,7777500,4
2412,1736,2,1,0,26,2,11234000,4
3466,2216,5,3,0,22,5,17507000,4
782,578,4,1,0,20,5,4769000,2
2174,1810,2,3,1,28,6,10873000,1
996,644,3,2,0,20,7,5732000,3
2327,2010,2,2,0,3,8,11811500,4
3426,2640,5,1,0,7,10,17477000,1
2117,1745,1,3,0,22,8,10386500,4
1506,924,2,1,0,25,5,7327000,2
1956,1228,4,2,0,17,2,10162000,1
2774,2181,3,1,0,14,10,13803000,2
600,510,3,2,0,1,8,4380000,4
618,532,1,1,0,21,6,3161000,4
1183,954,1,3,1,27,3,5983500,2
1055,696,2,2,0,10,4,5747500,3
2636,1735,5,1,0,16,1,13292000,2
1732,1497,4,2,0,6,3,9424000,4
3092,1960,3,3,1,7,4,15624000,2
2552,2056,1,2,0,29,2,11704000,3
3249,2469,4,3,0,9,6,16540500,2
2750,1997,5,2,1,23,8,14365000,3
1587,1161,3,3,1,2,6,9051500,3
1119,988,3,2,1,12,10,6745500,2
1458,1251,5,3,0,22,3,8371000,2
773,664,3,1,0,16,9,4708500,1
1966,1419,5,1,0,12,4,10507000,4
3078,1945,3,2,0,26,6,14931000,3
1326,1192,2,3,1,18,4,7157000,1
2310,1486,5,1,1,28,4,11885000,2
2475,1867,4,2,0,21,2,12417500,4
3497,2375,2,1,1,8,10,17026500,1
2281,1718,4,3,0,20,2,11764500,3
1947,1346,3,2,0,28,2,9601500,1
1589,1380,4,3,0,15,2,8750500,3
3286,2926,2,3,0,29,8,15807000,2
1019,736,5,3,1,4,10,7255500,4
1193,740,1,1,1,8,4,6058500,4
3132,2502,4,2,0,27,4,15354000,4
2374,1692,1,3,0,8,10,11923000,2
3059,2740,4,1,1,5,10,15715500,3
1535,962,4,3,1,20,3,8607500,2
1707,1085,5,1,0,9,5,9451500,4
1736,1405,3,2,1,17,4,9122000,2
931,770,2,2,1,10,7,5489500,2
3302,2447,2,2,1,23,10,16049000,2
2688,1836,2,2,0,27,7,12906000,3
2393,1658,3,3,1,23,6,12258500,1
1558,1092,1,1,1,14,7,7731000,1
704,469,2,2,1,6,7,4548000,2
801,685,1,3,1,13,8,4794500,1
3097,1918,3,2,1,7,1,15296500,1
2442,1763,3,2,0,18,3,12079000,2
2466,2032,5,2,1,14,3,13017000,2
2596,1560,2,1,1,18,5,12522000,4
1889,1630,5,1,1,17,10,10510500,1
1509,1225,2,1,1,16,7,7770500,3
809,503,3,2,0,2,10,5400500,2
1162,1009,3,3,0,2,6,6989000,4
3360,2507,4,3,0,6,4,17000000,3
2163,1721,4,3,1,27,6,11443500,1
1370,1184,3,2,1,9,7,7785000,4
3101,2680,3,1,0,24,4,14774500,2
3314,2394,1,3,0,27,8,15673000,3
1228,824,1,2,0,16,5,6156000,2
2228,1508,5,2,0,14,3,11796000,1
2301,1909,4,3,0,7,2,12114500,3
986,866,4,3,0,16,1,5967000,1
2535,1575,3,2,1,2,4,13017500,1
2943,1779,3,3,1,3,2,14933500,4
2905,2460,5,2,0,26,3,14602500,2
1704,1220,4,3,1,7,1,9528000,3
867,592,1,1,1,12,6,4611500,1
3066,2012,2,2,0,0,4,14997000,1
2882,2028,5,1,0,27,5,14379000,3
2456,2189,2,3,1,17,8,12462000,1
2598,2320,1,2,1,10,4,12541000,4
1980,1384,1,3,1,20,6,9860000,4
1836,1632,2,2,0,5,3,9312000,4
1173,809,5,3,1,15,8,7628500,4
648,554,2,1,0,20,3,3466000,1
1750,1161,5,1,0,28,7,9365000,3
822,697,5,3,1,18,7,5939000,3
2031,1434,3,1,0,25,3,9889500,3
2128,1401,4,1,0,22,3,10686000,3
2419,2129,4,3,0,27,10,12645500,2
2924,1942,1,2,1,16,10,14188000,3
2061,1849,3,3,1,17,8,10984500,2
1730,1094,4,2,1,10,3,9485000,2
2281,1375,5,1,0,13,2,11804500,4
3067,2641,5,1,1,11,5,15681500,2
3258,2528,2,1,0,24,7,15331000,1
974,707,2,1,1,29,8,5153000,2
2720,1698,5,1,0,19,1,13610000,4
2621,2024,5,2,1,23,2,13484500,2
1653,1187,2,2,1,24,7,8458500,1
2489,1854,4,2,0,6,9,13130500,1
2423,1912,1,3,0,16,3,11633500,1
2074,1642,2,1,1,4,8,10603000,4
2842,2524,4,1,1,21,10,14419000,4
1779,1417,4,1,0,13,3,9295500,3
3494,2452,4,3,1,26,4,17353000,4
1664,1162,3,3,0,23,2,8628000,1
2670,1984,3,3,0,25,9,13465000,1
959,650,4,1,0,12,5,5725500,4
3207,2286,5,2,0,23,5,16121500,2
3319,2829,3,3,0,28,4,16075500,4
2641,2265,2,3,0,11,5,13114500,4
1741,1372,3,2,0,13,1,8924500,1
2235,1731,5,3,0,24,10,12177500,3
2003,1458,1,2,0,8,10,10053500,1
2543,2010,3,1,0,3,6,12783500,3
1278,1075,4,2,0,21,4,7131000,1
3087,2535,4,2,0,18,4,15331500,4
606,370,4,1,0,0,5,4377000,1
3068,2513,1,3,0,28,1,14196000,1
2191,1787,5,1,0,12,4,11519500,1
1432,901,2,3,0,5,10,8044000,4
3206,2068,5,3,1,0,3,16827000,4
2410,2015,1,2,1,24,5,11465000,4
1513,1161,4,1,0,26,10,8188500,4
2611,2210,5,2,1,21,5,13629500,3
2042,1338,2,1,1,16,8,10219000,3
2050,1248,4,1,1,26,1,10305000,2
2102,1363,2,2,0,28,3,10049000,4
725,533,3,3,0,2,5,4972500,3
3042,2302,2,3,0,16,3,14719000,1
1416,1213,4,1,1,1,6,8202000,4
2429,1979,3,3,1,21,10,12660500,2
1175,1054,4,2,0,6,3,6917500,2
2972,1853,4,2,1,0,6,15424000,2
2015,1287,3,2,1,25,8,10417500,1
1529,956,2,1,0,20,4,7480500,3
2063,1571,1,1,1,21,8,9913500,1
1432,973,1,3,1,14,7,7564000,4
1654,1331,1,2,0,3,4,8283000,2
2248,1438,1,2,1,5,3,11016000,1
2500,1577,5,1,0,20,5,12800000,1
2057,1518,1,1,0,12,5,9766500,3
3484,2483,3,1,0,28,7,16568000,3
1999,1696,1,2,0,26,1,9225500,2
1042,887,4,2,0,22,9,6299000,1
2722,1729,1,3,0,12,2,13009000,1
1156,975,2,2,0,19,9,6272000,3
1778,1367,3,3,1,0,9,10101000,1
2637,1980,3,3,0,1,3,13496500,1
962,604,5,2,1,5,7,6629000,1
3095,2543,4,3,1,29,3,15447500,3
1857,1147,3,3,0,28,8,9696500,2
2441,1667,2,1,1,25,8,11834500,4
2909,1828,1,2,0,28,3,13380500,2
2450,1860,3,3,0,10,5,12575000,4
2772,2199,2,3,0,17,7,13684000,1
1510,1309,1,3,0,12,1,7505000,2
844,692,5,2,0,20,3,5448000,4
1141,1013,3,1,0,11,1,6064500,3
3132,2594,3,1,1,19,2,15064000,3
2769,1909,2,2,1,6,7,13840500,2
2772,2118,4,2,1,19,7,14194000,2
2172,1601,5,2,1,6,3,11854000,1
2817,2168,4,2,1,26,6,14206500,2
723,557,3,1,0,23,6,4193500,1
3293,2669,4,3,1,6,2,16748500,1
2331,1456,1,3,0,1,9,11819500,3
1385,1141,5,2,0,10,8,8332500,3
2643,1699,4,2,0,0,2,13593500,4
2848,1731,1,3,0,20,4,13516000,3
3016,2279,2,1,0,28,9,14262000,3
1396,1081,4,2,0,12,4,7842000,2
676,412,5,2,0,11,7,5072000,3
658,496,1,1,1,12,5,3621000,4
3078,2340,4,1,0,6,10,15631000,2
3285,2022,2,1,0,11,6,15662500,4
2123,1727,4,2,1,16,1,11033500,3
2536,1681,1,1,1,26,4,11742000,4
2756,2310,4,2,0,7,5,14112000,2
1901,1317,5,2,1,2,6,10864500,1
667,495,3,1,0,6,6,4281500,4
2952,2561,1,3,0,18,5,14074000,4
2532,2131,1,1,0,19,3,11664000,2
3321,2771,1,3,0,7,2,15804500,2
964,624,1,1,1,13,7,5078000,4
1420,872,4,1,1,13,1,7730000,3
2002,1565,5,2,1,1,5,11289000,4
2990,2162,2,2,0,5,4,14555000,2
1546,1349,5,2,0,15,7,8907000,1
2177,1534,1,2,1,25,2,10246500,1
1977,1429,4,2,1,8,8,10886500,3
2039,1545,4,2,0,25,9,10725500,4
1361,1141,1,2,1,24,10,6994500,1
940,639,4,3,1,20,1,5830000,4
982,866,1,3,0,14,5,5289000,2
1603,1221,5,2,1,18,4,9103500,1
2156,1837,3,3,0,14,5,11172000,3
899,681,4,1,1,21,9,5625500,2
738,613,1,3,1,11,3,4301000,3
958,589,1,2,0,8,1,4901000,2
1435,1205,4,3,0,15,3,8107500,1
2122,1606,2,1,0,5,4,10449000,3
2227,1636,1,3,0,19,2,10641500,3
2582,1635,4,2,0,27,1,12729000,2
1903,1565,1,1,0,26,1,8593500,3
3130,2001,2,1,1,14,8,15155000,2
1508,991,3,3,1,12,4,8396000,2
1734,1106,2,1,0,20,2,8303000,2
2786,1677,5,1,0,22,10,14297000,2
1595,1273,4,1,0,9,3,8547500,1
3082,2099,2,2,1,13,8,15159000,2
3156,2035,3,1,1,28,6,15192000,4
2920,2032,1,3,1,2,8,14550000,3
2751,2062,4,3,1,29,10,14249500,4
1837,1379,2,1,0,11,5,9096500,1
2384,1693,3,3,1,24,3,12048000,4
3409,2551,2,1,1,0,6,16590500,3
3434,2500,5,3,1,23,10,17743000,4
764,646,4,1,0,20,8,4838000,1
1598,972,1,1,1,15,5,7791000,2
3167,2724,3,1,0,9,5,15421500,4
1907,1283,2,2,1,8,3,9721500,1
3164,2583,4,3,1,17,3,15998000,1
1256,906,2,1,1,0,8,7002000,3
3260,2243,4,2,0,9,1,16140000,3
2811,2205,5,2,1,6,4,14779500,4
2509,2084,2,1,1,9,9,12510500,2
2646,1944,5,1,0,11,6,13687000,1
2711,2006,3,1,1,10,6,13549500,4
1740,1074,5,1,1,8,10,10020000,1
2489,2183,4,1,1,29,7,12520500,1
866,739,3,3,1,4,7,5817000,2
2445,1758,2,1,1,26,6,11732500,2
2308,1914,2,1,0,3,9,11576000,4
2893,2007,4,3,1,19,8,14988500,2
3042,2491,1,2,1,27,8,14399000,2
2110,1593,1,3,0,12,2,10255000,4
1075,793,2,2,0,7,7,6047500,2
1576,972,4,2,1,15,1,8592000,3
1807,1607,1,3,1,0,10,9681500,1
1643,1398,5,1,1,16,8,9323500,1
2560,2145,2,2,0,14,3,12390000,1
1157,800,5,1,1,23,9,7046500,1
1617,1110,4,3,0,14,5,9046500,4
2205,1702,5,2,0,17,7,11832500,1
1482,1265,1,1,0,25,7,7019000,1
2794,2459,1,2,1,5,9,13773000,1
1265,861,3,2,1,1,2,7222500,1
3267,2555,2,3,1,4,4,16171500,3
2371,1937,4,1,0,18,8,12109500,1
3467,2315,2,1,1,6,5,16681500,3
1463,1056,5,2,1,8,5,8723500,4
1181,775,4,1,0,1,3,6844500,2
1294,1047,4,2,0,6,5,7553000,1
1851,1590,1,3,0,28,7,9019500,2
2210,1907,5,3,0,28,4,11685000,2
1839,1473,1,1,0,23,8,8715500,4
3054,2150,1,3,1,13,6,14833000,2
998,796,3,3,0,25,6,5791000,3
2546,2187,1,1,1,23,6,11947000,2
1314,1035,2,2,0,22,4,6673000,2
1303,943,4,3,1,29,3,7383500,2
3408,2985,1,1,1,14,10,16206000,1
3146,2675,2,1,0,11,6,15037000,1
2314,2000,5,1,0,19,6,12033000,3
2572,2240,4,3,1,3,2,13564000,3
681,489,5,3,0,25,10,5164500,1
1203,1032,2,2,0,12,9,6623500,3
2570,1981,5,2,0,28,4,13105000,1
2310,1412,5,2,0,8,4,12335000,4
2646,2092,5,2,0,11,10,14087000,2
3419,2534,1,2,0,9,8,16305500,2
1502,1025,1,2,0,8,3,7449000,3
964,859,1,1,0,20,10,4938000,1
762,469,4,2,1,22,7,5089000,1
3158,2790,2,3,1,6,7,15791000,3
2463,1595,1,2,0,24,2,11403500,1
715,509,5,3,0,11,3,5247500,4
2984,2163,5,2,1,15,4,15378000,2
1480,1212,5,1,0,14,2,8180000,3
3384,2249,5,1,0,6,9,17258000,3
1439,1289,3,3,0,7,10,8335500,1
2794,2304,4,2,0,6,6,14353000,3
1946,1628,2,1,1,10,1,9557000,4
3090,1952,2,1,0,3,1,14695000,1
3484,2588,1,2,1,27,8,16388000,1
1636,1445,3,3,0,17,6,8822000,1
1542,1050,2,3,1,18,10,8429000,1
2324,1495,4,3,1,6,7,12638000,4
2934,2187,5,1,1,29,6,14773000,1
3367,2959,1,2,0,26,2,15431500,3
1737,1295,4,1,0,26,3,8846500,4
3127,2255,2,1,0,12,8,15031500,2
621,493,3,1,1,8,4,4084500,2
2349,2069,1,1,0,28,8,10910500,3
1282,788,2,2,0,29,3,6339000,3
2433,1571,1,1,1,26,2,11178500,4
2967,1898,2,1,0,17,7,14161500,2
725,453,5,3,1,29,1,4982500,2
876,604,3,1,0,6,3,5072000,2
2599,1738,5,2,1,19,2,13465500,2
1827,1396,2,1,1,15,5,9121500,2
2841,1983,4,2,1,22,2,14194500,1
1295,934,5,2,1,27,10,7837500,3
1909,1684,4,2,1,4,5,10510500,1
656,424,2,3,1,6,3,4332000,2
618,442,3,3,1,5,9,4781000,4
2911,1971,4,1,0,28,10,14439500,4
3441,2631,2,1,1,1,9,16864500,2
712,584,4,1,0,27,8,4464000,2
1141,964,5,2,0,6,5,7164500,4
3294,2485,2,2,0,20,10,15923000,1
1178,1008,5,2,1,8,7,7541000,1
1688,1410,1,1,0,12,2,7956000,2
624,403,2,1,1,28,3,3348000,1
2172,1463,4,1,0,26,2,10754000,4
2648,2122,1,1,1,16,10,12746000,1
2172,1938,5,3,1,16,1,11754000,2
740,527,5,3,0,14,3,5300000,4
2367,1583,4,3,1,17,4,12461500,1
1247,1073,1,1,0,23,9,6101500,3
2835,1870,3,3,1,14,2,14227500,4
800,647,4,3,1,10,9,5800000,4
856,522,5,1,0,24,1,5122000,3
1146,694,2,3,1,26,9,6437000,3
2841,2089,1,1,0,26,6,13064500,4
3350,2669,3,1,0,11,8,16355000,3
1401,900,2,1,0,22,3,6814500,2
1541,1277,1,2,1,16,8,7864500,2
1013,646,4,1,0,11,9,6188500,2
2614,1986,4,3,0,6,7,13793000,4
1981,1371,1,3,0,28,4,9454500,3
1698,1401,3,1,0,23,6,8581000,3
1509,1269,1,2,1,6,6,7820500,1
787,487,2,2,1,28,2,4231500,1
2615,1720,2,2,0,27,2,12327500,3
1913,1660,4,3,0,20,5,10258500,3
2692,1950,1,2,0,27,1,12324000,3
2730,2028,4,2,0,22,5,13695000,4
1746,1135,3,1,0,9,10,9277000,3
957,859,2,2,0,15,3,5156500,1
2151,1886,5,2,1,10,3,11679500,4
1689,1014,5,2,0,15,8,9600500,3
2280,1744,1,1,0,1,3,10890000,1
3022,2603,1,1,0,24,3,13769000,4
761,554,5,2,0,1,1,5354500,3
2969,2170,1,3,0,17,8,14320500,3
1049,748,2,3,0,4,10,6340500,3
2097,1276,3,1,1,13,10,10926500,4
1636,1369,3,2,1,7,6,8972000,1
2831,2086,4,3,0,5,8,14839500,1
2758,2094,2,2,1,27,3,13171000,2
2550,1725,1,1,0,8,6,12115000,3
3155,2635,1,3,1,5,2,15247500,2
1913,1603,4,1,0,20,3,9758500,2
2942,2253,4,2,0,16,4,14719000,1
1838,1601,1,1,0,7,9,9081000,4
1573,998,1,1,1,2,4,7888500,4
1231,1029,2,1,1,11,7,6619500,1
2190,1680,4,1,0,12,8,11415000,4
1650,1104,2,3,0,17,5,8535000,2
3380,2162,1,2,1,22,2,15720000,3
2188,1510,5,3,0,10,8,12146000,1
2968,2543,5,2,0,1,5,15486000,3
2293,1917,1,2,0,13,5,11008500,4
1036,822,4,2,1,0,7,6762000,3
3428,2149,5,2,1,26,6,17256000,4
2156,1911,4,2,0,14,3,11172000,4
1676,1159,5,3,0,28,7,9432000,2
1904,1489,4,2,1,17,1,10028000,4
3373,2836,5,1,0,21,4,16658500,2
2678,1713,4,3,0,17,4,13711000,2
2984,2374,2,3,0,16,6,14608000,2
782,476,4,2,0,0,6,5419000,1
3191,2012,2,1,1,13,10,15549500,1
2069,1690,2,1,0,19,8,10130500,4
2079,1344,1,2,0,23,1,9645500,2
2189,1604,2,2,0,21,7,10780500,1
2187,1475,3,1,1,15,4,10991500,2
1259,914,2,3,1,3,6,7255500,3
759,472,4,3,1,21,10,5445500,3
3059,2528,2,2,0,5,9,15115500,3
1611,1004,4,3,0,24,3,8719500,4
652,555,4,3,0,15,8,4834000,2
3055,2440,3,1,1,19,3,14767500,3
3494,2533,2,3,1,5,6,17273000,1
1645,1414,2,1,0,14,2,8022500,3
1653,1084,5,2,0,25,9,9288500,3
3350,2275,5,2,1,0,2,17225000,3
2907,1863,1,1,0,6,5,13711500,4
1828,1306,4,1,0,22,6,9486000,1
2094,1876,3,2,0,10,4,10723000,2
3423,2219,5,1,1,0,7,17603500,1
2089,1774,2,2,0,7,7,10610500,2
1635,1300,1,2,1,13,7,8297500,4
2550,1542,3,2,0,4,7,13045000,4
1449,1280,2,2,1,12,10,7930500,4
953,849,2,2,1,14,10,5658500,4
1698,1489,4,2,1,8,9,9681000,2
2339,1755,4,3,0,7,2,12285500,3
2064,1374,5,3,0,18,5,11278000,2
1590,1140,5,2,0,16,10,9235000,1
1864,1461,2,3,1,18,9,9828000,4
2484,1772,2,1,1,29,2,11648000,4
2409,1957,5,1,0,17,3,12350500,1
2941,2466,5,2,1,17,7,15294500,2
2856,1893,2,3,1,26,9,14132000,3
1711,1234,3,1,0,3,3,8889500,3
1417,1257,2,1,1,1,10,7806500,1
2399,1619,3,1,0,23,8,11835500,3
2560,1802,3,1,0,4,8,12940000,2
3037,1854,2,3,1,16,4,14896500,2
2972,2079,1,1,0,21,6,13754000,1
1488,1058,5,1,1,27,8,8406000,2
2455,1546,4,1,0,6,9,12777500,4
1780,1068,2,2,0,28,2,8550000,1
1267,978,3,1,0,15,1,6551500,2
1232,850,2,1,0,0,5,6594000,1
3224,1951,5,3,0,28,10,16548000,3
2242,1923,3,1,0,11,3,11119000,2
736,570,4,1,0,18,6,4652000,4
2546,1658,4,1,1,8,1,12897000,2
2297,1974,4,2,0,15,4,11836500,1
1027,694,1,3,0,28,6,5261500,1
2075,1386,3,3,1,29,2,10507500,2
3259,2830,3,2,1,6,8,16395500,4
1418,927,1,2,0,29,4,6701000,4
2788,2407,3,3,1,28,2,13736000,4
1706,1434,1,1,0,14,1,7947000,1
2824,1956,2,3,0,11,8,14088000,2
797,486,5,2,1,3,10,6076500,3
3271,2043,4,1,1,5,1,16219500,1
2595,1642,1,3,0,5,7,12827500,4
3338,2894,1,1,1,14,7,15741000,2
3048,2198,1,1,0,27,6,13976000,4
1070,652,2,2,0,2,8,6175000,3
2865,2197,1,3,1,1,10,14422500,4
2548,1687,5,2,0,4,1,13336000,4
1528,1024,5,3,1,7,1,9036000,3
2610,1691,4,3,1,18,1,13385000,2
3279,2717,2,1,1,20,6,15605500,1
1505,903,5,1,0,29,7,8242500,2
2822,2064,3,1,0,15,10,13999000,3
622,389,3,2,0,18,9,4189000,4
834,638,3,1,1,29,10,4923000,2
1724,1213,1,2,0,22,5,8268000,1
1528,929,1,1,1,15,1,7276000,3
1122,828,3,2,1,5,9,6849000,2
2408,1856,4,3,0,21,5,12466000,1
1030,694,4,2,1,0,6,6685000,3
1392,1154,1,2,0,17,9,7074000,1
2229,1585,3,2,1,21,2,11160500,3
2336,1926,4,3,0,7,3,12322000,4
1132,875,1,2,1,4,7,6214000,2
2346,2019,3,3,1,11,3,12137000,1
2275,1738,2,1,0,17,2,10797500,3
1916,1256,3,1,0,4,7,9992000,1
3457,2927,3,3,0,24,8,16976500,1
1512,1262,5,2,0,21,9,8734000,2
1724,1537,5,1,0,28,2,8998000,4
2125,1334,2,2,1,12,2,10572500,1
1927,1497,2,2,1,20,7,9771500,3
3187,2382,3,3,0,25,4,15541500,3
1623,1300,4,1,0,21,5,8533500,4
2176,1945,2,3,1,28,1,10632000,3
1978,1502,3,3,1,11,6,10631000,4
2119,1707,1,3,0,15,10,10635500,3
2281,1606,5,3,0,13,8,12504500,2
2597,1791,4,2,0,10,1,13136500,1
826,578,3,1,1,27,2,4527000,2
1859,1136,1,1,1,8,7,9205500,1
1472,1008,5,1,1,22,2,8134000,1
1491,971,1,2,1,9,9,7829500,1
2078,1531,3,2,0,15,6,10651000,2
1636,1207,2,3,0,18,5,8452000,1
2857,2370,5,3,0,9,7,15126500,2
3388,2543,1,3,1,25,10,16296000,4
996,735,2,3,1,20,8,5832000,3
1723,1153,4,1,0,3,9,9543500,3
2678,2291,3,3,0,26,6,13331000,1
1248,782,3,2,1,20,5,6916000,2
928,830,5,2,0,7,7,6286000,3
2082,1546,1,2,0,10,2,9969000,2
1551,1017,4,3,1,29,8,8749500,2
2605,1839,5,1,0,5,4,13522500,1
2616,1581,5,1,1,3,1,13612000,3
3268,2124,1,3,0,20,3,15356000,1
2478,1736,4,3,0,26,9,12881000,1
1796,1376,1,2,0,22,4,8542000,3
2372,1515,3,2,1,29,10,12044000,3
761,610,2,1,1,23,10,4414500,4
2351,2006,3,2,1,4,3,12099500,4
1375,1061,3,2,1,17,4,7497500,2
2427,1672,5,3,0,21,3,12751500,3
2921,1858,3,1,1,24,3,14064500,4
1651,998,4,3,0,2,2,9289500,2
2973,2436,3,1,0,6,6,14658500,2
1539,1213,4,3,0,23,10,8765500,2
1139,846,1,1,0,21,6,5505500,4
3135,1976,5,2,0,11,10,16287500,3
1421,940,4,1,0,2,4,7954500,1
2061,1740,3,1,0,16,8,10454500,2
1688,1255,5,3,1,2,6,10106000,4
955,848,5,1,0,10,8,6197500,4
834,750,4,1,1,5,6,5503000,1
2874,2414,4,1,0,10,9,14583000,1
2148,1455,2,3,1,3,3,11106000,4
2696,1804,2,1,0,16,3,12762000,3
717,484,5,3,1,21,2,5156500,1
2701,2420,2,2,0,0,10,13654500,4
2273,1592,3,3,1,11,6,11958500,1
3212,2607,1,1,1,23,7,14994000,3
1667,1479,5,2,1,2,7,9861500,2
2700,2283,1,1,0,15,5,12600000,1
1157,901,2,3,0,2,6,6666500,3
2415,1571,4,2,1,13,7,12707500,4
2605,1699,5,2,1,16,2,13552500,1
997,745,2,2,0,18,10,5626500,1
1274,1128,3,1,0,6,7,7063000,4
986,859,5,2,0,25,1,5887000,2
2758,1792,5,2,0,23,6,14151000,4
3261,2238,4,2,0,10,8,16474500,1
2664,2068,5,2,1,15,1,13788000,4
1483,1102,4,3,1,23,1,8213500,3
1140,724,2,1,1,18,6,6020000,4
770,547,3,1,1,4,5,4885000,1
3056,2708,3,2,0,0,3,15202000,4
1339,1185,5,3,0,24,10,8145500,2
2001,1536,5,2,1,23,10,11094500,4
2877,2274,2,1,0,9,7,13916500,2
718,478,4,1,0,17,7,4641000,3
3431,2822,3,1,1,9,7,16859500,2
3112,1916,4,2,1,0,6,16054000,4
2751,1832,2,2,0,28,4,13019500,1
3345,2012,3,3,1,12,9,16912500,2
2595,1857,3,3,0,3,9,13567500,3
2305,1970,1,1,1,24,7,10892500,2
2322,2077,2,1,0,11,7,11379000,2
2822,2258,2,3,1,23,8,13989000,2
3392,2793,1,1,0,15,5,15714000,3
2297,1559,4,3,0,18,9,12226500,4
2044,1545,1,2,0,25,6,9698000,2
2359,1936,2,1,1,11,7,11695500,2
2124,1591,4,1,0,5,7,11208000,1
1264,791,3,3,0,15,9,7338000,3
632,519,1,2,1,11,7,3824000,2
2702,1799,4,1,1,24,3,13379000,3
3166,1992,4,1,0,25,6,15447000,2
3403,2529,4,3,0,23,6,16953500,4
2659,1654,1,2,1,9,7,12985500,4
2151,1696,3,3,1,4,6,11549500,2
1319,1044,4,2,0,27,4,7195500,4
3202,2167,1,2,0,28,6,14849000,2
3020,2685,2,3,1,27,3,14550000,4
1083,917,1,3,0,24,1,5343500,1
1572,994,1,2,0,24,1,7344000,1
3270,2696,1,3,0,18,5,15505000,1
906,639,4,1,1,11,8,5807000,3
1056,871,1,1,1,7,3,5412000,3
2807,2358,2,1,0,3,2,13471500,1
930,600,4,1,0,25,8,5485000,3
3423,2733,2,1,0,6,9,16533500,4
824,707,5,3,1,25,9,5908000,2
3376,2353,1,2,0,23,2,15532000,2
2079,1297,4,3,1,22,8,11265500,2
1682,1022,4,1,0,4,2,8989000,1
1243,786,1,1,1,10,7,6393500,3
1215,730,3,3,0,16,8,7047500,4
794,554,3,3,1,27,1,4733000,4
1088,750,2,2,1,23,8,5986000,1
2804,1775,1,1,0,20,3,12868000,4
3257,2590,1,3,1,2,1,15716500,4
1849,1659,5,2,0,1,7,10550500,4
3059,2662,3,1,1,18,10,15155500,4
1702,1150,3,1,0,28,3,8349000,3
1747,1451,1,1,1,24,8,8431500,4
3118,2747,2,3,1,1,9,15811000,2
1841,1605,1,1,0,13,2,8624500,1
1115,964,2,1,1,25,1,5517500,3
2225,1859,3,2,0,0,8,11712500,4
1727,1187,5,3,0,15,10,10071500,3
992,620,4,2,0,14,6,6084000,4
1230,918,3,3,1,17,10,7345000,2
2447,1508,2,1,1,28,1,11451500,1
3255,2928,1,2,1,1,3,15627500,4
1579,1117,3,3,0,27,9,8515500,4
1033,916,5,3,0,10,9,6998500,4
3187,2651,2,1,1,20,6,15191500,4
877,634,1,1,0,16,3,4276500,1
832,528,4,2,1,12,8,5654000,1
2152,1444,2,2,1,11,6,10914000,2
2194,1759,1,3,0,25,1,10323000,1
1713,1454,4,2,0,23,6,9148500,4
3009,2689,1,1,0,1,5,14270500,2
625,399,4,2,0,21,8,4392500,2
2017,1304,4,2,1,20,2,10526500,2
3154,1932,4,3,0,17,7,16003000,4
2914,1976,1,1,0,9,6,13733000,3
1060,897,4,3,0,11,1,6400000,4
3103,2046,2,1,1,16,8,14993500,1
1691,1292,5,1,0,21,6,9189500,1
1606,1178,5,3,0,13,3,9217000,4
2594,1809,4,2,1,21,5,13253000,4
1090,856,5,3,1,18,7,7145000,2
1672,1255,5,2,1,12,9,9784000,4
3211,2249,4,3,0,23,4,15989500,2
815,657,4,3,1,24,2,5237500,1
2323,1588,2,2,1,2,3,11713500,2
2192,1738,3,2,0,24,7,11034000,4
3206,2844,1,2,0,7,8,15387000,1
758,620,4,3,1,4,5,5531000,3
3136,2275,4,2,0,21,3,15442000,2
1285,1059,5,2,0,27,1,7192500,1
3441,2899,2,2,1,27,10,16594500,2
2376,1657,5,1,0,11,1,12222000,1
2652,2152,4,2,0,0,2,13634000,1
2443,1784,4,2,1,20,5,12593500,2
3008,2543,5,2,1,25,3,15236000,3
3106,2138,4,1,0,15,7,15427000,1
2895,2551,3,1,1,25,2,13877500,1
2189,1690,1,2,1,11,2,10580500,1
2296,1620,1,2,0,22,3,10742000,3
3069,2227,1,2,0,16,1,14240500,3
2546,1793,3,2,0,25,2,12357000,4
2662,1713,4,1,1,8,5,13619000,2
3383,2099,5,2,1,12,3,17183500,3
1745,1215,2,1,0,22,10,8712500,2
2924,2156,4,3,0,3,6,15198000,4
2181,1545,3,1,0,26,2,10494500,2
3100,1872,3,3,0,3,8,15790000,3
3245,2510,1,1,1,26,4,14932500,2
3093,1990,4,1,1,14,3,15338500,3
2857,1895,1,1,1,9,5,13576500,2
3361,2138,2,2,1,22,8,16234500,3
2949,2229,1,1,1,5,9,14270500,3
2532,1591,2,2,1,2,1,12554000,2
2357,1595,3,1,0,29,4,11326500,4
2650,1949,1,1,1,24,6,12395000,1
1589,1033,1,3,1,14,6,8220500,4
2141,1571,5,1,1,5,9,11834500,2
1716,1206,3,2,1,10,1,9022000,4
3167,2717,5,3,0,1,5,16581500,3
1092,915,2,3,0,25,10,6114000,1
1219,1094,2,1,1,27,1,5945500,2
2978,2259,3,1,0,1,6,14781000,2
2980,2302,2,3,0,0,9,15060000,2
2697,2384,3,2,0,10,4,13436500,1
2146,1544,2,1,0,4,10,10877000,3
1462,1120,4,3,1,25,10,8529000,2
2291,1635,1,2,1,5,9,11509500,4
2205,1684,4,1,1,2,3,11582500,2
2919,1822,3,3,1,19,7,14755500,2
1179,984,3,3,1,4,5,7125500,2
2490,2230,4,1,0,19,10,12725000,2
1875,1161,1,2,1,8,1,9177500,3
3207,2694,1,2,1,27,7,15091500,4
3343,2248,5,3,0,18,8,17183500,3
2455,1618,2,2,0,4,6,12267500,4
3093,2499,5,3,1,22,1,15778500,2
1955,1198,1,1,0,11,9,9527500,1
1762,1302,4,2,1,11,7,9809000,3
956,574,2,1,0,15,6,5102000,1
2224,1704,4,3,1,6,4,12038000,3
2921,2157,5,1,1,13,3,14884500,2
2606,2279,3,2,1,21,4,12957000,3
2958,2413,4,1,1,8,1,14751000,2
1469,936,5,2,0,14,9,8680500,3
1485,1048,5,2,1,22,2,8392500,2
2601,2287,5,2,1,10,2,13654500,2
2801,2290,3,2,1,3,3,14144500,4
2013,1566,3,2,1,10,1,10358500,2
1883,1445,3,3,0,25,10,9973500,4
1219,876,2,1,0,8,3,6275500,2
1482,1149,3,3,1,5,4,8419000,1
1396,1160,3,1,1,16,9,7662000,2
2772,1769,3,1,0,8,5,13664000,1
1896,1689,4,1,1,26,6,9862000,1
1218,818,3,3,1,22,1,6741000,2
2434,1787,2,2,0,5,3,12003000,1
844,512,5,2,0,5,7,5948000,4
3495,2674,4,3,0,3,7,17817500,3
3097,2212,1,2,1,19,10,14906500,2
1529,1031,3,1,1,10,1,7980500,1
1870,1674,5,2,1,2,9,10875000,2
1119,815,5,2,1,23,1,6675500,4
3009,2179,4,2,0,23,7,15030500,2
607,448,1,1,0,17,2,2991500,2
3125,1983,2,2,0,15,9,15212500,1
2619,1880,5,2,0,20,9,13735500,4
1094,766,5,2,1,15,9,7123000,3
2229,1648,5,3,1,28,4,11920500,3
3480,2982,5,3,0,24,6,17580000,1
1662,1093,4,2,1,11,2,9109000,2
3240,2534,1,3,0,13,3,15370000,1
786,480,5,3,0,8,6,5777000,1
3401,2363,2,1,1,6,1,16184500,1
2477,1837,2,3,1,13,7,12586500,2
2740,1705,3,3,1,19,2,13700000,4
685,522,5,2,1,19,8,5152500,1
736,510,5,1,1,9,5,5232000,2
3068,2754,5,1,1,10,7,15806000,4
2721,2147,5,1,1,6,8,14374500,1
2236,1505,5,3,1,18,3,12102000,3
2818,1777,2,2,0,18,6,13621000,4
2351,1439,1,1,0,20,9,11129500,1
2817,1766,1,1,1,10,4,13326500,4
2387,1919,3,3,1,28,10,12331500,4
1471,1259,2,1,0,5,7,7669500,4
2969,1921,5,2,0,7,1,15170500,4
3103,2236,1,1,0,0,7,14813500,4
1543,1089,4,2,0,22,9,8553500,4
2226,1766,4,2,1,7,10,12127000,1
3437,2250,4,2,0,4,8,17386500,3
3260,2888,5,3,0,27,4,16430000,2
948,776,5,3,0,9,3,6336000,4
2276,2017,3,2,0,1,7,11872000,2
1796,1227,3,2,1,3,1,9522000,1
609,472,3,1,0,21,8,3820500,4
3387,2776,4,1,1,24,1,16361500,3
2061,1676,5,1,1,1,7,11454500,2
1266,767,4,3,1,14,6,7667000,4
3193,2872,3,1,1,19,10,15738500,1
2122,1864,5,2,1,9,8,11819000,3
2776,1765,2,2,0,20,6,13392000,2
1200,915,1,3,1,29,5,6120000,2
3252,2258,1,3,0,23,9,15524000,4
926,799,3,1,0,23,4,5007000,3
1579,1277,4,3,1,1,7,9385500,3
3051,2035,2,2,1,5,6,15079500,3
1228,749,5,2,0,21,10,7506000,3
2229,1532,4,3,1,28,6,11720500,1
3365,2057,3,2,1,13,5,16582500,3
873,560,4,3,1,4,2,5898500,2
1284,1015,3,2,0,23,4,6818000,2
715,588,1,1,0,25,1,3267500,1
1460,1080,1,3,1,1,9,8050000,2
2603,2030,4,3,1,13,9,13853500,2
1292,835,2,3,1,12,8,7324000,3
1705,1185,5,2,0,1,4,9752500,2
2971,2417,3,1,1,29,5,14289500,1
2761,1958,5,3,1,22,1,14284500,3
2392,1685,1,2,1,8,4,11654000,4
753,495,2,3,1,2,4,4898500,3
2500,1946,2,2,0,14,5,12220000,1
2027,1708,5,1,1,22,2,10631500,3
1889,1399,1,2,1,2,2,9410500,3
914,580,5,2,0,11,2,5893000,1
1664,1416,4,3,1,5,8,9738000,3
704,437,2,2,1,18,2,4058000,1
2524,1871,2,3,0,16,6,12538000,1
2513,1704,4,2,1,5,2,13058500,4
1816,1599,1,1,0,26,8,8552000,2
2024,1662,2,2,1,18,1,9948000,2
3001,2310,3,3,1,16,2,14934500,3
2372,1898,3,2,1,15,5,12074000,3
2560,1945,1,2,0,20,6,12120000,4
3380,2177,4,1,1,7,9,17070000,4
2203,1790,5,3,0,23,6,11853500,4
1308,978,1,1,0,23,8,6326000,1
1250,987,5,2,0,18,7,7515000,4
3471,2129,1,1,0,7,1,16029500,4
1546,993,3,2,0,19,2,7977000,3
1260,978,4,2,0,14,4,7190000,4
2746,2026,3,1,1,7,1,13517000,1
3235,2161,4,1,1,2,8,16467500,1
2929,1968,5,2,1,15,4,15130500,3
3050,2407,1,1,1,2,7,14685000,4
1732,1069,2,1,0,0,7,8944000,4
1299,948,2,2,1,7,8,7255500,1
2846,2154,4,3,1,23,9,14747000,4
2638,1826,4,1,0,8,9,13561000,4
2974,2516,3,1,1,21,7,14563000,4
2801,1728,2,3,0,11,9,14034500,2
1151,989,3,1,1,17,5,6339500,3
1004,820,5,2,1,16,10,6748000,2
1061,778,2,1,0,7,4,5634500,3
2779,2438,5,2,1,25,3,14205500,1
3438,2787,1,3,1,19,6,16441000,4
1473,1295,3,3,1,10,10,8578500,3
683,506,4,3,1,29,9,4893500,2
2022,1487,2,1,0,26,4,9579000,4
3401,2582,3,3,1,6,2,16934500,1
3275,2029,4,1,0,13,3,16027500,3
820,715,1,1,0,9,3,4160000,3
3200,2561,2,1,1,14,2,15170000,3
1991,1563,5,3,0,11,9,11289500,4
711,624,1,3,1,19,4,4069500,2
1214,1090,4,1,0,16,3,6693000,2
2181,1415,2,3,0,7,10,11374500,3
1074,885,2,1,0,25,6,5433000,1
3483,2695,1,3,0,13,8,16713500,1
2513,1855,2,2,1,24,8,12378500,2
870,777,4,3,1,25,10,5865000,1
3068,2623,1,3,1,14,6,14876000,2
2520,2038,5,3,1,24,5,13360000,3
3354,2397,1,1,0,24,7,15463000,2
1990,1591,1,1,1,27,3,9215000,2
639,485,5,2,1,27,10,4885500,3
2582,1742,4,2,1,26,2,12949000,1
2836,2084,3,2,0,10,8,14262000,2
1593,1057,3,1,0,11,9,8498500,2
2612,1959,5,2,0,19,6,13574000,3
3183,2597,4,2,0,15,4,15823500,1
889,543,2,3,0,24,6,5020500,2
3080,2555,5,2,1,26,7,15740000,3
3118,1889,3,3,0,19,8,15551000,2
3275,2473,4,1,1,17,3,16097500,4
878,677,1,1,0,9,6,4571000,3
1180,977,4,3,0,18,10,7250000,1
1462,1210,4,2,0,17,6,8139000,1
853,618,3,1,0,29,10,4858500,1
780,483,3,3,0,0,7,5360000,1
1280,1034,2,1,0,26,4,6240000,2
1424,1072,2,1,1,21,6,7238000,2
1299,909,5,2,0,3,2,7785500,1
3213,2154,1,1,0,22,8,14918500,1
1949,1239,2,3,1,6,3,10150500,1
1980,1363,3,2,0,29,9,10080000,2
2273,1676,4,3,0,25,8,11928500,1
3327,2472,5,3,1,0,6,17521500,1
3038,2353,2,3,1,27,10,14981000,4
2238,1586,4,2,0,28,2,11211000,4
2557,2239,4,1,0,24,8,12826500,1
811,607,2,3,0,7,6,5009500,3
2138,1554,1,1,0,25,1,9671000,1
983,604,1,1,0,16,6,4903500,4
2314,1804,5,3,0,28,5,12203000,3
941,734,1,1,1,7,6,5044500,3
2438,1889,5,2,1,4,1,12991000,1
2587,2241,3,2,1,0,4,13291500,4
1443,1196,2,1,1,14,7,7513500,4
2134,1835,4,1,0,3,5,11193000,3
1019,629,5,2,1,6,6,6815500,1
3398,2363,1,1,0,13,2,15631000,2
2588,1800,5,1,0,11,8,13526000,2
2532,2018,5,1,1,20,10,13344000,4
2449,1798,1,1,0,26,4,11200500,2
905,754,1,3,1,2,6,5382500,4
3349,2395,2,1,1,27,3,15630500,4
1468,978,4,2,1,26,9,8286000,4
3184,2188,2,3,1,19,8,15698000,2
1735,1135,2,3,1,17,6,9117500,4
2034,1341,1,2,0,7,9,10163000,3
805,535,1,1,1,27,10,4232500,1
1095,662,4,3,0,1,9,7157500,1
2509,2044,5,3,0,29,2,12910500,4
3151,2268,2,1,0,28,9,14869500,1
1645,998,4,1,0,26,8,8682500,2
812,577,2,2,1,5,2,4804000,2
909,792,5,3,0,29,9,6060500,1
3308,2492,2,1,1,6,5,15966000,2
2591,2321,3,1,0,6,9,13089500,1
3400,2590,4,2,1,12,3,16960000,1
871,774,1,3,1,0,4,5169500,1
2422,1599,2,1,1,7,1,11759000,4
2679,1840,4,2,1,24,5,13575500,1
1042,844,4,3,1,29,7,6409000,4
2809,2516,2,3,0,29,7,13610500,1
3414,2893,1,3,0,22,6,16123000,1
853,653,1,3,0,12,6,4798500,1
1120,700,2,2,0,23,8,5980000,2
1576,1117,4,1,1,19,10,8762000,4
609,381,1,3,0,27,9,3550500,4
3373,2338,2,3,0,23,4,16118500,1
3152,2135,2,1,0,18,4,14824000,1
3432,2459,2,3,0,28,8,16484000,2
2183,1858,4,3,0,16,5,11553500,2
3083,1988,1,1,1,12,10,14783500,2
1734,1199,4,1,1,28,9,9243000,4
752,510,3,3,0,15,6,4884000,4
2258,1555,1,1,1,23,9,10801000,4
3400,2407,4,2,0,14,4,16820000,1
2456,1653,1,2,1,10,1,11752000,4
1814,1601,3,3,1,11,4,9793000,3
2352,1707,5,3,0,21,9,12714000,3
3210,2035,2,1,1,24,7,15265000,2
1704,1261,4,1,0,2,6,9328000,4
3136,2055,3,3,0,23,2,15252000,3
1494,993,3,3,1,24,4,8093000,2
1711,1172,1,2,1,8,1,8439500,4
703,448,1,1,1,27,3,3423500,1
2514,2052,2,3,1,13,2,12503000,3
1606,1345,1,3,0,29,4,7747000,1
1006,722,4,1,0,6,4,6007000,4
2001,1614,4,1,0,27,9,10314500,3
766,548,4,3,0,10,7,5397000,4
1108,719,5,3,0,9,3,7056000,1
2261,1625,4,3,0,2,7,12284500,3
2960,2270,1,1,1,18,8,14010000,1
1362,833,1,3,0,1,7,7359000,4
1280,1019,4,3,0,16,8,7640000,4
3124,2570,3,3,1,28,9,15598000,1
2720,2333,3,2,1,1,1,13720000,3
1764,1112,3,2,0,20,10,9338000,1
1181,708,2,1,0,15,6,6114500,4
861,535,5,3,1,16,4,6004500,1
1963,1722,4,3,0,9,1,10503500,4
1931,1602,2,1,1,3,2,9679500,1
2892,2460,3,1,1,10,10,14564000,3
2138,1614,4,1,1,25,4,10871000,3
1160,879,2,3,0,25,1,5970000,1
1699,1171,1,2,0,16,6,8325500,1
2503,2134,3,1,1,27,1,12023500,3
774,657,2,3,1,25,9,4783000,4
2756,1977,1,1,0,23,10,12942000,3
2830,1977,3,3,0,11,3,14165000,4
791,649,5,1,0,20,1,4909500,1
664,403,3,3,1,9,6,4758000,1
2097,1799,5,1,1,15,6,11286500,4
2167,1590,5,2,1,3,7,12091500,1
1751,1282,5,1,0,2,7,9889500,4
2537,2031,4,1,1,8,10,13306500,2
968,768,4,2,1,5,4,6206000,3
1450,985,5,1,1,11,5,8405000,2
642,566,1,2,0,0,3,3739000,4
2507,2246,5,3,1,13,6,13571500,3
3135,2375,2,2,1,23,7,15147500,4
677,520,5,2,0,9,9,5216500,3
3473,2661,4,3,1,17,9,17688500,3
2424,1807,4,2,0,12,5,12518000,3
1893,1672,2,2,0,8,4,9558500,3
1273,857,2,3,1,26,7,6908500,4
1300,822,3,1,0,22,3,6660000,3
1358,1193,1,1,1,18,4,6601000,3
2523,1675,1,2,0,3,9,12443500,2
3375,2783,1,1,1,2,5,16047500,1
1501,992,4,1,0,5,10,8554500,1
1592,1413,1,2,0,8,7,8054000,2
1791,1499,3,3,0,9,2,9479500,2
2986,2614,3,1,1,8,9,14977000,4
2840,2514,1,2,1,16,5,13560000,4
2076,1298,2,3,1,9,5,10762000,4
2930,2138,3,1,0,5,4,14385000,2
989,785,2,3,0,15,8,5750500,2
1599,1344,4,2,1,16,4,8825500,3
1124,755,3,3,1,10,2,6608000,4
2455,2146,2,3,0,19,5,12117500,4
2106,1403,1,2,0,6,3,10207000,4
1258,1081,4,1,0,3,4,7201000,1
3363,2535,5,1,1,24,3,16653500,3
1490,1124,5,3,0,29,7,8575000,4
2081,1482,1,3,1,9,6,10534500,4
1051,663,4,3,0,20,2,6229500,4
3075,2165,4,3,1,13,8,15927500,1
2137,1555,4,1,0,24,5,10786500,1
1482,1102,4,2,0,16,6,8249000,2
912,749,5,2,1,28,8,5994000,3
1439,1015,2,2,0,27,7,7285500,2
3166,2285,4,3,0,13,3,15937000,3
974,849,2,3,0,19,2,5303000,1
1050,867,4,2,1,22,3,6185000,4
1194,724,3,1,0,12,8,6633000,2
1833,1546,3,2,1,1,4,9878500,4
1099,985,3,1,0,8,8,6285500,2
1063,937,4,3,0,2,4,6743500,1
712,605,2,2,1,3,7,4644000,1
1635,1289,5,2,1,11,6,9487500,1
2978,2035,1,3,1,29,10,14371000,2
2524,2009,5,1,1,14,1,12978000,3
739,597,4,2,1,19,8,5095500,2
2024,1385,3,2,1,7,6,10718000,3
1116,755,3,1,0,17,2,5882000,2
3216,2312,2,2,0,4,5,15642000,2
2547,2018,4,2,0,1,2,13141500,1
3493,2402,5,3,0,27,10,17778500,4
2765,2119,4,1,1,21,7,13922500,4
1487,1293,4,2,0,8,10,8631500,3
1941,1336,3,2,0,27,6,9794500,4
649,577,5,3,0,24,7,4890500,2
618,458,1,2,1,13,6,3671000,2
1325,835,3,3,1,0,10,8112500,1
2844,1753,5,2,0,19,1,14368000,1
2073,1454,2,3,1,3,3,10768500,4
3206,2172,3,1,0,16,10,15707000,3
1051,896,2,1,1,9,2,5599500,4
2936,2411,3,2,0,1,1,14542000,4
1764,1526,4,2,1,5,1,9638000,4
1707,1325,5,3,0,25,4,9481500,4
3038,2219,2,3,0,18,1,14561000,2
814,554,3,1,1,8,2,4853000,3
2149,1665,2,2,1,18,1,10510500,2
2862,2247,3,3,1,18,6,14469000,3
727,521,3,1,1,8,4,4561500,1
2445,2153,1,1,0,2,8,11862500,4
1359,1076,1,3,0,5,5,7165500,2
3051,2597,1,2,0,5,10,14829500,3
2415,1898,2,1,0,16,5,11597500,1
2985,2074,4,3,0,12,8,15392500,1
3478,2855,3,1,0,12,10,17011000,4
3361,2248,5,2,0,6,6,17204500,3
960,747,1,3,0,8,6,5360000,2
1168,841,2,2,1,24,3,6076000,4
2015,1299,2,2,0,24,6,9887500,2
2865,2074,2,1,1,17,10,14002500,1
2197,1522,5,2,1,0,7,12286500,2
2292,1452,5,1,1,21,2,11844000,2
801,678,1,3,1,21,3,4384500,4
2664,1996,5,3,0,19,6,14008000,2
2969,2089,1,1,1,12,10,14270500,4
1117,839,5,1,0,7,9,7036500,1
1948,1609,5,1,0,20,9,10516000,4
2035,1232,5,2,1,22,8,11167500,4
1941,1482,1,3,0,8,8,9874500,3
1280,951,3,3,0,28,9,7150000,2
2588,2246,1,2,1,0,9,12946000,1
2091,1603,3,1,1,8,10,10999500,4
1024,656,2,3,0,28,9,5698000,1
2568,1840,2,2,0,28,5,12246000,3
2312,1817,1,1,0,19,6,10824000,2
3034,1862,3,3,0,22,5,14963000,4
1377,1191,3,1,1,10,1,7296500,2
2745,1702,3,2,1,19,4,13622500,3
2426,1477,2,3,1,3,1,12257000,3
807,484,1,1,1,28,1,3771500,1
2137,1720,4,1,0,15,3,10866500,4
2259,1664,3,1,1,13,7,11505500,1
3233,2039,3,2,0,19,1,15518500,3
2813,2410,4,1,0,21,7,13988500,2
621,410,1,3,1,20,10,3944500,1
753,525,3,3,0,17,10,5048500,1
2562,1673,1,1,0,24,1,11599000,2
818,718,3,2,0,26,9,4911000,1
1268,1049,5,3,1,21,5,7786000,2
2118,1730,3,3,0,25,6,10831000,4
2877,1764,5,3,0,21,9,15076500,2
2667,2018,1,1,0,8,3,12491500,4
3200,2472,3,3,0,0,3,16050000,2
1549,1107,2,1,1,22,5,7730500,3
2795,1946,2,1,1,2,7,13837500,3
1002,857,4,1,0,19,3,5679000,4
1195,725,2,1,0,0,4,6377500,4
3014,2373,5,1,0,2,2,15323000,3
2037,1463,2,3,1,13,9,10706500,4
3449,2758,2,1,1,29,10,16390500,2
1757,1158,2,1,0,13,9,8896500,2
2342,1572,3,1,0,22,2,11299000,3
1906,1479,4,1,1,29,5,9797000,1
672,600,1,1,0,21,1,3154000,2
1080,963,4,1,1,12,8,6570000,4
1159,781,5,3,0,0,6,7615500,1
1344,847,3,1,0,14,10,7368000,1
2066,1605,3,1,0,24,10,10417000,2
699,507,2,3,0,19,2,4065500,2
1682,1393,2,3,1,6,2,8899000,1
3155,2392,5,2,1,15,10,16447500,1
2905,2187,3,3,1,19,5,14592500,3
1012,803,1,3,0,22,7,5364000,4
1688,1076,4,1,0,20,9,9046000,3
3242,2603,3,2,1,0,9,16489000,2
1777,1326,1,1,1,14,6,8666500,3
2608,2206,1,2,0,19,2,12156000,3
2913,1869,4,1,1,14,6,14678500,3
1420,980,1,3,0,18,1,6980000,3
1261,1116,5,3,1,5,2,7924500,4
1159,887,1,2,0,5,3,5965500,4
1871,1644,5,1,0,0,5,10369500,1
2413,1946,1,1,1,29,10,11428500,2
1209,1061,2,3,1,29,1,6260500,3
3061,2128,1,3,0,15,10,14874500,1
624,391,5,2,0,26,5,4438000,1
2628,2209,1,3,1,17,5,12786000,1
883,742,1,2,0,12,4,4633500,4
2072,1627,1,2,1,11,3,10104000,3
900,696,5,2,0,17,7,5960000,3
1691,1478,1,2,1,27,7,8269500,2
1630,1064,4,3,0,9,1,9005000,3
1416,1111,4,2,0,13,7,8062000,3
682,419,5,3,0,19,3,4939000,1
2520,1618,2,2,0,28,3,11930000,2
2693,1969,4,3,0,24,6,13738500,3
1217,1030,3,2,0,10,6,6876500,4
2909,2385,4,3,0,17,4,14750500,3
775,691,3,1,1,26,5,4467500,1
1789,1097,5,2,1,23,3,9790500,4
3304,2360,2,2,0,26,3,15498000,1
1441,933,3,1,1,11,9,7964500,3
969,592,3,1,1,16,5,5540500,4
2418,1642,4,2,0,27,1,11991000,2
2701,1818,3,3,1,23,9,13794500,2
1289,935,5,2,0,2,10,8160500,4
2379,1527,5,3,1,29,6,12675500,4
1964,1466,5,1,1,20,9,10738000,1
2032,1780,4,3,1,0,7,11444000,4
966,796,2,2,0,0,10,5847000,1
1243,1059,4,1,1,5,10,7543500,3
3026,2546,5,1,0,18,7,15307000,1
672,481,4,2,0,23,5,4414000,4
1871,1520,5,2,1,3,7,10759500,4
1459,1205,1,1,0,21,10,7145500,3
642,424,1,3,0,12,4,3749000,4
3024,2594,3,3,1,25,6,15058000,4
1664,1226,2,3,0,11,2,8568000,2
2817,1704,1,2,1,24,10,13546500,2
2859,2267,5,1,1,29,3,14285500,3
2116,1699,4,3,0,7,2,11282000,1
2686,2056,4,1,1,19,10,13757000,2
968,642,3,3,1,25,2,5606000,1
3404,2534,4,1,0,23,7,16608000,4
750,540,1,2,0,6,5,4205000,2
1734,1547,4,2,0,20,6,9303000,3
2103,1782,1,2,0,6,3,10193500,3
2059,1706,1,3,1,6,10,10695500,3
1670,1092,2,2,1,13,5,8655000,2
1623,1134,3,2,1,28,5,8443500,1
2198,1569,5,2,1,25,4,11641000,4
3384,2530,1,1,1,17,10,16038000,1
2640,1607,3,1,0,22,4,12740000,1
1989,1547,5,1,1,18,8,10840500,4
668,472,4,1,1,23,6,4396000,4
2946,2264,3,1,1,23,2,14147000,2
1543,929,3,1,1,24,2,7813500,2
1401,975,3,1,0,26,2,6984500,2
2943,2444,4,2,0,19,6,14763500,2
2850,2138,4,2,0,25,1,13975000,2
660,552,3,3,1,18,3,4410000,4
1545,1250,2,2,1,24,1,7672500,1
1937,1658,1,1,1,24,4,9086500,2
1784,1074,4,1,0,17,1,9138000,2
930,630,2,3,1,5,9,5885000,1
2151,1644,4,2,0,15,6,11279500,2
937,826,3,2,1,2,8,6026500,1
2229,1791,2,3,0,20,2,10930500,1
1927,1420,5,1,0,1,6,10651500,4
2126,1358,1,1,1,14,4,10137000,3
2273,1700,1,1,1,19,7,10848500,4
1961,1436,4,1,0,10,8,10424500,3
2173,1811,1,3,0,18,6,10618500,3
3286,2379,5,2,0,17,1,16397000,3
874,607,2,1,0,21,8,4713000,2
1787,1120,2,2,0,10,1,8891500,4
2966,1820,3,2,1,2,9,15207000,3
3236,2367,2,1,0,3,2,15402000,1
3151,2218,4,1,1,5,10,16129500,2
3034,2325,5,1,1,11,6,15583000,4
2593,2109,3,2,1,28,8,12958500,3
1469,899,4,3,1,27,5,8270500,1
3480,2606,4,1,1,20,2,16910000,4
1614,1385,4,2,0,3,5,9053000,4
2511,1849,1,2,1,28,1,11639500,2
1202,909,4,1,0,29,8,6629000,4
2399,1789,1,3,1,11,8,12025500,2
1290,924,2,1,0,3,2,6645000,3
1093,691,1,1,1,1,6,5848500,2
1089,694,4,3,0,11,8,6880500,1
3368,2201,5,1,0,12,10,17116000,2
3156,2644,5,1,0,25,8,15802000,1
989,675,2,3,1,28,7,5590500,2
894,790,4,2,0,15,3,5473000,4
1992,1679,1,2,1,3,4,9954000,3
3443,2772,5,2,1,27,1,17053500,1
2317,1890,3,2,0,7,9,12036500,2
3196,1963,4,2,1,4,10,16552000,2
1248,961,4,1,1,29,10,7086000,2
2473,2181,3,3,1,13,2,12618500,4
1167,713,5,2,1,14,10,7521500,4
3417,2348,3,3,0,29,7,16646500,1
1044,642,2,2,1,10,8,6048000,1
962,741,1,1,0,9,4,4849000,4
2770,1758,1,2,1,9,10,13635000,1
1811,1346,5,2,0,23,1,9639500,3
1341,1094,3,3,0,5,5,7684500,3
2641,1714,4,3,1,15,10,14034500,4
1279,1057,4,1,1,27,10,7265500,1
3067,1895,4,3,1,25,6,15551500,2
2242,1445,2,3,1,20,7,11389000,3
2172,1485,2,3,1,3,1,11114000,4
1958,1642,4,1,0,25,4,9911000,1
2739,2341,5,1,0,8,5,14115500,4
662,440,2,1,0,9,5,3849000,2
3159,1986,2,3,1,29,7,15335500,3
1762,1505,1,3,1,4,4,9099000,4
1828,1452,1,1,1,9,10,9196000,4
3419,2213,5,3,0,15,7,17535500,4
855,656,2,3,1,10,8,5397500,2
734,632,2,2,0,5,2,4303000,4
1474,915,3,1,0,6,1,7663000,2
1421,888,5,1,1,26,10,8224500,2
2735,1865,5,3,0,11,10,14687500,2
1422,1131,3,3,0,26,1,7429000,3
1573,1027,3,2,0,12,1,8188500,3
2377,2008,1,1,1,16,9,11476500,4
720,594,5,1,0,8,4,4980000,4
2237,1718,5,3,1,27,9,12226500,3
1964,1246,3,1,1,7,7,10298000,1
1607,1440,4,3,0,27,7,8841500,3
1524,1138,4,2,1,26,2,8188000,2
1244,915,1,3,0,15,2,6298000,3
2632,2365,4,2,1,20,5,13444000,2
3361,2887,4,3,1,2,10,17534500,4
2668,1966,4,2,1,4,1,13726000,1
841,610,2,2,1,20,7,4884500,4
3102,1950,1,1,1,24,7,14479000,2
3268,2869,3,3,1,22,8,16316000,2
2950,2516,4,1,1,12,7,14935000,2
2219,1537,2,1,0,17,8,10845500,1
1402,1158,4,3,0,20,3,7859000,3
1563,1295,2,1,0,15,3,7683500,4
668,446,1,1,1,24,8,3576000,4
1752,1373,4,1,0,13,9,9474000,3
795,537,2,3,1,10,10,5227500,4
2787,2332,5,1,1,28,4,14031500,1
2930,1893,5,1,1,17,8,15095000,4
2959,2369,2,1,1,7,1,14175500,2
1345,938,4,3,1,11,2,7882500,3
2288,1397,4,2,1,18,10,12186000,1
876,558,1,2,1,19,10,4912000,3
660,525,1,2,1,1,10,4300000,1
2513,1688,3,2,0,8,9,12898500,2
2699,2130,1,1,1,21,2,12475500,3
2800,2028,4,3,0,8,2,14340000,4
2372,1916,3,1,0,13,8,11914000,1
1934,1446,1,3,1,14,5,9723000,3
2437,1687,2,1,0,10,5,11816500,4
3191,2054,5,2,1,28,6,16149500,3
1166,818,1,2,0,12,8,6107000,3
2171,1716,1,3,1,23,8,10759500,3
1221,1003,2,1,0,27,9,6204500,1
2625,1701,4,2,1,24,10,13582500,4
1800,1438,2,3,0,4,3,9370000,2
913,596,1,1,1,5,9,5108500,1
3454,2302,4,3,1,22,3,17203000,1
3495,2654,3,1,0,4,1,16797500,1
2744,1884,1,1,0,0,5,13098000,2
1836,1466,2,1,0,24,7,8932000,4
3476,3082,3,3,0,17,3,16952000,4
736,474,5,3,1,22,9,5572000,4
1629,1256,3,1,0,27,1,7940500,3
2756,2416,2,2,0,23,6,13242000,3
3194,2085,3,1,1,7,6,15783000,3
1261,895,2,3,1,16,8,7104500,2
3072,1957,1,1,1,25,3,14124000,3
3277,2597,4,3,0,22,5,16356500,2
2908,2328,5,1,0,24,10,14806000,4
686,548,4,1,0,10,5,4537000,3
3112,2373,4,2,0,29,8,15424000,3
2723,2243,4,2,1,29,7,13773500,1
3118,1904,2,3,0,10,3,15181000,2
3061,2715,2,1,0,2,7,14884500,4
3472,2314,5,3,1,7,10,18234000,1
3373,2146,2,1,1,7,8,16388500,1
3104,2738,2,1,1,24,5,14688000,4
1908,1620,2,1,0,23,5,9176000,1
2300,1907,2,2,0,20,1,11000000,2
3300,2083,1,3,1,20,8,15900000,2
3319,2795,5,1,0,2,6,16895500,3
1094,856,2,1,0,27,6,5483000,1
2247,1841,5,3,1,21,5,12191500,3
2542,2271,3,3,1,9,5,13159000,1
1668,1098,1,1,1,18,3,7946000,2
2024,1520,2,2,0,13,3,9998000,2
1196,987,1,2,0,17,2,5842000,2
1049,765,1,1,0,22,9,5230500,1
1084,668,3,2,1,25,8,6228000,2
1245,788,5,3,0,2,3,7812500,1
3267,2550,1,2,0,28,5,15091500,3
2229,1527,4,3,1,19,10,12100500,1
1261,808,3,3,0,13,5,7164500,3
1357,952,4,3,0,10,8,8106500,1
888,586,3,3,1,9,6,5766000,3
1320,801,4,2,1,23,7,7580000,2
1237,798,4,3,1,13,5,7506500,3
2882,2492,1,1,1,0,1,13669000,2
3063,1848,1,3,1,15,8,14933500,2
1098,913,3,1,0,24,4,5761000,3
1233,1018,5,3,1,29,5,7468500,1
2273,1748,1,3,1,5,1,11228500,1
2630,1742,1,2,1,17,3,12495000,4
714,616,2,3,0,15,2,4213000,1
1273,945,1,3,0,18,2,6368500,4
2336,1522,5,2,1,15,1,12312000,1
1857,1353,2,2,0,4,6,9576500,1
2853,1878,4,1,0,26,8,14118500,2
2894,2062,4,2,0,11,3,14553000,4
3405,2550,2,1,1,5,1,16222500,1
746,528,2,3,0,24,10,4577000,4
2765,2204,2,1,0,1,2,13322500,2
1011,890,3,2,1,15,3,5849500,2
2287,1611,5,3,1,20,6,12441500,4
3010,2127,5,1,0,22,3,14955000,2
2132,1751,4,1,1,10,9,11394000,3
736,558,4,1,1,11,1,4692000,3
618,450,4,3,1,10,7,4881000,2
2842,2399,1,1,1,22,10,13499000,3
2977,2581,4,1,0,19,8,14816500,1
2559,1988,2,2,1,18,9,12755500,4
2822,1849,4,1,1,28,8,14089000,1
1601,1184,2,3,0,7,5,8514500,4
1048,787,3,2,1,28,1,5656000,2
2548,1859,1,3,0,17,1,12076000,1
1545,1048,1,2,1,4,8,8122500,2
1977,1466,5,2,0,11,7,10926500,2
2122,1557,3,1,1,9,5,10869000,4
740,490,2,3,1,14,10,4900000,4
3405,2965,3,1,0,4,3,16492500,4
2520,2181,1,2,0,16,9,12170000,1
692,572,2,1,0,22,4,3674000,3
838,603,3,2,0,3,6,5311000,4
804,571,1,2,0,25,4,4018000,4
3207,2613,2,3,1,11,9,16011500,1
2056,1608,2,3,0,17,4,10312000,4
844,658,1,3,1,7,8,5108000,1
1431,911,2,3,0,19,3,7409500,2
894,702,1,1,0,16,8,4603000,4
3287,2861,4,3,1,7,3,16751500,4
1455,910,4,3,1,12,5,8507500,2
2664,1869,2,3,1,26,1,12868000,2
670,504,2,2,1,22,6,4025000,2
1892,1524,1,2,0,2,2,9274000,4
1948,1221,2,3,1,2,3,10226000,3
904,779,5,2,0,6,1,5898000,3
1630,997,4,2,0,17,6,8895000,3
1937,1660,2,1,0,20,5,9366500,4
1416,861,2,2,1,6,10,7902000,2
1726,1115,3,1,1,21,2,8697000,4
1420,1192,2,2,1,25,8,7440000,2
792,679,5,3,1,22,9,5824000,4
2376,2125,4,2,1,1,3,12572000,4
1128,715,3,2,1,6,6,6706000,2
2818,2135,1,1,0,1,6,13461000,3
850,529,1,3,1,6,10,5255000,2
2388,1544,4,1,0,13,6,12186000,1
3188,2079,1,3,0,14,8,15366000,1
2626,1625,5,3,1,15,5,14017000,2
3063,2658,2,1,1,23,10,14773500,4
3441,2195,4,2,1,25,10,17234500,1
2003,1579,3,3,1,7,8,10923500,1
1767,1391,2,2,0,15,3,8801500,4
2672,1762,1,1,1,20,7,12624000,4
3315,2981,1,1,1,6,1,15497500,3
1696,1194,3,1,0,10,4,8732000,4
3279,2857,5,1,0,23,5,16245500,2
2447,2164,3,3,1,3,7,12951500,2
1104,976,4,1,0,17,6,6328000,3
2221,1834,3,2,1,22,6,11304500,1
2983,2016,1,2,1,12,2,14133500,1
3072,1954,5,3,0,16,2,15704000,4
3146,2425,5,1,0,11,2,15737000,2
1987,1406,3,3,1,17,10,10751500,1
3277,2783,4,3,1,9,8,16916500,3
1822,1500,1,3,1,6,7,9479000,3
1317,899,2,1,0,11,1,6556500,2
938,567,5,2,0,11,9,6351000,3
1258,844,3,2,1,25,8,7011000,3
1561,1202,4,3,1,12,9,9184500,2
1028,641,4,3,0,0,4,6626000,4
1498,1194,1,2,1,6,5,7721000,4
738,591,5,2,0,15,5,5171000,3
1141,742,1,1,1,15,9,5934500,4
2704,2106,2,3,0,20,8,13368000,4
1855,1450,2,1,1,15,10,9497500,3
3305,2456,2,2,1,15,6,16022500,4
3082,2730,4,2,1,13,10,15859000,3
983,621,5,2,0,10,10,6623500,1
3207,2315,1,2,1,18,1,14971500,2
793,685,1,1,1,10,7,4368500,2
3181,2277,2,2,1,1,9,15894500,4
3165,2302,5,3,1,6,4,16572500,4
3363,2692,5,2,1,8,4,17223500,4
3398,2717,3,3,1,8,5,17031000,2
2832,1718,5,2,0,13,8,14784000,1
2495,1838,5,1,0,25,5,12677500,1
2939,2057,1,3,1,9,4,14295500,2
1331,1049,5,1,1,15,8,7939500,1
2763,2118,5,2,0,23,5,14123500,2
3472,2761,1,1,0,17,8,16184000,1
1284,1022,5,2,1,0,1,7878000,3
681,460,1,1,0,23,3,3254500,3
3481,2345,3,1,1,1,7,17244500,2
2980,2119,4,3,1,19,1,15030000,1
3204,2154,1,2,0,27,5,14828000,4
2982,2400,1,1,1,3,6,14309000,1
1131,883,5,2,1,1,1,7169500,3
2583,1717,1,3,1,3,7,12963500,3
820,709,2,1,1,22,9,4650000,1
1234,910,2,2,0,5,9,6903000,1
2369,1511,3,1,0,25,3,11410500,4
2970,1971,1,1,0,21,4,13645000,4
2474,1885,5,1,1,3,1,12973000,1
602,422,5,1,0,17,4,4269000,1
2317,1981,4,3,0,4,5,12396500,1
805,602,3,3,0,10,7,5272500,1
2455,2147,5,2,1,12,5,13107500,2
639,402,4,2,1,2,8,4985500,1
2706,2166,5,1,1,18,7,14017000,4
3221,2788,4,1,1,19,1,15714500,3
1243,855,2,1,1,10,2,6443500,2
2130,1364,2,3,0,10,7,10935000,1
2507,1847,5,1,0,20,3,12731500,3
3490,3100,3,2,0,26,2,16585000,2
3266,2580,1,1,1,1,9,15777000,3
2743,2175,3,3,0,21,10,13923500,1
1497,1199,3,1,0,14,8,7956500,1
1685,1031,1,3,1,21,8,8612500,4
1879,1378,2,3,1,7,3,9815500,1
3208,1999,2,3,1,1,10,16266000,1
2995,2080,1,3,1,7,9,14837500,2
1270,1075,4,2,0,23,8,7255000,4
2105,1677,3,3,1,19,2,10842500,2
2964,2663,5,2,1,22,7,15298000,3
1318,858,2,2,1,14,8,7201000,1
1671,1201,5,1,0,15,7,9269500,3
2555,2153,1,1,0,12,9,12207500,2
1759,1169,5,3,0,22,7,9925500,1
849,548,5,1,0,16,7,5550500,1
2961,2156,3,3,0,13,1,14614500,2
2492,1782,1,1,1,28,2,11404000,2
2453,2193,5,3,1,13,5,13278500,2
3454,2545,2,1,1,0,1,16543000,2
2103,1804,1,1,0,23,10,10003500,2
3132,2713,2,2,1,26,7,15074000,1
1834,1187,4,1,0,0,5,9903000,2
643,523,5,1,0,2,5,4803500,1
3218,2198,1,3,1,21,8,15511000,1
1182,742,2,2,1,23,9,6459000,2
1888,1628,5,3,1,14,10,10966000,2
819,563,3,1,1,4,1,4905500,4
2525,1776,2,3,0,4,10,12982500,1
3048,2125,2,2,0,3,4,14856000,2
3374,2227,4,3,0,13,2,16823000,2
1590,1161,3,1,1,19,9,8475000,2
2412,1757,4,3,0,6,9,12984000,4
1457,1052,3,1,1,21,1,7436500,4
1403,1227,2,2,0,23,3,7003500,3
1089,764,4,2,1,14,10,6870500,1
2380,1449,5,3,0,10,8,13010000,3
2093,1367,3,2,1,13,2,10708500,2
3491,2850,2,3,1,5,2,17059500,4
2305,1791,1,1,0,26,2,10452500,4
2914,2580,3,3,1,9,5,14833000,3
653,527,3,1,0,6,9,4368500,4
3175,2090,5,2,1,9,7,16507500,2
1215,772,3,1,0,13,7,6657500,4
1682,1271,3,1,1,25,2,8419000,3
2448,1957,5,1,0,4,2,12736000,2
1554,1009,5,1,0,21,5,8523000,3
3033,2367,4,1,0,0,7,15398500,4
2229,1915,2,3,0,18,7,11220500,3
3381,2766,2,1,1,27,9,16074500,3
3363,2687,4,1,1,7,3,16693500,1
1249,1045,2,1,0,18,1,6110500,4
2947,1860,3,1,0,29,9,14231500,4
994,657,4,1,1,16,1,5753000,3
1959,1197,4,1,0,18,8,10255500,1
3240,2084,2,2,0,27,5,15290000,4
3161,2762,1,3,0,15,8,15224500,2
3043,2028,2,1,1,3,7,14933500,3
970,774,1,3,0,7,9,5575000,4
1457,1176,4,2,1,24,2,7926500,2
1390,1103,1,2,1,3,9,7495000,4
1257,963,3,1,1,12,10,7166500,2
3383,2523,5,3,0,27,5,17033500,3
1992,1446,1,1,0,6,5,9594000,4
983,860,5,2,0,0,1,6373500,4
2709,1633,3,2,1,8,6,13780500,1
3152,1941,5,3,0,26,10,16264000,3
838,626,3,1,0,27,10,4831000,2
794,555,5,3,1,3,10,6263000,4
3325,2402,5,3,1,13,10,17452500,4
2708,2435,2,2,1,29,3,12906000,2
1752,1458,1,3,0,8,10,9124000,3
3332,2876,5,2,0,29,3,16464000,1
2615,1858,4,1,0,2,3,13277500,1
755,507,2,3,1,14,4,4667500,4
1522,1263,1,3,0,26,9,7679000,2
2209,1860,2,1,1,28,8,10730500,4
1574,1204,1,3,0,4,6,8203000,2
1830,1589,3,1,0,0,8,9735000,1
3035,2701,5,2,0,10,8,15757500,3
2414,1789,4,2,0,18,1,12153000,2
1437,958,2,3,0,4,9,8036500,1
2607,1968,2,2,1,21,1,12511500,4
1963,1760,2,2,1,28,2,9523500,2
2987,2054,2,1,0,23,9,14231500,3
803,630,5,2,0,16,7,5543500,4
760,614,1,2,1,18,10,4410000,4
991,658,5,2,0,16,1,6089500,1
1368,1062,3,1,1,4,3,7476000,2
3222,2237,5,3,0,23,1,16189000,4
3181,2723,5,1,0,19,5,15884500,3
1693,1378,3,3,1,28,4,8908500,2
1004,851,5,3,1,26,8,6648000,3
1207,796,1,2,0,8,9,6421500,4
2214,1351,4,2,1,21,4,11493000,3
2140,1830,3,1,1,5,3,10930000,1
3475,2488,2,1,0,26,4,16117500,3
2437,1593,1,1,0,20,3,11216500,2
1289,808,4,2,0,12,6,7460500,3
1840,1389,1,3,0,25,1,8730000,3
2703,1743,1,1,1,20,2,12513500,1
965,743,2,3,0,10,8,5742500,3
2322,1899,4,2,0,22,3,11759000,3
1054,801,1,2,1,23,4,5333000,4
703,612,2,2,1,22,1,3923500,4
676,437,3,2,0,0,3,4492000,2
829,620,2,3,0,16,1,4660500,4
2537,1646,5,3,1,25,10,13666500,4
2978,2569,2,1,0,5,5,14351000,4
1805,1587,2,3,1,2,1,9482500,4
1492,1074,2,3,1,15,9,8214000,1
2173,1503,1,3,1,12,7,10938500,4
3335,2280,4,1,0,11,8,16587500,1
2674,2294,2,3,0,24,9,13203000,1
2275,1830,2,3,1,10,10,11887500,4
898,776,5,3,0,22,8,6101000,3
1556,988,5,2,1,1,3,9182000,1
3446,2559,3,3,0,27,7,16817000,3
1714,1376,3,1,0,29,7,8583000,3
3127,2717,5,1,1,18,7,15911500,4
3220,2301,4,1,0,7,8,16150000,2
3105,2154,3,1,0,12,4,15032500,4
2074,1812,4,2,0,13,6,10973000,2
964,592,5,1,1,14,2,6008000,2
2298,1709,3,2,0,16,7,11671000,4
950,700,2,2,1,14,9,5595000,4
2900,1867,5,2,0,20,5,14800000,2
3428,2462,3,1,0,9,4,16546000,4
2504,2045,4,1,0,0,2,12768000,2
3450,2449,4,2,1,11,7,17405000,3
1611,1116,3,2,1,8,2,8639500,4
3106,2592,4,1,1,22,2,15187000,3
1098,984,3,3,0,4,9,6811000,1
1549,1291,3,3,0,21,2,8150500,3
2594,2215,4,3,0,26,10,13453000,3
2646,2333,1,1,1,14,3,12427000,2
1107,930,2,1,0,2,3,5891500,3
1927,1722,5,2,0,18,2,10311500,4
3148,2594,2,1,1,6,10,15496000,2
3450,2754,5,1,0,6,3,17255000,1
3245,2621,5,1,1,6,9,16782500,4
765,665,2,2,0,1,3,4572500,1
3109,2502,3,2,0,1,5,15520500,3
1519,1258,4,3,0,26,7,8465500,4
713,474,1,3,0,11,1,3938500,4
1591,1390,1,1,0,4,1,7629500,1
2551,1872,1,1,1,3,10,12569500,4
2854,1850,2,2,0,6,2,13823000,4
1858,1560,2,3,0,15,1,9311000,4
1114,787,3,3,1,2,1,6673000,3
1831,1199,1,3,1,20,10,9389500,1
1308,885,3,1,1,1,4,7316000,4
2785,1700,1,1,0,16,10,13212500,2
938,588,2,1,1,8,3,5161000,2
3184,2476,4,2,1,28,1,15568000,2
667,573,4,3,1,19,3,4721500,2
2196,1613,4,2,1,7,1,11542000,3
2164,1704,4,3,0,28,3,11128000,4
982,827,5,1,1,11,4,6249000,1
618,436,1,2,1,6,8,3911000,4
3330,2651,4,2,0,13,3,16475000,3
2721,1918,5,1,0,27,3,13554500,2
1172,929,5,3,1,15,9,7674000,3
1899,1263,5,3,0,0,9,11095500,4
2858,2553,3,3,1,9,6,14631000,1
2543,1583,3,3,0,10,10,13243500,3
1250,939,5,1,0,6,4,7405000,1
2245,1539,4,1,1,17,10,11812500,3
1593,1242,1,1,0,18,5,7558500,1
3342,2434,2,1,0,13,9,16029000,1
3187,2205,3,2,1,16,1,15521500,2
1938,1308,4,2,1,22,7,10381000,1
1500,982,4,2,0,18,7,8340000,2
2284,1906,2,1,0,21,10,11158000,4
3427,2284,2,3,1,27,1,16281500,4
2185,1818,4,2,0,12,1,11242500,2
2523,1880,2,2,1,22,9,12513500,2
2381,1480,4,1,0,2,7,12424500,3
1736,1127,2,3,0,1,4,9192000,3
2817,2444,2,3,1,24,9,13996500,3
2544,1986,4,3,1,8,5,13488000,4
1637,1072,5,1,0,6,3,9096500,3
2338,1896,4,3,0,13,2,12161000,1
887,751,1,2,0,4,9,5061500,1
2836,1982,2,2,0,19,4,13582000,3
2190,1679,3,2,1,14,7,11375000,1
3341,2298,2,1,0,19,1,15504500,4
2345,1463,1,3,0,0,9,11902500,1
3118,2244,3,1,1,19,9,15351000,4
1698,1401,3,3,1,6,10,9671000,2
2924,2156,4,1,1,29,6,14428000,2
1539,1110,5,2,0,4,6,9045500,2
2048,1453,4,1,1,24,6,10586000,2
1170,863,3,1,1,3,5,6705000,1
1600,1112,3,1,0,10,1,8150000,3
1805,1414,5,2,1,18,4,10012500,1
3105,1922,2,1,1,5,10,15322500,4
1517,1277,5,1,0,19,1,8196500,1
2474,1612,4,2,1,26,5,12613000,1
1432,1131,2,3,0,28,4,7284000,4
3486,2562,4,1,1,17,8,17297000,2
2840,2363,5,2,1,4,1,14800000,2
2278,1931,2,1,1,29,8,11021000,2
1215,803,5,2,0,28,8,7207500,3
1005,807,1,3,1,19,1,5242500,4
2349,1543,3,3,1,14,9,12390500,4
3368,2146,2,1,1,20,9,16156000,1
692,608,3,2,1,27,6,4324000,3
3077,1997,1,3,0,24,1,14316500,2
1253,837,2,3,1,19,7,6958500,3
1033,660,3,2,1,5,7,6348500,4
1735,1285,3,1,1,3,9,9447500,4
974,853,2,3,1,16,1,5463000,1
1666,1131,3,3,0,14,8,9117000,1
806,614,3,3,0,17,8,5187000,4
1379,997,2,1,0,5,7,7255500,2
1919,1344,3,3,1,23,6,10125500,2
1741,1343,3,2,0,24,1,8704500,3
1131,868,4,1,0,19,10,6609500,4
2813,1991,4,3,0,21,8,14438500,4
3290,2813,1,2,1,18,5,15545000,2
689,424,4,2,1,11,4,4830500,2
1717,1074,4,1,0,8,5,9216500,4
612,549,1,2,1,7,5,3714000,1
2457,2025,3,1,1,27,10,12266500,4
1404,1181,3,1,1,14,3,7438000,4
1544,1205,4,1,0,0,4,8548000,2
3389,2460,1,2,1,28,4,15740500,2
2457,1938,3,1,1,1,8,12686500,1
2210,1387,5,1,0,25,5,11395000,1
2559,2117,2,2,1,29,6,12385500,3
3307,2520,2,1,1,24,10,15851500,4
1652,1465,2,3,0,25,2,8234000,2
895,708,4,2,0,2,9,6037500,1
1525,984,2,2,1,29,8,7832500,3
1239,920,2,2,1,18,8,6765500,3
2987,1844,5,3,1,9,10,16011500,2
1227,1010,3,1,0,24,5,6391500,2
3086,2316,5,2,0,13,5,15777000,3
1767,1256,4,2,1,18,3,9491500,1
1541,1372,2,2,1,25,2,7684500,3
1429,1260,3,3,1,27,9,7990500,4
2370,2099,2,3,1,10,6,12115000,4
3166,2109,2,3,0,20,8,15447000,2
1575,1289,4,1,1,5,4,8737500,1
1554,1373,2,1,0,18,5,7683000,1
1862,1436,1,3,0,13,10,9519000,4
1551,1030,3,1,0,25,5,7829500,3
1543,1304,3,3,1,7,10,8953500,2
2802,2420,1,1,0,1,4,13289000,3
1804,1462,4,1,0,21,2,9198000,3
2735,1881,2,3,1,17,6,13617500,3
2134,1402,2,2,1,24,4,10473000,1
1696,1335,3,2,0,21,4,8712000,4
778,579,4,1,1,24,10,5071000,1
2859,2289,4,1,0,29,3,13835500,4
2428,1538,4,1,1,3,8,12816000,2
1857,1189,2,1,0,27,6,8916500,2
1064,754,4,1,0,2,9,6598000,3
2374,1608,1,1,1,1,5,11563000,4
3278,2575,5,3,1,23,6,16841000,4
3472,2466,4,2,1,3,9,17764000,4
1830,1473,5,2,0,17,4,9995000,3
3254,2702,2,3,0,10,10,16143000,3
1484,973,4,3,1,8,7,8818000,2
3013,2639,3,2,0,27,10,14818500,1
2923,2444,2,2,1,7,10,14663500,4
3027,2385,1,1,0,20,6,14021500,4
1932,1686,1,2,0,7,6,9554000,1
2254,1532,5,1,1,4,6,12213000,4
1544,1121,5,1,1,12,4,8758000,3
3457,2163,3,2,0,6,10,17236500,3
1524,1122,3,1,0,20,6,7858000,4
2538,1908,1,1,0,28,7,11711000,3
1093,857,4,3,0,4,2,6738500,3
2146,1328,1,2,1,12,9,10717000,4
2569,1566,1,3,1,19,7,12580500,2
1694,1229,3,1,1,28,3,8463000,1
3011,1977,5,1,0,15,10,15449500,3
3217,2662,3,3,0,29,10,15896500,2
2425,1941,3,3,0,13,7,12502500,3
1362,950,3,3,0,4,10,8049000,3
2923,1793,1,1,1,22,10,13863500,1
649,424,4,2,1,18,5,4560500,3
3375,2725,1,1,1,3,9,16227500,1
1505,1350,2,3,0,23,6,7812500,1
1163,811,3,2,1,21,7,6613500,1
1382,1161,3,3,1,23,4,7609000,2
3132,2693,2,1,1,10,2,14944000,4
2640,1622,3,2,1,1,4,13510000,2
2431,2126,3,2,0,12,9,12449500,4
1183,875,3,1,0,15,3,6273500,4
1919,1706,2,3,1,8,7,10175500,1
835,635,1,3,1,15,4,4707500,3
2703,1812,3,3,1,6,3,13843500,1
2542,2268,4,1,1,15,5,12939000,3
959,645,2,3,1,12,2,5525500,4
2530,2187,5,2,0,4,10,13705000,1
709,462,2,3,1,26,4,4220500,3
791,634,1,3,1,14,7,4679500,2
1503,1087,2,2,1,6,2,7893500,3
1716,1529,5,2,0,17,10,9782000,1
1461,957,4,3,0,26,6,8154500,2
3215,2323,5,2,0,19,5,16237500,3
1683,1332,2,1,0,22,3,8083500,3
1249,1115,5,2,0,1,5,7750500,3
638,440,2,1,1,7,10,4181000,3
1236,888,4,2,1,29,7,7082000,3
1636,1208,4,1,0,9,3,8732000,2
635,429,1,1,0,9,8,3577500,4
2748,2322,4,3,0,10,7,14316000,2
1961,1230,3,2,1,20,4,10074500,2
2583,2095,5,2,0,28,5,13213500,2
765,581,5,2,0,20,10,5442500,4
3030,2037,2,1,0,7,4,14495000,1
2479,1853,4,3,1,15,2,12905500,4
3437,2917,1,2,0,15,9,16316500,2
630,462,1,3,1,28,1,3375000,3
610,388,1,3,1,28,8,3635000,3
2611,1598,3,1,1,27,4,12659500,2
2743,2285,4,2,1,16,9,14223500,3
3100,2167,1,3,1,5,3,15050000,2
2839,2496,3,2,0,17,7,14085500,3
1085,851,5,2,1,16,3,6762500,4
1889,1380,2,2,1,11,10,9930500,1
2047,1574,4,3,1,14,7,11231500,1
2885,2126,4,1,0,28,2,13922500,4
2543,2216,5,1,1,6,3,13323500,4
2563,1889,4,3,1,27,8,13343500,2
2451,1547,4,2,1,13,7,12869500,2
2069,1612,4,2,0,29,3,10480500,2
1966,1547,4,1,1,3,8,10737000,3
3382,2805,3,3,1,16,9,16999000,2
1590,1399,3,3,1,25,2,8405000,4
1424,1043,2,1,1,10,2,7258000,1
2062,1454,4,3,1,26,7,11059000,3
2753,2057,5,3,1,5,8,14938500,2
2828,2460,1,1,1,9,5,13446000,3
2831,2530,2,1,0,28,2,13079500,3
825,735,1,3,0,27,10,4572500,2
1376,920,1,3,0,14,5,7062000,3
3437,2574,4,1,1,28,3,16606500,1
1712,1160,5,1,0,5,9,9754000,4
1287,914,1,2,1,15,2,6441500,4
1129,688,1,3,0,11,9,6210500,1
1571,1018,2,3,0,18,2,8009500,3
1535,1103,5,1,1,15,1,8507500,2
2022,1434,5,1,1,13,10,11189000,3
2753,1882,1,2,1,5,6,13438500,1
1894,1267,5,2,1,25,6,10373000,3
2598,2142,2,1,1,8,4,12681000,4
3478,2394,2,3,0,21,2,16531000,3
2126,1726,2,2,1,0,10,11217000,1
1278,908,4,1,0,25,3,6801000,4
3496,2938,1,1,0,21,6,16112000,3
3040,1976,5,1,1,7,4,15590000,3
639,413,2,3,0,6,5,4205500,4
3307,2658,1,1,0,13,9,15571500,2
1705,1490,1,1,1,7,5,8432500,4
1444,928,4,3,1,10,10,8748000,2
2343,1457,5,1,0,27,8,12103500,1
2848,2507,5,1,0,23,2,14156000,1
1046,664,2,2,0,8,6,5847000,4
1834,1238,2,1,1,18,6,9143000,4
3091,2716,1,3,1,6,5,15089500,1
1950,1639,5,2,1,5,6,11025000,2
3408,2395,5,1,0,17,5,16946000,1
826,732,2,3,1,4,2,5087000,4
647,498,3,1,1,18,5,4051500,1
2062,1281,1,2,0,10,1,9829000,4
2430,1970,5,3,0,4,3,13105000,4
786,598,4,2,0,29,7,4907000,1
2992,2309,4,3,1,26,4,15094000,2
2871,2578,3,3,1,24,8,14489500,3
3477,2245,2,1,1,29,3,16166500,1
3135,2498,2,3,1,23,7,15347500,3
2532,1867,2,3,1,24,2,12364000,1
1448,986,4,1,1,8,8,8306000,3
2632,2126,2,3,1,26,3,12824000,2
1852,1482,4,3,0,23,6,9974000,2
2013,1725,3,3,1,29,2,10228500,1
1578,1362,1,3,1,7,7,8361000,4
2212,1700,5,1,0,10,4,11654000,3
1616,1127,3,1,0,26,6,8152000,4
2835,2151,4,2,0,21,2,14037500,4
2481,1755,3,3,0,5,3,12714500,4
869,593,5,1,1,29,3,5330500,2
2230,1707,1,3,1,14,4,11005000,1
909,724,5,1,0,5,1,5740500,1
2643,2054,4,2,0,25,6,13293500,2
2174,1926,5,3,1,21,6,11913000,2
1695,1168,3,2,0,28,4,8567500,1
3492,2485,2,2,0,29,8,16534000,4
2295,1836,3,2,1,10,5,11827500,3
3133,2444,4,1,0,28,10,15438500,3
2045,1228,1,3,1,14,4,10172500,3
2767,1919,5,1,0,11,7,14281500,4
819,553,1,1,1,8,10,4675500,1
652,555,4,3,0,9,10,5054000,2
2357,2026,5,3,1,28,8,12696500,1
2074,1421,3,3,1,14,2,10803000,4
2266,1428,3,3,0,16,1,11427000,2
1860,1230,4,1,0,15,6,9770000,4
3405,2223,5,3,0,25,2,17022500,3
3385,2272,3,3,0,21,8,16712500,3
1319,884,4,3,0,7,5,7845500,4
1005,747,4,2,1,16,2,6052500,2
3255,2265,1,3,1,10,5,15747500,2
3069,2356,3,3,1,10,2,15360500,1
3359,2362,5,1,1,5,6,17165500,3
2894,2443,3,2,0,24,8,14243000,1
671,593,3,1,1,21,2,3949500,1
2453,1769,3,2,1,29,6,12208500,4
2832,1741,4,1,1,1,6,14574000,4
2653,1782,2,1,0,0,1,12788500,1
1829,1153,2,3,0,19,9,9500500,3
2167,1524,1,3,1,5,8,11101500,4
986,782,3,2,0,25,4,5437000,1
2391,1806,2,2,1,25,7,11759500,1
1298,873,1,2,0,24,4,6261000,1
1800,1494,4,3,0,4,8,10220000,1
1426,911,3,1,0,22,10,7577000,1
2422,1619,5,2,1,21,2,12629000,1
948,761,4,3,0,21,2,5746000,4
1878,1237,1,3,1,8,3,9491000,3
907,728,4,1,0,4,4,5601500,1
1750,1562,5,1,1,17,6,9685000,2
2560,2174,4,3,1,23,5,13260000,4
2934,1901,1,1,1,26,10,13833000,4
1365,1032,5,1,1,29,10,7912500,1
1324,962,5,3,1,18,7,8198000,4
3409,3059,4,2,1,14,6,17110500,1
2219,1973,5,2,0,29,4,11505500,3
982,626,4,3,1,14,10,6589000,3
3035,2648,3,2,0,8,9,15247500,4
1124,739,5,3,1,13,7,7398000,4
3286,2286,4,3,1,4,1,16707000,2
875,617,3,1,0,29,8,4857500,4
3147,2158,5,2,1,16,4,16091500,2
3364,2879,3,3,0,14,7,16708000,3
936,654,5,2,1,19,2,5982000,3
2573,2174,1,2,0,24,3,11948500,1
1080,970,1,2,0,16,1,5290000,3
1510,1286,4,3,1,23,2,8385000,2
2596,1827,2,1,0,23,5,12272000,4
1951,1586,1,2,0,24,2,9099500,1
2633,2001,2,3,1,8,6,13338500,2
2354,1967,3,2,1,12,6,12103000,4
708,457,3,1,1,21,6,4316000,1
927,733,2,2,0,12,3,5081500,3
2399,1996,4,3,0,4,3,12665500,2
914,757,5,2,0,27,10,5973000,4
1734,1541,2,2,1,27,7,8763000,1
3346,2066,2,2,1,13,4,16147000,1
1380,971,2,1,0,29,6,6730000,3
2120,1575,2,2,1,6,8,10970000,4
755,523,2,3,1,24,3,4417500,3
2096,1452,4,2,1,4,9,11552000,3
2324,1517,1,2,1,11,9,11538000,4
1486,1254,5,2,1,2,3,8847000,4
3405,2970,1,1,0,8,6,15962500,4
1321,825,2,3,0,9,5,7214500,2
1512,977,1,2,1,28,4,7294000,4
1470,982,4,3,1,0,8,8965000,1
612,460,3,3,0,13,10,4494000,3
3255,2725,1,1,0,0,9,15597500,2
1097,681,5,3,0,9,9,7306500,4
2356,1863,4,2,0,29,5,11872000,2
2885,1860,3,1,0,10,5,14132500,4
1717,1530,4,1,1,27,3,8886500,2
3428,2981,2,3,0,19,9,16696000,3
1794,1587,3,1,0,1,1,9203000,3
2604,1645,5,3,0,22,3,13528000,1
3253,2428,3,3,0,1,7,16468500,1
3308,2148,5,1,1,22,7,16646000,4
2247,1752,2,2,1,23,5,11051500,3
2190,1466,5,3,0,27,6,11715000,2
3496,2905,4,1,0,10,4,17132000,2
2090,1657,1,1,1,7,8,10315000,2
3275,2526,4,3,0,2,4,16697500,1
742,628,4,3,0,8,10,5479000,2
1824,1368,3,3,1,25,6,9658000,1
3361,2288,2,3,1,15,5,16424500,1
3126,2457,1,2,0,25,10,14767000,4
1164,1032,5,2,0,15,6,7138000,2
3118,2433,3,2,1,9,3,15451000,2
3031,2391,2,2,1,5,3,14839500,3
2315,2038,1,1,1,19,10,11187500,4
1016,766,4,3,0,23,7,6262000,3
2448,2200,2,1,0,19,1,11486000,4
2955,1914,2,1,0,19,1,13767500,2
3296,2508,2,2,1,10,1,15832000,1
2317,1538,4,1,0,7,6,11986500,1
1990,1464,5,2,1,19,4,10825000,1
1667,1085,3,3,0,0,6,9301500,1
3386,2257,5,2,1,5,1,17237000,1
2466,1635,1,3,0,27,4,11657000,3
1721,1197,3,2,1,7,4,9254500,4
1888,1209,1,1,1,29,2,8666000,2
2406,2027,4,1,1,13,1,12167000,3
2787,1856,5,2,1,2,8,14951500,4
2104,1525,2,3,0,1,6,10948000,1
1616,977,3,3,1,21,4,8702000,4
1552,980,2,2,0,0,2,8084000,4
671,583,1,1,0,10,5,3569500,1
2290,1949,2,3,1,20,9,11705000,1
1891,1611,2,2,1,5,7,9909500,1
1944,1406,4,3,0,7,4,10608000,2
2754,1769,4,1,0,6,5,13923000,1
1482,937,5,3,0,5,8,9069000,2
738,576,1,2,0,17,5,3931000,1
3262,2767,4,3,0,11,6,16559000,2
2920,2540,4,3,0,7,10,15300000,4
2104,1444,5,1,0,23,6,11008000,3
3063,2132,3,1,1,26,8,14913500,4
3153,1987,5,1,0,20,5,15738500,4
1332,1108,2,1,0,18,1,6484000,1
2348,1602,2,2,1,27,4,11376000,2
1023,761,4,3,0,26,3,6033500,3
2191,1925,4,3,0,23,2,11299500,1
989,816,5,3,1,4,7,6970500,1
941,579,5,3,0,18,7,6324500,1
1545,930,1,2,0,8,8,7892500,4
1213,1014,2,1,1,24,10,6428500,2
1092,836,5,3,1,11,5,7194000,2
791,645,3,3,0,14,1,4829500,3
1098,710,1,1,1,22,6,5451000,2
1421,1224,5,1,1,12,6,8304500,2
2335,1942,4,3,0,23,8,12247500,1
1856,1609,5,1,1,12,10,10462000,1
2568,1803,4,3,1,20,2,13206000,4
826,563,4,3,0,20,9,5567000,1
1994,1287,2,3,0,4,6,10393000,1
2786,2448,2,3,1,1,1,13917000,1
1416,924,5,3,1,18,9,8712000,1
2073,1318,5,3,0,7,8,11688500,4
1686,1109,3,1,0,13,10,8927000,1
703,584,1,2,1,28,1,3503500,3
2474,2144,1,2,0,5,8,12133000,3
1470,1239,5,3,0,24,7,8585000,3
1267,974,2,1,1,6,5,6781500,3
2642,2372,3,3,1,13,6,13579000,1
872,541,1,1,0,5,4,4524000,3
1629,1401,5,3,0,15,9,9580500,1
2831,2061,2,3,1,26,9,14019500,4
1651,1216,2,2,0,29,10,8349500,3
2173,1386,2,1,1,3,1,10718500,2
892,544,4,1,0,6,9,5744000,3
2824,1962,2,2,0,15,3,13558000,3
2705,1764,5,2,0,3,2,14112500,1
1892,1409,3,2,1,6,4,10044000,3
907,584,5,2,1,20,4,5931500,2
1576,1010,2,1,0,1,9,8322000,1
1851,1597,3,1,0,22,4,9189500,1
1870,1638,1,2,1,7,5,9375000,4
3347,2976,1,3,1,9,6,16231500,4
2117,1702,5,3,0,26,4,11306500,3
2730,2269,3,3,1,1,1,13965000,4
1809,1538,5,3,1,5,2,10390500,4
2899,2312,3,1,0,3,3,14235500,4
1978,1382,3,1,0,20,4,9801000,1
2373,1535,5,1,1,0,5,12778500,1
2319,1556,3,3,1,5,10,12485500,1
2642,2251,2,2,0,27,10,12849000,4
1395,1128,3,3,1,11,3,7857500,1
1496,1102,3,1,0,26,1,7362000,4
2561,1559,5,3,0,13,8,13764500,1
809,550,1,2,1,14,8,4610500,1
3463,2835,4,2,0,23,4,16923500,2
3256,2454,3,3,0,17,7,16162000,3
3094,2260,4,1,0,16,4,15203000,4
3107,2156,3,1,0,8,3,15071500,2
1567,1225,5,1,0,14,7,8821500,1
1071,953,5,3,1,17,6,7029500,4
3017,2625,3,1,0,23,1,14266500,1
1522,927,5,3,0,20,9,8999000,3
736,547,5,1,0,17,2,4772000,2
966,675,3,2,1,4,3,5867000,3
783,589,1,2,0,15,5,4173500,2
3119,2438,3,1,0,8,3,15125500,1
1998,1318,1,3,0,21,3,9621000,3
3301,2754,5,1,0,2,8,16914500,3
3396,2521,1,3,1,11,4,16312000,1
1136,1019,5,2,1,23,10,7202000,3
3449,2095,1,3,0,13,2,16260500,4
2202,1446,1,1,1,0,5,10809000,2
1873,1511,3,2,1,8,2,9818500,2
3157,2552,1,3,1,8,10,15596500,2
3277,2538,5,3,0,19,8,16866500,4
1696,1512,3,2,0,12,3,8842000,2
1905,1380,1,1,0,7,2,9032500,1
1515,1098,3,2,0,10,3,8067500,3
751,655,4,1,0,29,3,4349500,4
1628,1239,3,1,0,13,1,8216000,2
1818,1283,4,3,1,15,3,9981000,1
2577,2102,4,1,1,10,3,13096500,3
3111,2444,3,1,1,18,4,15089500,3
870,601,5,2,1,28,8,5805000,4
1786,1231,5,2,1,21,9,10117000,4
1059,761,5,1,0,9,1,6335500,4
704,437,2,3,0,25,1,3918000,1
2310,2039,4,2,1,7,6,12305000,1
2809,1839,3,3,0,10,1,13990500,4
2998,1973,5,2,0,24,5,15161000,2
1033,820,5,2,0,7,1,6458500,3
3499,2859,3,1,0,24,8,16765500,3
739,606,4,2,0,19,5,4795500,1
2094,1492,3,2,1,9,6,10993000,3
686,591,2,3,1,16,4,4317000,2
2311,1763,2,2,1,22,8,11509500,3
2830,2070,3,2,0,10,9,14285000,1
3015,2541,4,3,0,11,9,15597500,1
728,489,5,1,0,9,1,4846000,2
1869,1603,2,1,0,19,7,9180500,2
2201,1676,2,2,1,16,4,10934500,3
1269,1104,4,2,0,2,10,7770500,3
748,494,2,3,1,6,8,4996000,1
1584,1395,2,1,1,26,7,7908000,2
1451,1170,4,1,1,2,1,8089500,2
2056,1614,3,1,1,16,1,10232000,2
1227,891,5,3,0,22,1,7231500,3
2092,1855,5,3,0,7,2,11474000,2
3093,2267,2,3,1,20,10,15368500,1
2644,1981,5,2,0,21,2,13478000,1
1483,1237,3,1,0,29,9,7643500,3
2941,2015,2,2,0,18,5,14124500,4
2388,1641,5,2,1,13,1,12586000,3
849,706,1,3,1,4,7,5140500,4
1547,987,1,1,1,18,10,7751500,2
1574,1333,1,2,1,12,2,7793000,3
1925,1516,1,1,1,17,3,9122500,1
3436,2617,1,2,1,29,4,15932000,2
1583,1058,2,3,1,22,3,8183500,1
1488,1243,4,2,0,25,3,7946000,2
2717,2286,4,3,1,10,9,14426500,3
3272,2437,2,1,0,22,4,15284000,4
1474,1056,2,2,1,11,8,7963000,2
1926,1297,3,2,0,7,1,9877000,4
1070,884,4,3,0,11,6,6695000,2
2587,2048,1,3,0,0,1,12591500,1
690,456,2,1,0,17,5,3815000,1
1129,946,1,3,1,1,7,6460500,2
1260,1089,4,1,1,11,1,7050000,4
1338,826,5,2,1,18,9,8161000,3
3373,2805,5,1,1,22,9,17038500,3
1471,1258,2,1,1,6,6,7749500,1
2286,2051,3,1,1,6,2,11517000,3
791,530,1,2,1,0,2,4509500,1
2586,1839,2,2,1,17,9,12897000,3
2785,2478,3,3,1,7,4,14242500,2
944,593,1,1,1,24,6,4718000,1
1608,1217,4,2,1,9,10,9306000,1
3150,2368,5,1,0,28,2,15415000,2
802,627,3,1,0,22,4,4469000,1
1172,819,1,1,0,28,2,5314000,3
791,694,2,2,0,0,3,4709500,3
2652,1806,1,1,0,14,2,12254000,1
2513,1997,2,1,1,14,8,12378500,3
2316,1734,5,3,1,27,5,12382000,4
910,618,5,1,0,3,5,5985000,1
3196,2098,1,3,1,9,8,15652000,2
2703,2397,1,1,0,7,8,12923500,4
1042,800,2,3,1,13,7,6129000,1
1860,1453,2,2,1,12,5,9530000,2
1469,1226,3,2,0,20,7,7860500,3
1184,739,3,1,0,16,1,6158000,2
2194,1786,3,3,0,6,3,11403000,4
3399,2207,1,2,1,5,3,16195500,3
2137,1756,3,1,0,8,2,10656500,1
959,616,1,1,1,19,6,4885500,3
2323,1973,5,3,1,19,3,12473500,1
3466,2787,4,3,1,7,4,17607000,1
2677,1916,5,1,1,13,3,13786500,2
2402,1699,1,3,0,29,7,11479000,2
2611,1683,1,3,0,19,4,12469500,2
2755,2400,4,2,0,2,5,14207500,4
1443,917,2,3,0,22,7,7603500,4
2225,1650,2,1,1,12,4,10922500,2
3364,2257,2,3,0,20,6,16238000,4
1490,1339,3,1,0,8,9,8095000,3
2591,2009,2,1,0,20,6,12359500,3
2582,1665,3,3,0,8,5,13209000,4
1559,1247,3,3,1,21,1,8295500,4
2068,1855,2,3,1,21,8,10636000,3
2061,1610,2,2,1,10,5,10474500,1
1331,981,4,2,1,5,5,7889500,3
1205,829,4,3,0,22,3,6932500,3
3104,1948,3,1,1,11,10,15498000,4
1214,811,4,3,0,26,2,6843000,3
3345,2562,3,2,0,3,1,16342500,4
2604,2151,1,2,0,3,9,12808000,4
2319,2002,3,3,0,24,5,11705500,2
1273,1066,3,1,1,27,10,6938500,3
1870,1192,4,1,1,22,4,9725000,1
3190,2654,1,2,0,26,7,14885000,2
2187,1693,5,2,1,25,4,11591500,4
2211,1637,5,2,1,21,2,11679500,4
1496,1154,5,1,0,16,9,8562000,1
2062,1242,1,2,0,6,8,10259000,4
877,544,2,2,1,5,4,5196500,3
1151,872,1,1,0,27,8,5539500,2
2236,1458,4,2,1,19,9,11882000,4
2758,2106,3,2,0,28,2,13251000,4
3032,2141,3,3,0,7,4,15204000,1
1360,1186,4,2,0,6,6,7900000,3
3341,2956,4,3,0,7,7,17044500,4
2049,1831,3,2,1,8,5,10760500,1
1004,873,2,2,1,0,10,6168000,4
1958,1753,2,3,1,2,10,10621000,1
1832,1487,2,2,1,17,7,9404000,1
621,551,4,3,0,18,4,4434500,3
1277,1012,3,2,0,26,8,6926500,4
3258,2745,3,3,1,10,3,16261000,3
2628,1680,3,3,1,15,3,13326000,1
1831,1473,1,2,1,17,5,8999500,2
2655,2334,1,2,1,26,6,12577500,4
3349,2551,5,3,1,5,3,17370500,2
2408,1579,1,1,0,24,10,11356000,4
1128,855,2,2,1,1,2,6306000,3
2637,2141,2,2,1,3,5,13206500,3
3249,2699,2,1,0,4,10,15840500,3
2276,1723,2,1,0,20,6,10942000,3
1256,835,5,3,1,13,3,7792000,3
765,671,2,2,1,0,7,4942500,2
1448,1204,4,3,1,28,3,8056000,3
1095,745,4,2,0,21,2,6207500,1
1189,1002,4,1,1,13,10,7140500,1
1028,724,1,3,1,20,4,5476000,2
3421,2373,3,2,0,12,3,16604500,4
762,654,5,2,0,21,7,5259000,1
3013,2597,4,1,0,15,8,15058500,4
1862,1339,4,1,0,29,3,9349000,2
671,404,2,2,1,3,6,4409500,4
1254,822,4,1,0,28,1,6533000,4
868,757,2,1,0,26,5,4436000,4
2376,2066,2,3,0,5,2,11892000,4
3062,2253,3,2,1,8,1,15119000,2
1868,1291,1,3,0,0,7,9656000,1
1615,1115,2,1,1,21,10,8297500,3
3322,2887,2,2,0,16,4,15829000,4
1683,1173,3,1,1,27,5,8533500,1
605,455,2,1,1,22,2,3332500,1
1581,1295,5,2,1,3,8,9504500,2
3217,2132,1,1,0,5,10,15376500,1
1006,680,5,3,1,15,3,6627000,2
2553,1806,4,2,0,6,7,13318500,4
2673,2128,1,1,0,28,1,12018500,4
1585,1339,4,1,1,26,10,8662500,3
989,755,2,1,0,4,1,5220500,3
1309,837,3,2,1,8,7,7530500,3
3218,2361,5,3,0,23,1,16171000,1
2071,1321,4,1,1,18,9,10959500,4
1353,847,2,1,0,0,9,7338500,2
2793,2169,5,1,1,26,8,14298500,3
2011,1783,5,2,0,29,8,10769500,2
3432,2921,4,1,0,25,4,16544000,2
1872,1558,2,1,1,7,4,9434000,3
1125,920,3,1,0,19,5,6032500,4
2085,1812,4,2,0,22,9,10992500,3
2660,2196,5,3,1,3,3,14310000,2
3031,2388,5,2,1,22,4,15449500,3
1155,819,1,3,1,29,10,6167500,2
618,389,2,3,1,16,5,4061000,2
1174,866,1,2,1,0,7,6483000,3
3398,2981,3,1,0,1,5,16621000,1
1603,1242,4,3,1,20,9,9213500,3
3066,2009,5,1,0,26,6,15277000,1
3066,2436,2,3,0,13,3,14887000,2
2538,1877,5,1,0,25,6,12921000,2
2539,2232,1,1,0,21,6,11805500,1
2235,1448,1,2,0,1,10,11237500,2
2298,1869,4,1,1,0,1,11941000,1
2769,2227,2,3,1,24,7,13680500,1
1031,922,2,1,1,12,3,5499500,2
2691,2070,4,1,1,22,1,13269500,4
2495,2149,1,1,1,7,1,11787500,1
2543,1544,1,3,1,29,5,12163500,3
1940,1235,1,3,0,21,10,9710000,3
3028,2131,5,3,1,28,10,15816000,2
744,584,3,1,1,8,2,4538000,4
3010,2211,1,2,1,23,2,14035000,2
1673,1105,3,3,1,19,4,8998500,4
1688,1311,3,1,1,20,10,8946000,1
3002,2311,2,3,0,1,7,15039000,1
1399,1059,4,2,0,16,8,7975500,1
3473,2178,5,1,0,29,10,17248500,1
1751,1537,3,3,1,5,7,9779500,3
3045,2368,5,3,1,2,9,16362500,3
2556,1736,2,2,1,26,7,12482000,2
1062,856,1,3,0,19,4,5499000,4
2374,1650,3,1,0,29,9,11653000,1
2645,1988,4,1,1,16,9,13582500,1
1407,988,2,2,1,5,3,7531500,4
786,679,5,2,0,7,10,5797000,4
2343,2104,1,2,0,13,8,11383500,2
1331,862,5,1,0,9,1,7559500,4
2535,1538,4,2,1,19,2,12877500,1
1813,1207,3,3,0,9,8,9878500,1
2011,1562,4,3,1,14,8,11119500,1
1028,670,5,1,1,7,6,6636000,1
1907,1608,5,3,1,10,8,11031500,1
2884,2083,4,2,0,15,8,14678000,2
1817,1423,4,3,0,25,2,9576500,1
1910,1407,4,2,0,2,3,10305000,2
1370,1193,1,3,0,14,7,7135000,1
1357,828,5,1,1,12,3,7866500,3
735,601,2,2,1,10,2,4357500,3
1391,1106,1,3,1,13,6,7349500,3
770,612,1,1,1,6,2,4095000,3
2806,2032,1,3,0,18,2,13267000,2
2848,1722,2,1,1,14,2,13586000,2
2180,1758,4,3,0,5,4,11710000,4
1561,1325,5,2,1,19,7,9044500,1
3230,2020,3,2,0,21,6,15715000,3
1475,1080,3,2,1,6,5,8217500,2
3018,1958,5,2,1,23,4,15371000,1
702,549,2,2,0,13,2,3999000,1
1601,1337,3,3,1,21,8,8834500,2
1748,1398,1,3,0,3,2,8806000,3
3445,2395,3,3,1,8,8,17392500,4
2081,1335,5,3,0,6,10,11844500,1
1257,1053,1,2,0,24,4,6076500,4
1820,1268,3,1,0,14,5,9260000,3
3380,2050,5,2,0,2,1,17120000,3
1022,788,2,3,1,4,2,5969000,4
3219,2169,5,2,0,16,8,16465500,3
770,656,2,2,0,26,1,3995000,1
2820,1813,1,2,0,27,3,13000000,4
3310,2417,5,1,0,23,2,16235000,3
1052,711,4,2,1,0,10,6984000,4
2997,2418,4,2,0,0,5,15336500,1
2575,1968,4,1,1,29,4,12757500,3
2257,1889,4,2,1,15,4,11806500,1
3141,2316,4,2,0,22,4,15494500,3
3267,1964,2,2,0,13,4,15641500,2
2653,1763,5,2,0,10,4,13838500,3
887,798,1,2,0,13,6,4731500,4
2241,1617,4,3,1,7,2,11994500,3
2047,1609,4,2,1,18,4,10801500,1
2513,2190,1,1,0,1,7,12138500,1
1207,731,1,2,0,22,7,6041500,3
1056,842,4,3,1,9,1,6572000,4
2364,1622,2,1,1,4,10,12008000,2
1825,1247,1,1,0,14,9,8882500,4
1835,1224,5,2,0,0,7,10507500,2
1629,1379,5,3,0,1,6,9710500,1
3271,2328,2,2,0,18,2,15459500,4
3023,1874,3,3,0,21,6,14983500,2
1046,657,2,3,0,29,5,5577000,3
1434,924,4,2,1,16,9,8333000,1
1410,1226,3,3,1,14,1,7765000,3
2024,1473,4,2,1,23,5,10648000,1
2011,1759,5,3,1,17,3,11109500,4
1558,1316,1,1,0,20,9,7561000,4
2075,1766,4,2,0,7,1,10847500,1
3496,2398,5,3,1,28,6,17722000,1
1408,959,2,1,0,20,3,6886000,1
1578,1211,4,1,0,28,1,7991000,4
3063,2221,5,1,0,13,3,15373500,2
1325,997,1,1,1,7,2,6572500,3
3101,1910,4,2,1,29,10,15624500,3
1816,1618,5,3,1,21,8,10402000,4
2797,1727,4,1,1,22,3,13846500,3
2503,1636,1,3,1,7,7,12523500,1
3406,2736,4,3,1,18,10,17417000,2
1378,891,4,3,1,12,6,8211000,3
1572,993,5,2,0,27,7,8784000,2
3410,2203,3,2,1,29,7,16565000,1
2138,1322,4,1,0,4,10,11441000,3
2016,1361,3,3,0,9,1,10442000,4
2723,1855,2,2,1,6,4,13483500,2
1198,898,4,2,0,8,4,7031000,1
824,602,3,2,0,13,5,4998000,2
2153,1597,2,1,1,5,10,11038500,3
2760,2166,5,2,0,9,5,14390000,3
2898,1939,4,3,1,0,8,15391000,4
1440,922,5,2,0,10,4,8380000,1
2414,2084,2,2,0,7,1,11773000,1
1313,1037,5,1,0,5,5,7758500,4
1706,1054,5,3,0,16,1,9507000,4
724,643,1,2,1,3,3,4198000,1
1692,1367,2,3,1,5,8,9264000,2
1879,1212,5,3,1,28,10,10645500,2
2350,2093,3,2,0,14,5,11845000,4
629,446,2,1,0,9,7,3800500,2
2928,2621,1,3,0,16,1,13806000,1
2617,1651,4,2,0,9,6,13496500,3
3015,1953,5,3,1,4,8,16137500,3
1094,872,3,3,0,18,6,6363000,2
2209,1340,1,3,1,6,4,11070500,4
1317,797,2,2,0,28,8,6766500,4
1616,1353,5,3,0,23,8,9312000,4
1937,1259,1,3,1,18,6,9706500,4
1205,1055,1,1,1,9,8,6292500,4
974,708,3,2,1,18,6,5773000,2
3286,2832,4,2,1,29,4,16157000,3
2560,1856,4,3,0,10,6,13420000,3
1648,1250,4,1,1,2,9,9376000,2
1957,1360,2,3,1,29,8,9976500,4
715,570,1,3,0,10,7,4267500,2
2695,1874,2,2,0,5,5,13277500,3
2401,1601,1,1,0,5,7,11554500,1
2746,1714,3,3,0,14,1,13627000,2
2082,1285,3,2,1,2,8,11179000,4
2146,1484,2,3,1,21,5,10837000,3
2220,1822,2,3,0,24,7,11060000,3
3052,2019,3,1,1,10,7,15134000,3
1284,885,5,1,1,7,8,7888000,3
3150,2745,4,1,0,26,7,15405000,4
2071,1639,4,3,1,28,6,11009500,1
2199,1926,3,1,1,28,6,10885500,3
2905,2537,4,2,0,22,5,14482500,2
3491,2161,5,3,1,22,5,17769500,1
2768,2453,5,1,1,7,4,14366000,3
1409,867,1,3,0,22,7,7150500,1
1577,1384,2,3,1,28,3,8036500,2
2701,2063,4,2,0,15,5,13704500,3
1954,1484,5,2,0,2,3,10803000,2
1383,1125,2,2,0,7,8,7483500,4
840,725,2,3,0,7,5,5090000,3
2378,1866,1,3,0,12,10,11861000,3
2153,1566,2,2,0,0,6,10988500,3
1082,685,2,3,1,9,1,6089000,3
1612,1348,3,2,0,4,4,8674000,4
786,501,1,2,1,29,9,4257000,3
2481,2029,1,1,0,4,5,11834500,1
3303,2504,4,2,0,16,1,16193500,3
2909,2082,2,1,0,21,4,13670500,4
1552,1216,4,2,1,13,6,8774000,3
1987,1652,5,3,1,5,7,11441500,1
1090,961,2,1,0,13,7,5795000,4
1030,699,5,3,1,11,8,7065000,4
838,740,3,3,0,19,5,5141000,1
2951,2621,2,2,0,21,6,14159500,1
2945,2485,4,2,1,29,2,14522500,1
675,583,4,3,0,21,10,4917500,1
1956,1579,2,2,0,0,2,9902000,1
2523,1543,4,2,1,4,3,13173500,4
2381,1839,2,2,0,17,4,11574500,4
3289,2710,1,3,0,13,6,15740500,3
1426,1258,4,1,1,6,6,8147000,3
2930,2259,2,1,1,28,3,13725000,2
1190,997,2,3,0,24,1,6125000,3
2719,2206,4,2,0,14,3,13705500,3
3350,2292,1,2,1,8,4,15965000,1
2502,1617,4,1,1,29,9,12679000,1
2510,2071,2,3,0,14,10,12715000,3
1174,786,1,3,1,26,8,6213000,2
1491,1004,5,2,1,15,4,8659500,1
2659,2109,3,2,1,8,7,13605500,3
740,619,4,2,0,26,9,4860000,3
2389,1850,2,3,0,6,2,11930500,4
616,533,1,1,0,6,3,3302000,2
1686,1118,1,3,0,16,1,8217000,4
852,575,5,3,0,10,8,6134000,2
1064,841,4,3,1,26,2,6318000,1
975,827,1,1,1,5,7,5287500,2
2427,1848,5,2,1,13,7,13061500,3
1119,674,2,2,0,14,3,5905500,3
2460,1975,5,3,0,20,2,12870000,2
689,581,4,3,1,7,3,5060500,2
1319,900,5,1,1,23,8,7725500,2
3451,2126,1,1,1,26,9,16109500,4
3443,2600,1,2,1,3,8,16683500,2
1229,752,3,3,0,0,2,7130500,1
2484,1800,5,1,0,5,9,13228000,4
675,408,2,1,1,25,6,3787500,4
1525,1017,4,3,0,0,2,8762500,2
3047,2183,3,3,0,20,9,15261500,1
2405,1523,5,3,0,4,5,13092500,4
1569,995,2,3,0,18,6,8200500,3
1694,1436,3,3,1,4,1,9243000,4
2628,1609,1,3,1,21,2,12556000,2
2004,1616,4,1,0,4,1,10388000,1
3444,2907,5,3,1,16,4,17628000,2
794,507,2,2,0,27,2,4133000,3
827,544,1,3,1,11,1,4601500,3
2059,1631,3,2,1,6,3,10745500,3
1060,736,4,2,1,14,4,6440000,2
1217,904,3,2,1,18,4,6766500,4
663,564,3,3,1,22,3,4343500,2
2812,1803,2,3,1,20,2,13704000,1
2674,2101,1,2,1,12,8,13043000,4
884,780,5,3,0,11,10,6358000,3
2283,1409,2,1,1,18,2,10963500,2
2928,1809,4,1,0,12,5,14586000,3
1437,1101,3,1,1,26,7,7546500,3
1430,1269,4,1,1,5,9,8335000,1
1787,1190,2,3,1,0,3,9541500,4
823,575,2,2,0,5,1,4653500,1
1383,870,5,3,0,12,9,8533500,1
1549,1097,3,1,0,12,1,7880500,1
644,394,2,3,0,12,8,4258000,3
2410,1727,4,3,0,19,2,12365000,1
1070,820,5,1,1,3,7,6955000,1
2681,2392,4,2,0,4,3,13734500,4
3300,2790,3,3,0,12,6,16410000,4
1429,1209,5,3,0,8,6,8670500,1
2509,1677,5,1,1,16,4,13020500,4
2868,1795,5,2,1,2,8,15316000,4
2491,1945,1,1,1,26,5,11589500,1
3181,2405,5,1,0,19,7,15984500,3
1291,974,4,3,1,17,5,7669500,1
1990,1259,4,2,0,24,4,10275000,4
1531,1145,3,1,1,26,6,7919500,3
1440,928,2,3,1,14,3,7700000,2
2538,1844,2,1,1,22,6,12231000,3
2173,1344,1,3,1,0,6,11128500,4
3229,2767,5,2,1,8,6,16720500,3
2886,1743,1,1,0,5,3,13537000,1
3088,2722,3,2,0,17,8,15256000,2
747,641,3,2,1,0,4,5011500,2
1632,1347,2,3,0,21,2,8224000,2
1911,1709,3,1,1,6,7,10079500,4
987,608,5,1,1,9,8,6511500,4
2473,1959,4,3,1,5,4,13178500,2
1515,1295,3,3,1,6,6,8647500,3
2478,1580,1,2,1,5,8,12301000,2
3285,2547,5,1,1,7,5,16742500,3
877,629,3,1,1,1,9,5626500,3
2577,1883,3,3,0,8,6,13236500,4
2459,2148,5,3,0,24,6,12985500,3
2425,1846,3,3,1,26,2,12142500,2
3236,2032,4,1,0,8,7,16152000,4
2433,2143,2,1,1,6,9,12228500,1
3296,2160,5,2,0,8,5,16822000,1
1217,1056,1,3,0,16,5,6306500,4
2230,1987,3,2,1,2,5,11695000,2
2782,2401,2,1,1,15,1,13219000,1
1179,946,1,2,0,15,5,5955500,1
1770,1456,1,2,1,1,10,9295000,3
1089,882,4,2,0,10,8,6700500,3
3125,2306,2,3,1,15,3,15262500,2
1782,1215,5,1,0,14,9,9889000,4
983,673,2,3,0,0,9,6073500,2
762,624,2,2,0,20,6,4329000,4
3088,2432,1,3,1,16,4,14826000,1
2476,1920,4,1,0,2,4,12702000,3
1812,1441,4,1,1,21,1,9334000,2
3062,2548,2,2,1,21,10,15009000,2
1962,1617,2,2,1,18,5,9869000,4
2230,1408,3,3,1,19,5,11555000,4
1804,1278,1,1,1,6,5,8898000,2
887,602,5,1,0,21,1,5321500,4
2457,1870,5,3,1,28,1,12796500,2
786,486,4,1,1,10,10,5387000,2
2507,2077,1,2,0,29,2,11501500,2
1761,1112,4,2,0,29,1,8994500,1
729,496,5,3,1,17,8,5590500,4
2841,2371,2,3,1,24,4,13854500,3
2963,1823,1,3,1,13,6,14423500,3
2487,1984,1,2,0,15,8,11991500,4
743,651,3,3,1,5,5,5143500,2
615,482,2,1,1,1,6,3997500,3
3070,2498,2,3,0,22,4,14775000,3
844,707,4,1,0,10,6,5298000,4
1526,1017,1,2,0,10,6,7667000,3
2776,2149,4,1,1,25,3,13692000,2
1506,1043,2,1,1,9,4,7747000,4
1486,1002,3,1,1,3,6,8177000,2
940,618,1,2,0,16,8,5010000,3
2651,2056,2,1,0,9,7,12899500,3
2033,1704,3,1,1,8,4,10438500,2
905,780,5,3,0,29,3,5742500,1
1507,1097,2,3,0,12,8,8141500,3
3254,2316,5,3,0,10,6,16843000,1
1971,1589,4,1,0,9,8,10489500,3
920,767,5,1,1,23,9,5980000,1
1158,782,2,2,1,4,9,6731000,1
1804,1243,5,1,0,2,10,10278000,1
3265,2481,1,1,0,3,9,15582500,2
3358,2462,2,2,0,2,10,16571000,1
2009,1630,3,1,0,9,1,10010500,1
2241,1683,5,2,0,23,3,11674500,1
1731,1096,1,2,1,12,9,8849500,3
3178,2065,4,3,0,4,4,16221000,1
3057,2661,4,1,1,12,10,15566500,3
1417,946,5,3,1,26,2,8206500,1
1794,1103,4,1,0,23,1,9063000,1
3140,2573,3,3,1,0,5,16030000,2
611,491,2,2,0,24,4,3469500,3
794,619,1,2,0,10,5,4323000,1
3137,2354,5,2,0,25,5,15766500,3
3442,3066,4,2,1,2,8,17599000,3
2829,1799,2,1,1,16,6,13660500,4
1255,945,3,1,1,18,3,6687500,2
2521,1939,4,3,0,12,9,13354500,2
3341,2027,4,1,1,15,8,16684500,2
2677,1937,1,1,1,17,9,12806500,4
2219,1852,3,3,1,22,4,11395500,4
1719,1274,3,2,0,25,8,8935500,2
1377,1187,5,3,1,19,3,8216500,4
1043,827,1,3,0,22,5,5403500,4
897,744,5,2,1,18,7,6076500,4
1407,1183,1,3,1,29,1,6851500,2
2360,1904,3,3,1,5,1,12220000,2
1444,1191,1,3,0,22,3,7108000,2
1615,1305,1,1,0,6,4,7847500,4
1984,1518,1,2,1,14,1,9548000,2
1997,1537,2,2,1,29,8,9956500,4
1153,757,2,3,0,4,2,6408500,1
2950,2502,3,1,0,15,5,14325000,4
1020,707,1,2,1,5,6,5640000,3
1869,1421,3,2,1,2,6,10120500,2
1860,1255,2,3,0,11,6,9650000,2
784,634,1,3,1,3,1,4568000,3
1067,952,5,3,0,26,3,6531500,4
3401,2858,2,2,1,21,3,16184500,1
3010,2365,2,3,1,2,8,15255000,3
1906,1468,2,3,1,15,6,9927000,3
2176,1625,1,3,1,15,2,10642000,4
935,618,4,1,0,22,1,5217500,2
2809,1978,5,3,1,18,4,14730500,4
2097,1513,5,2,1,14,1,11256500,3
2659,2348,3,3,1,8,5,13705500,3
2047,1489,1,2,1,19,8,10081500,2
1187,920,2,1,1,1,10,6771500,2
2481,2175,4,1,1,5,2,12714500,2
800,604,1,3,0,13,8,4640000,4
1121,757,1,2,1,8,8,6134500,2
2487,1776,4,3,0,28,6,12731500,3
3152,2246,2,3,0,9,8,15604000,3
2311,1882,1,2,0,25,2,10699500,1
1387,955,5,2,0,17,7,8151500,4
659,539,5,2,1,14,8,5135500,1
1177,1020,4,2,1,3,4,7186500,3
920,644,2,2,1,4,9,5660000,1
2058,1318,4,1,0,24,6,10481000,3
2637,2087,1,1,1,22,3,12226500,1
1522,1077,5,1,0,20,4,8349000,2
2009,1527,3,2,0,5,4,10440500,1
2294,1812,4,2,1,24,1,11643000,2
1168,843,3,2,0,14,10,6776000,2
1701,1492,3,3,0,19,1,8824500,4
1126,810,5,1,0,29,1,6237000,2
3171,2195,4,1,0,28,4,15309500,2
3260,2822,3,3,1,1,1,16350000,1
2772,1776,1,3,0,15,6,13374000,3
1470,936,2,1,0,4,2,7435000,4
879,774,2,2,0,29,1,4425500,2
3269,2166,5,1,1,22,7,16470500,4
3493,2251,4,2,1,27,6,17228500,1
2492,1895,4,1,0,3,1,12604000,2
2351,1443,2,1,1,27,10,11489500,1
1273,1000,1,3,1,0,9,7228500,4
1751,1288,2,3,1,7,6,9389500,1
2961,2345,2,2,1,20,2,14174500,4
931,637,4,2,0,9,7,5959500,1
1773,1545,3,1,0,14,3,8948500,4
2639,1797,1,3,1,1,7,13255500,3
2077,1643,4,2,1,18,9,11186500,1
635,561,2,2,1,11,5,4037500,1
2308,1662,3,2,1,29,1,11306000,3
2043,1324,1,1,1,9,5,9913500,3
2853,1770,5,2,1,11,8,15068500,1
3286,2920,1,2,1,25,8,15537000,3
3495,2897,1,3,0,20,3,16377500,2
1979,1732,2,3,0,26,4,9785500,4
1039,841,2,3,1,19,8,6045500,4
3376,2372,5,1,1,24,8,16962000,4
1719,1094,5,3,0,8,7,10025500,2
763,670,5,3,0,7,6,5693500,3
747,557,4,3,1,1,4,5491500,3
2941,2114,4,3,0,20,10,15134500,1
794,614,2,2,0,29,9,4443000,3
1262,797,2,1,1,23,2,6269000,1
1079,747,5,2,0,23,2,6395500,2
722,571,4,2,1,6,1,4929000,4
2023,1274,3,1,0,3,3,10293500,4
3346,2143,4,2,1,18,3,16597000,4
1564,1177,2,3,0,7,4,8298000,3
3308,2603,4,1,0,23,3,15976000,1
2378,1560,2,2,1,12,10,12111000,1
2085,1271,5,2,0,25,6,11082500,2
2614,2319,5,3,0,20,9,13913000,3
1309,796,5,2,1,2,8,8300500,2
3043,1827,3,2,0,4,6,15213500,1
1511,1053,3,2,0,19,8,8119500,1
1960,1306,2,1,1,7,8,10030000,4
2964,2288,1,1,1,1,10,14468000,3
2334,2026,3,2,1,26,6,11733000,1
2423,1803,2,2,1,23,2,11693500,4
2179,1812,4,3,1,9,5,11825500,3
1280,1117,5,1,1,21,4,7390000,2
1933,1269,5,1,1,15,6,10548500,3
3142,2345,5,1,1,3,2,16029000,3
1155,915,2,2,0,26,4,5877500,1
1209,845,5,3,0,29,8,7360500,1
2756,2265,3,3,1,13,1,13842000,3
971,788,4,2,0,29,3,5539500,1
1215,882,5,2,1,2,4,7677500,1
3415,2139,2,3,0,9,2,16487500,1
2514,1517,4,3,0,12,2,12973000,4
2853,2027,5,1,1,4,6,14908500,4
1446,903,1,2,0,21,6,7087000,3
642,535,5,1,0,16,3,4419000,1
1464,1025,3,3,0,16,8,8168000,4
1868,1494,4,1,1,10,3,9906000,3
1978,1392,3,3,0,25,2,10001000,1
1384,1160,1,3,0,18,5,7018000,2
1075,931,1,1,1,17,7,5497500,1
682,580,3,2,0,27,1,3879000,1
1733,1291,4,1,0,16,2,8978500,4
2837,1773,1,1,0,10,2,13166500,3
1399,995,1,2,0,14,8,7115500,3
1535,1116,5,2,1,7,10,9317500,4
2898,2573,2,1,1,11,6,14071000,1
2938,2261,1,3,1,28,4,13911000,2
2268,1796,4,1,0,16,4,11486000,1
925,772,4,3,1,25,5,5862500,1
2134,1644,5,2,0,29,3,11073000,2
2585,2015,4,2,0,23,4,12972500,4
2564,1727,5,3,1,4,4,13908000,3
1436,886,1,1,1,28,7,6902000,4
1107,903,1,2,1,3,7,6121500,4
3378,2886,1,3,0,23,1,15691000,1
2719,1967,1,3,0,23,3,12825500,3
1870,1429,2,1,0,10,9,9465000,3
1240,858,2,3,0,29,6,6500000,4
2478,1821,1,3,1,7,6,12361000,2
1207,799,4,1,1,15,4,6881500,4
2558,2117,5,2,0,15,10,13611000,2
1165,870,3,2,0,2,9,6952500,3
1967,1503,5,2,1,11,3,10831500,4
2701,1650,3,3,1,23,8,13744500,1
2353,1851,3,3,0,12,6,12148500,4
3175,2098,1,1,1,0,2,15037500,3
3258,2329,3,3,0,28,3,15751000,1
2181,1578,1,3,0,3,1,10704500,1
2586,1899,2,2,0,20,3,12387000,2
2840,1897,4,3,0,5,4,14680000,1
2705,2312,3,3,1,4,6,14042500,1
728,530,4,3,1,4,10,5646000,4
2472,1937,1,1,0,20,7,11574000,3
1305,1023,3,3,0,24,3,7042500,2
1451,1134,5,1,0,9,7,8399500,4
607,466,2,2,0,25,4,3431500,1
2676,2266,2,3,0,18,1,12932000,1
1735,1463,3,1,1,17,1,8767500,2
2778,2014,2,2,0,25,8,13401000,3
2835,2241,5,3,1,1,10,15487500,2
2298,1449,4,1,0,15,7,11791000,4
3356,2104,5,1,0,14,4,16722000,2
2098,1560,2,2,0,23,1,10031000,1
2859,2487,4,3,0,4,6,14885500,4
2244,1783,5,3,1,20,10,12448000,1
875,700,1,3,1,21,7,4917500,3
2302,1490,1,1,1,8,6,11149000,1
2395,1762,4,3,0,22,6,12437500,1
842,606,4,1,1,4,8,5659000,2
3332,2781,4,1,0,4,6,16614000,1
770,493,1,2,0,25,2,3765000,4
1252,953,5,1,1,8,7,7674000,4
2532,2211,4,2,0,8,10,13334000,3
2835,2460,1,2,0,1,4,13637500,4
1709,1462,4,3,1,6,3,9670500,2
2099,1495,4,2,1,25,8,11095500,3
2699,2381,4,3,0,0,10,14445500,4
2758,2321,1,2,1,19,5,13131000,2
2572,2199,5,1,1,1,4,13604000,4
1666,1465,1,3,1,25,4,8247000,4
2858,2518,1,1,0,24,5,13131000,1
2635,1770,4,3,0,11,4,13637500,4
1457,930,3,1,1,5,3,7856500,4
3274,2642,3,2,0,19,4,15853000,2
1649,1268,3,3,0,18,10,9060500,2
898,627,1,3,1,15,5,5041000,1
1523,1226,4,3,1,3,2,8843500,4
736,455,3,2,1,17,7,4772000,1
1643,1009,2,1,0,4,5,8363500,4
3087,2180,2,2,0,24,9,14861500,3
810,533,2,2,0,21,6,4525000,3
3399,2772,5,2,0,17,1,16905500,1
2174,1922,4,1,1,5,9,11683000,1
3082,2460,1,2,1,24,5,14489000,1
1379,1098,1,3,1,13,9,7445500,2
1830,1101,4,2,1,19,1,9655000,2
3086,2325,5,1,1,16,2,15517000,2
2402,2030,4,3,0,17,3,12419000,1
3313,2637,5,1,1,20,5,16608500,4
1665,1112,3,2,0,9,6,8912500,3
1010,863,3,1,0,22,5,5455000,1
3453,3070,5,3,1,23,1,17378500,2
3257,2226,4,1,0,18,4,15896500,2
1026,679,3,3,0,24,6,5937000,1
2071,1452,4,3,1,17,4,11129500,1
1541,953,3,2,0,3,4,8374500,2
2507,2161,4,2,1,19,5,12901500,4
1341,1178,4,3,1,14,8,8104500,2
1992,1573,2,1,0,5,5,9914000,2
1843,1528,5,3,0,25,7,10243500,1
2200,1761,1,2,1,5,8,11050000,4
1855,1322,5,1,0,2,6,10307500,2
927,731,4,3,1,8,6,6261500,2
2066,1757,4,2,1,10,2,10947000,3
2699,2275,5,3,1,4,10,14815500,1
2566,1601,4,3,1,13,5,13487000,3
975,720,3,3,1,1,1,6067500,3
862,619,4,1,1,21,9,5459000,2
866,714,5,2,0,18,7,5787000,1
3006,2255,5,2,1,7,2,15537000,4
2544,1793,5,3,0,12,6,13608000,2
2493,2024,2,3,0,18,10,12558500,4
2501,1855,2,3,0,4,9,12824500,4
3299,2233,2,1,1,14,5,15765500,1
2252,1952,2,2,1,3,3,11374000,3
2044,1295,2,3,0,3,10,10838000,1
645,390,2,2,1,17,4,3912500,4
1199,771,2,3,0,23,3,6285500,2
1319,856,5,2,1,18,1,7675500,4
2512,1912,1,3,1,19,10,12474000,2
1892,1489,2,1,1,21,7,9394000,2
1200,881,5,3,0,8,8,7740000,1
980,648,1,3,0,14,2,5130000,4
717,458,2,3,0,29,8,4246500,3
2763,2065,1,3,1,11,9,13713500,4
859,661,1,3,1,3,7,5205500,4
1698,1173,3,2,0,2,1,8951000,3
2103,1400,4,2,0,4,4,11183500,1
2952,1842,3,1,0,24,7,14254000,4
2654,1613,1,3,1,16,6,12973000,4
965,609,5,2,0,4,8,6562500,2
2257,1856,2,2,1,26,6,11086500,4
3170,2229,4,3,1,3,10,16655000,3
2061,1253,2,3,0,20,6,10374500,2
2624,1974,5,1,1,6,10,14038000,1
3076,2340,4,1,1,6,6,15572000,2
1390,1012,3,2,1,6,7,7935000,3
1346,852,1,1,1,16,5,6637000,3
3014,2491,5,2,0,24,9,15433000,2
912,735,1,1,1,14,7,4824000,1
1137,816,1,3,0,6,1,5946500,2
1520,1085,2,1,1,14,9,7960000,1
1677,1084,5,2,0,19,6,9366500,2
2090,1726,1,1,1,3,8,10395000,3
3429,2674,3,2,0,1,9,17160500,4
2981,1865,4,2,1,21,2,14844500,4
1397,996,5,1,0,12,2,7846500,1
947,824,2,1,0,11,5,5091500,1
872,641,5,2,0,9,5,5894000,1
1319,919,2,3,1,18,10,7425500,3
2373,1882,4,1,1,14,10,12448500,2
3147,2079,3,2,0,16,2,15241500,3
1284,972,1,3,1,20,10,6928000,4
2726,2183,5,2,0,5,4,14267000,1
1221,1045,2,1,0,26,9,6224500,2
2639,2131,4,2,1,4,4,13745500,4
1546,1105,1,2,1,20,1,7457000,4
3005,2495,4,2,1,27,5,14982500,4
3265,2838,3,1,1,25,2,15542500,3
1106,822,1,3,1,12,6,6087000,1
2182,1312,1,3,1,29,1,10339000,4
3223,2785,1,3,0,26,7,15233500,1
843,547,2,3,0,13,7,5083500,3
1105,704,1,1,0,28,4,5112500,4
1021,706,4,2,1,23,9,6334500,3
2864,2044,2,3,0,13,3,13978000,3
2472,2076,1,3,1,29,5,11844000,1
1792,1284,4,1,1,14,5,9584000,4
929,571,4,2,1,15,8,6030500,3
1249,987,5,2,0,9,10,7840500,4
2064,1654,4,3,0,0,10,11588000,1
990,835,3,3,1,23,4,5845000,3
2119,1524,1,2,0,28,1,9725500,1
980,613,1,1,1,10,5,5110000,4
1341,1027,1,2,1,6,1,6814500,4
2610,1660,4,2,0,16,3,13175000,1
1419,858,4,3,1,29,6,8055500,2
1272,1060,1,1,1,24,1,5944000,3
3160,2278,2,1,1,27,10,15130000,4
2371,1796,2,1,1,3,3,11709500,4
1811,1446,3,3,0,28,7,9439500,3
1529,1101,5,1,0,6,2,8560500,1
2139,1316,3,1,1,2,6,11135500,1
1512,1021,1,3,1,23,7,7744000,1
1243,818,1,2,1,19,2,6163500,2
1026,916,1,1,0,13,5,5107000,2
1101,904,5,2,0,17,10,7014500,4
1329,977,4,1,0,17,10,7540500,1
1883,1165,5,2,0,23,1,9963500,3
2718,1725,3,2,0,29,3,13101000,4
3125,2637,4,3,1,23,1,15602500,3
1056,933,4,3,0,0,3,6702000,4
2836,1728,3,1,0,5,4,13962000,2
890,777,4,1,1,8,5,5645000,4
1519,1084,2,3,0,24,4,7755500,2
2939,1951,3,1,1,1,4,14655500,4
2569,1620,3,1,1,7,9,13120500,1
1355,1126,2,3,0,23,9,7287500,3
2258,1672,5,2,0,19,9,12131000,1
2434,2068,5,1,0,29,5,12323000,4
1906,1272,5,3,0,3,5,10867000,4
2167,1741,4,1,1,20,2,11001500,4
2469,1568,2,1,1,26,6,11840500,2
976,611,3,3,0,9,2,5812000,3
1779,1138,3,3,1,22,10,9715500,3
1107,932,3,1,1,0,5,6481500,4
2036,1622,4,1,1,10,5,10762000,4
3175,2063,4,2,0,8,4,15927500,2
1158,828,5,2,1,18,5,7151000,1
2907,2410,4,3,1,10,7,15181500,1
1020,699,5,1,1,3,10,6880000,3
2152,1885,5,3,0,22,2,11444000,2
903,789,3,3,1,4,1,5683500,4
1541,1180,4,1,1,20,4,8284500,3
3189,2518,5,2,1,16,7,16430500,2
1901,1513,2,3,1,17,1,9614500,1
1689,1144,2,3,1,4,4,9070500,2
2755,1954,4,1,1,17,6,13907500,1
2915,1867,3,2,1,16,6,14547500,2
2869,2517,3,2,0,25,1,13760500,3
2427,1983,5,1,0,2,7,12931500,1
2153,1321,4,3,0,10,5,11538500,3
1292,988,2,1,0,16,6,6594000,3
854,600,5,1,0,25,1,5093000,1
2078,1755,5,2,0,7,7,11461000,1
2900,2039,1,3,1,23,4,13840000,4
856,679,4,3,0,7,3,5662000,4
3030,1968,5,2,0,22,4,15295000,4
1041,799,2,3,0,22,9,5894500,3
2481,1707,1,3,0,1,5,12294500,3
3246,2108,2,1,1,24,5,15327000,4
1713,1346,3,1,1,6,8,9238500,3
3037,2404,1,1,1,20,7,14266500,3
1181,1057,1,3,1,19,3,6134500,1
2335,1869,5,3,0,23,1,12197500,1
3245,2449,3,3,1,20,2,15952500,3
618,539,5,3,0,5,3,4931000,4
1724,1462,4,2,1,19,1,9178000,2
3254,2488,2,2,0,17,1,15353000,4
1980,1491,2,3,0,27,8,9970000,2
2165,1910,5,1,1,6,8,11872500,4
2680,2104,2,1,1,27,2,12570000,1
2593,2111,2,2,1,17,8,12878500,3
2147,1344,4,2,1,26,2,10991500,3
1461,1191,3,3,1,11,5,8254500,1
754,512,1,3,1,6,1,4373000,2
1504,954,5,3,1,6,9,9348000,2
1869,1597,5,3,0,0,4,10710500,2
1004,810,4,3,1,28,10,6408000,1
1443,1042,4,1,0,9,2,7813500,2
2382,1737,1,1,0,9,1,11089000,1
2164,1426,3,3,1,11,6,11468000,4
1784,1075,5,1,0,2,8,10088000,4
1346,948,4,3,1,2,4,8167000,1
2325,1498,5,3,0,12,1,12372500,3
870,632,2,2,1,12,1,4875000,4
1369,1163,5,1,1,26,6,7790500,2
2315,1468,3,1,1,5,2,11667500,1
2110,1324,3,2,1,26,5,10675000,2
771,671,5,1,1,2,2,5379500,2
873,718,2,2,0,27,9,4838500,3
2906,1789,3,1,1,14,2,14147000,2
1758,1096,4,3,1,8,5,9951000,3
2306,1857,5,2,0,20,4,12077000,4
2371,1686,2,3,1,5,1,11969500,1
1021,834,4,3,0,5,10,6794500,2
2044,1474,5,1,1,7,9,11358000,1
1809,1610,2,2,0,25,3,8790500,2
3011,2433,4,3,1,10,10,15799500,1
3025,1857,3,3,1,18,8,15302500,2
1179,824,5,2,0,15,4,7105500,2
1490,1145,5,1,0,8,9,8695000,2
1321,848,3,3,0,22,5,7254500,2
1480,889,1,1,0,10,2,7060000,2
1721,1073,4,2,0,15,8,9444500,2
3252,2462,3,1,1,28,4,15524000,2
2607,2058,5,2,1,5,2,13781500,2
2669,1675,4,1,0,26,6,13190500,2
2073,1657,4,1,0,16,1,10458500,1
982,771,1,3,0,15,8,5419000,3
2781,2452,5,1,1,19,9,14434500,2
2049,1746,2,3,1,20,7,10520500,3
3150,2781,1,2,0,27,9,14785000,2
2190,1948,1,2,1,17,2,10465000,2
2386,1747,2,3,0,0,1,11987000,1
743,554,2,1,1,17,7,4303500,4
2486,1701,1,2,0,7,4,11947000,4
2302,1732,4,2,0,25,10,11959000,1
2035,1313,3,2,1,21,8,10587500,3
823,659,3,3,1,9,3,5323500,4
819,497,1,2,0,1,7,4715500,1
778,521,4,2,0,8,7,5291000,1
2254,1493,2,2,1,23,10,11333000,4
1032,909,1,2,0,3,9,5734000,3
864,555,5,3,0,10,4,5988000,1
1553,1346,4,3,0,9,10,9108500,2
1028,655,5,1,0,13,1,6116000,3
3063,2435,5,2,0,6,7,15913500,3
3374,2348,1,3,0,18,10,16223000,4
2844,1976,4,1,1,5,6,14548000,4
2177,1958,5,1,1,15,1,11396500,2
1079,720,4,2,0,18,9,6545500,1
1953,1290,3,1,0,25,10,9888500,4
1489,1156,5,3,1,28,8,8790500,4
1524,1253,5,1,0,18,10,8698000,3
2770,2478,4,1,1,12,4,13975000,4
2502,2027,3,3,1,11,5,12939000,4
2010,1544,5,1,0,26,8,10625000,4
1962,1418,1,1,0,24,2,8949000,4
1377,1072,4,1,0,21,6,7476500,3
2995,2336,4,1,1,14,10,15247500,2
628,417,5,2,1,7,2,4836000,2
634,508,3,2,0,3,8,4493000,1
2019,1335,5,3,0,19,5,11055500,4
3270,2442,2,1,0,7,10,15875000,3
1188,805,5,3,1,22,3,7306000,1
1503,1042,2,2,0,20,2,7463500,1
3167,2483,1,1,1,15,4,14801500,2
2769,1714,4,1,0,15,8,13960500,3
939,566,4,2,0,1,1,5855500,3
774,494,3,1,1,21,10,4813000,3
2523,1641,5,1,1,16,3,13033500,2
2314,1525,1,2,1,22,1,10873000,2
1196,995,2,3,1,24,2,6352000,2
1050,770,3,3,1,4,10,6795000,2
1156,856,1,1,1,4,7,6122000,2
1759,1395,1,2,0,11,1,8445500,4
1956,1601,2,3,1,6,9,10482000,4
2656,1596,2,3,0,4,8,13472000,3
2981,2554,4,1,0,25,1,14364500,1
1616,1448,5,3,0,27,10,9332000,3
2974,1893,3,2,1,27,1,14343000,1
2662,2117,5,3,1,3,2,14269000,2
1438,863,3,2,0,16,2,7551000,1
2237,1375,1,2,0,5,6,10966500,3
825,565,2,1,0,13,1,4302500,3
2413,2060,2,3,1,8,4,12248500,1
2760,2196,1,1,0,3,7,13210000,4
2620,1922,1,3,1,25,9,12790000,2
2051,1500,3,1,0,10,10,10629500,2
2648,1959,1,1,1,19,3,12336000,3
2913,2019,3,1,1,20,4,14158500,4
2114,1825,5,3,0,15,5,11563000,1
1831,1410,2,1,1,15,5,9139500,2
2245,1672,2,2,0,15,2,10902500,4
2335,1726,2,3,0,5,5,11857500,2
905,797,5,2,0,14,10,6192500,4
2659,2172,5,1,0,2,1,13675500,4
2323,1494,4,1,0,8,7,12043500,3
2289,1673,3,2,1,0,5,12000500,2
2117,1453,3,1,0,10,6,10726500,1
1991,1784,4,3,1,21,9,10939500,3
1019,738,2,2,0,5,3,5635500,3
2818,1748,3,3,0,23,1,13771000,1
733,530,3,3,1,4,8,5268500,3
2630,1831,2,3,0,24,2,12655000,4
2050,1598,1,1,0,24,2,9345000,4
2153,1437,1,1,1,27,10,10298500,2
1764,1077,4,2,1,17,4,9548000,2
2469,1552,5,2,0,20,5,12860500,1
2419,1656,3,3,0,11,1,12215500,2
3305,2328,3,1,0,6,3,16002500,4
1942,1651,4,1,0,1,8,10519000,1
2064,1405,4,1,0,6,6,10868000,1
2826,1722,3,2,0,8,3,14007000,2
1679,1400,2,1,0,23,7,8245500,4
1778,1530,2,3,0,25,6,9001000,1
2295,1715,5,3,0,24,5,12197500,4
710,486,3,3,1,29,8,4665000,4
2784,2315,3,1,1,19,8,13798000,4
2879,1735,3,3,0,7,3,14465500,2
1067,935,3,3,1,8,8,6691500,3
3379,2904,4,2,1,9,10,17275500,3
3128,2388,1,2,0,11,9,15006000,1
1413,965,3,1,1,1,10,8088500,4
1872,1141,1,1,1,9,3,9044000,2
1593,1433,2,1,1,2,8,8478500,4
2631,2180,5,1,1,0,8,14089500,4
922,646,2,1,1,16,7,5129000,2
1503,910,3,2,0,25,8,7963500,3
2141,1695,2,2,0,21,1,10264500,4
2599,2328,4,2,1,0,3,13595500,4
2415,1961,1,3,1,4,6,12137500,3
3253,2033,3,3,1,29,7,16058500,2
3076,2216,4,2,0,13,7,15532000,1
747,472,1,2,1,5,6,4411500,3
1741,1521,4,1,0,8,4,9274500,1
1449,1013,2,2,1,21,5,7500500,1
966,792,3,1,1,13,9,5787000,3
3497,2187,2,2,0,3,1,16726500,4
1689,1078,5,1,0,0,2,9400500,1
2638,2120,3,2,0,5,5,13321000,1
3460,2951,2,1,1,6,5,16650000,2
774,511,3,3,1,20,7,5083000,4
2454,1780,1,3,0,5,8,12243000,1
1187,932,3,1,1,25,10,6591500,2
1094,917,3,1,0,23,6,5863000,4
1737,1369,1,3,0,0,6,9016500,3
2384,1498,2,2,1,7,5,11988000,3
1770,1350,3,1,1,11,5,9245000,2
634,548,4,2,1,28,8,4443000,3
1598,1374,3,3,1,10,5,8891000,1
1932,1498,2,3,1,1,6,10324000,4
3185,2862,1,1,1,1,3,15112500,1
3397,2145,2,2,1,23,5,16226500,1
1637,1217,5,3,0,1,9,9896500,3
973,810,3,2,0,7,3,5688500,1
3204,2057,3,3,1,20,8,16068000,3
2051,1829,1,1,0,24,7,9599500,4
2351,1660,3,2,0,24,4,11599500,4
2880,2030,4,2,0,29,5,14230000,1
1304,865,4,1,0,23,8,7208000,2
1162,797,2,1,1,29,10,6099000,3
3373,2608,1,1,0,24,7,15548500,3
2473,1802,5,1,0,6,10,13208500,1
2723,1791,2,3,1,15,10,13803500,3
1038,874,1,2,0,23,2,5011000,3
2483,1536,1,3,0,21,8,12053500,2
2579,2193,2,1,1,8,8,12795500,2
1298,885,2,3,0,15,9,7191000,1
1912,1431,3,3,1,1,2,10334000,2
2163,1545,5,2,1,2,4,11943500,1
1291,995,4,2,1,1,2,7639500,4
2900,2432,3,2,0,21,4,14130000,1
1800,1614,1,1,0,18,3,8390000,4
3057,2114,5,1,1,26,7,15436500,1
2234,1711,5,2,1,16,5,12033000,3
2233,1651,2,3,1,19,7,11368500,2
726,653,5,2,0,20,2,4867000,4
2106,1774,5,1,0,11,4,11157000,1
1791,1287,1,3,1,10,6,9209500,2
3239,2406,3,1,0,19,5,15545500,1
893,601,5,2,0,21,2,5598500,2
1966,1625,2,2,1,18,7,9987000,2
1619,1381,3,3,0,25,2,8385500,1
2957,2630,2,2,0,5,9,14656500,4
3309,2547,5,1,1,9,7,16910500,4
3175,2543,3,1,0,13,3,15277500,3
3187,2338,5,1,0,0,6,16341500,2
1018,796,1,3,0,14,5,5451000,3
1043,734,3,1,1,5,9,6293500,3
1284,1054,2,2,0,12,3,6688000,1
3487,2115,1,3,0,23,2,16231500,1
2883,1754,4,1,0,25,2,13973500,1
2062,1680,2,1,0,13,4,10019000,2
2861,2515,5,2,0,12,1,14584500,1
684,540,2,2,1,23,9,4218000,1
3441,2814,4,3,0,15,3,17134500,2
2367,2005,2,1,1,0,5,11851500,2
684,484,1,1,0,13,2,3418000,4
2544,1608,2,2,1,12,8,12758000,1
2712,2386,3,3,1,22,3,13564000,1
2269,2000,4,2,0,29,5,11480500,1
1262,924,2,2,1,9,7,6999000,4
1226,815,4,3,0,9,2,7237000,1
663,575,1,1,1,27,3,3243500,4
1518,1233,3,1,0,3,8,8271000,3
1975,1189,5,1,0,13,10,10827500,4
1781,1126,2,3,0,11,8,9394500,3
2212,1979,1,3,0,21,3,10584000,1
1090,666,4,3,1,5,10,7255000,3
2478,1696,4,3,0,14,7,13021000,4
2540,1941,1,3,0,4,2,12350000,2
912,597,2,2,0,9,9,5374000,3
3262,2184,5,1,1,8,8,16769000,3
1518,1071,2,3,0,26,9,7961000,1
2482,1689,3,1,1,9,9,12689000,4
1412,1187,2,3,1,23,7,7594000,3
2089,1566,3,1,0,11,4,10480500,3
1926,1316,4,2,1,21,5,10247000,3
1279,887,3,1,0,3,7,7145500,3
1034,632,5,1,1,28,5,6193000,2
1281,787,1,3,0,3,10,7104500,4
1758,1433,3,1,0,12,8,9171000,1
1673,1060,2,2,0,24,5,8298500,1
2055,1526,3,2,1,13,5,10687500,2
2987,2547,4,2,1,11,5,15221500,4
2994,2127,3,3,1,12,4,15083000,3
3293,2317,5,3,1,19,7,17038500,2
1970,1697,3,3,0,12,2,10225000,4
1248,1072,5,3,0,22,10,7776000,3
844,729,2,3,1,29,4,4768000,2
2756,2126,4,2,1,21,3,13882000,4
3180,2816,1,1,1,1,10,15440000,1
895,756,2,2,1,20,8,5177500,1
2759,1999,2,3,0,18,7,13605500,4
2212,1744,1,2,0,8,3,10644000,1
2990,1903,3,1,0,9,4,14575000,4
2748,2103,3,3,1,16,4,13896000,3
3276,2224,3,2,1,9,10,16512000,4
2227,1525,4,2,1,19,7,11741500,3
627,399,2,1,1,12,8,3931500,2
2585,1828,5,3,0,19,4,13552500,4
2160,1607,1,3,0,24,8,10540000,2
657,512,2,1,1,29,1,3376500,1
2121,1466,3,1,0,0,9,11094500,3
896,750,1,1,0,1,7,4862000,4
2781,2103,5,1,0,16,4,14094500,2
2896,2291,2,3,0,12,8,14392000,3
3197,2184,2,3,1,16,10,15916500,3
1501,1267,4,2,0,27,2,7914500,1
2564,2018,2,2,0,29,8,12358000,1
1698,1458,2,2,0,12,10,8901000,3
2277,1475,5,3,0,16,6,12326500,3
3481,2486,5,3,1,18,7,17904500,4
1791,1135,1,3,0,26,7,8789500,3
1370,910,3,2,0,13,2,7305000,4
2126,1527,5,1,1,19,2,11137000,3
1978,1717,1,1,1,9,4,9571000,1
1848,1417,2,1,1,1,6,9546000,4
2154,1505,1,1,1,13,4,10283000,2
745,613,1,1,1,16,6,3982500,1
2583,1565,1,3,1,4,5,12843500,4
1864,1325,1,2,0,21,6,8968000,4
2507,1956,5,1,0,17,9,13091500,2
2991,2317,3,1,1,2,6,14969500,4
2372,1855,1,1,0,15,6,11174000,3
1658,1100,4,3,0,25,8,9161000,2
3349,2348,2,1,0,18,5,15760500,1
2648,2328,2,2,0,17,5,12826000,1
2619,2336,2,3,0,19,10,13105500,3
752,521,2,3,1,29,1,4204000,1
3076,2440,2,3,0,4,6,15262000,4
1107,744,1,1,0,7,1,5391500,4
1090,774,3,1,1,5,8,6455000,3
944,790,4,1,0,14,10,5868000,1
2535,1902,5,1,0,24,9,13077500,1
2361,2018,4,2,0,2,6,12484500,3
820,646,5,3,0,25,9,5740000,2
2538,2001,5,1,0,8,2,13061000,1
2542,1551,4,2,0,26,9,12969000,2
1322,1090,1,3,1,29,4,6619000,1
1127,1006,2,3,0,10,3,6221500,1
2122,1574,1,3,1,19,1,10269000,1
3488,2258,2,1,1,23,1,16236000,1
2264,2021,3,3,0,25,8,11588000,4
1080,742,5,1,0,22,2,6220000,2
2471,1785,4,2,0,13,1,12509500,2
2062,1285,3,3,1,22,2,10589000,1
2025,1282,2,2,1,8,3,10252500,1
944,627,1,1,1,9,4,4918000,2
644,492,4,1,0,29,9,4168000,4
2668,2047,5,1,1,14,7,13926000,3
2257,1764,3,3,0,17,5,11566500,3
2487,1927,5,3,0,20,5,13141500,2
2695,2017,2,2,1,18,6,13217500,1
2114,1777,5,1,1,6,1,11293000,1
3198,2814,1,2,0,18,6,15031000,4
2934,1997,3,1,1,4,6,14673000,3
1601,1023,3,1,1,20,5,8304500,4
1633,1188,1,2,0,17,10,8208500,3
3189,1938,5,1,1,26,9,16130500,2
2640,2283,1,2,1,0,10,13230000,3
3403,2286,4,3,0,11,10,17393500,4
873,667,1,2,0,5,5,4778500,4
1555,986,5,2,1,12,9,9257500,4
3247,2487,1,1,1,16,10,15441500,2
2379,1455,2,2,1,8,7,12045500,3
980,814,1,3,0,25,3,4960000,3
1952,1730,1,3,1,20,9,9884000,4
1078,746,5,3,0,0,10,7451000,3
2662,1803,4,3,0,11,7,13909000,1
1115,818,4,2,0,23,4,6357500,1
790,620,5,3,0,0,9,6105000,1
1791,1176,5,2,1,3,6,10349500,3
3268,2748,5,2,1,6,9,17086000,2
1760,1160,2,1,1,19,4,8690000,2
2801,1685,3,2,1,27,10,14014500,2
2011,1522,1,2,1,4,2,9919500,2
871,552,5,1,0,22,9,5629500,1
742,600,5,3,0,19,10,5559000,1
2512,1633,5,3,1,4,4,13674000,4
1692,1430,4,2,1,6,2,9344000,3
2894,2144,5,1,1,16,7,14903000,3
1387,1067,1,2,1,11,7,7221500,2
2726,1788,5,2,0,14,5,14137000,1
2281,1468,1,3,1,2,5,11524500,2
1222,964,2,1,0,16,8,6379000,4
3172,2146,3,2,0,13,6,15614000,3
3419,2447,4,3,1,14,1,17105500,3
1537,1143,1,2,0,14,4,7536500,2
1718,1149,2,3,1,14,1,8851000,4
1216,1019,3,1,0,18,5,6462000,3
1631,1438,3,2,0,10,5,8689500,4
666,485,3,1,0,17,4,3957000,4
790,691,1,3,0,20,9,4505000,2
3415,2953,2,1,0,9,8,16387500,1
1120,727,5,1,1,20,10,6990000,2
1589,1036,2,1,0,25,3,7600500,1
1740,1293,2,2,1,8,5,9070000,4
2914,2208,2,3,1,23,6,14303000,1
2234,1569,1,1,0,2,5,10763000,4
3132,2173,1,2,1,0,8,15344000,3
1787,1303,1,3,0,20,5,8791500,3
975,786,2,3,1,10,8,5937500,3
1252,782,1,3,1,15,10,6884000,2
1148,933,3,1,0,2,10,6726000,2
1697,1489,1,1,1,20,3,8036500,4
672,557,4,1,1,8,5,4664000,3
2955,1942,1,3,1,10,4,14347500,2
798,499,1,3,0,29,6,4211000,3
2381,1778,1,1,1,16,3,11194500,2
1171,1038,1,1,1,0,10,6419500,1
1390,1175,4,3,0,8,4,8095000,1
2238,1720,5,3,1,2,4,12481000,3
2431,1562,1,2,0,27,5,11349500,4
2455,1998,3,2,1,9,6,12617500,2
2110,1780,4,1,1,4,2,11065000,2
1774,1562,5,3,1,24,10,10253000,1
778,609,1,3,0,10,8,4601000,1
2844,2145,5,2,1,4,4,14968000,4
1334,1048,3,3,0,11,7,7633000,4
2736,2415,4,1,0,13,7,13802000,4
1398,1102,4,2,1,11,10,8321000,3
1387,939,5,3,1,18,2,8231500,1
3395,2684,1,3,0,8,7,16367500,3
808,698,2,1,1,27,1,4096000,1
1092,840,4,3,1,6,2,6844000,1
3312,2486,2,2,1,15,5,16004000,2
2257,1850,4,2,1,27,8,11766500,1
1331,1062,1,3,0,27,7,6699500,1
1729,1066,1,3,1,6,3,8860500,3
2205,1802,4,3,0,13,10,11962500,1
3345,2415,5,3,0,7,9,17462500,3
1193,1052,1,2,0,26,5,5798500,4
3499,3118,1,1,0,20,3,15995500,1
1815,1333,3,2,0,17,7,9477500,1
924,822,1,3,0,26,4,4738000,3
1578,1093,3,3,0,24,1,8171000,4
2349,1890,1,2,1,2,5,11630500,2
2450,1525,1,2,1,26,8,11755000,4
2090,1344,5,3,0,29,4,11125000,3
1493,1283,5,2,1,1,7,9098500,4
1990,1727,1,3,1,25,8,9905000,3
743,564,4,2,1,25,9,5043500,3
983,689,4,3,1,4,9,6743500,2
2863,2105,1,2,0,7,5,13693500,1
2971,2557,4,3,1,18,6,15259500,3
816,541,1,1,0,21,7,4102000,3
2115,1456,5,1,1,8,10,11707500,2
2830,2364,2,2,1,1,2,13965000,3
2917,2568,3,1,0,14,9,14396500,1
2090,1312,4,3,0,7,1,11115000,2
2235,1879,4,2,0,9,6,11777500,1
3114,2471,5,2,1,6,6,16243000,1
2952,1975,4,3,1,18,7,15224000,2
1767,1460,1,3,1,0,2,9101500,3
710,581,1,3,0,21,6,3975000,1
1613,1036,2,2,0,1,6,8538500,1
831,623,2,3,0,2,9,5349500,1
2314,1914,2,1,0,27,8,11073000,1
2355,1548,1,2,0,13,5,11287500,2
3242,2395,2,3,1,14,7,16009000,2
2177,1385,2,2,0,20,7,10746500,4
1896,1312,1,1,0,13,5,9022000,4
2820,1876,5,1,1,26,7,14370000,1
1572,1181,4,3,0,7,3,8884000,3
1630,1047,3,2,0,17,7,8645000,1
3193,2282,1,3,0,21,6,15148500,3
3195,2180,1,2,0,16,6,15057500,1
1117,920,3,3,1,6,2,6656500,4
1513,1225,3,3,0,19,2,8028500,4
2862,1798,2,2,1,0,7,14379000,3
2781,2464,3,2,0,8,1,13704500,1
2932,2414,4,1,1,8,9,15034000,3
2544,1996,4,1,1,10,3,12948000,4
2062,1532,4,2,0,18,6,10819000,1
2472,1615,4,1,1,5,3,12724000,1
3333,2961,4,1,1,6,9,16878500,3
2978,1793,2,2,1,28,10,14491000,2
1907,1540,1,2,0,14,7,9351500,3
1498,1126,3,2,1,19,1,7861000,4
1698,1478,1,3,1,5,4,8791000,4
1789,1277,3,2,1,8,5,9590500,4
1812,1369,2,2,0,29,7,8924000,4
2725,2241,2,2,0,14,7,13332500,4
1287,790,5,1,1,25,5,7391500,2
2668,1644,5,2,1,21,1,13686000,1
1165,772,2,1,0,22,5,5852500,3
1807,1163,2,3,1,5,5,9631500,3
2494,1501,3,2,0,6,4,12603000,4
1426,1122,2,2,1,16,6,7547000,3
1951,1636,1,1,1,5,8,9729500,4
2826,2507,3,3,0,27,10,14177000,2
2411,1765,2,2,0,8,5,11939500,2
1682,1150,3,3,1,26,8,9099000,1
1950,1675,3,3,0,2,5,10485000,2
2244,1914,4,2,1,13,3,11738000,2
3316,2611,5,3,1,5,8,17472000,1
790,538,3,3,0,3,4,5195000,3
1823,1590,3,2,1,15,3,9503500,4
1935,1264,4,1,1,22,3,9967500,4
1307,801,2,2,0,15,6,6881500,3
978,820,3,3,1,22,8,6011000,1
986,758,4,2,1,28,10,6127000,3
2884,1943,1,1,1,8,5,13718000,2
1215,973,4,3,1,3,1,7407500,1
2142,1777,5,3,0,29,1,11209000,1
2930,2500,5,1,1,7,3,15045000,1
2648,1812,2,1,1,23,6,12706000,4
2354,1430,2,3,1,7,2,11903000,3
1063,800,5,1,1,29,1,6103500,1
1566,1341,5,2,0,23,7,8837000,1
771,510,3,1,0,5,2,4569500,1
1746,1268,5,2,0,7,8,10017000,3
1442,976,2,3,1,5,2,7839000,4
1921,1160,5,3,1,25,1,10444500,2
2508,2180,2,3,0,13,10,12726000,4
1289,825,1,3,0,13,2,6540500,1
3222,2674,5,3,1,17,2,16509000,4
2107,1483,2,1,0,12,7,10391500,4
2812,1921,4,1,1,14,1,13974000,2
2624,2315,3,3,1,2,3,13568000,3
2322,1851,2,1,1,5,5,11549000,3
982,791,5,1,1,22,7,6179000,4
2856,2364,5,3,1,29,6,14822000,4
2012,1412,1,1,1,19,8,9724000,3
2183,1678,4,3,1,16,1,11503500,3
2871,1955,2,3,1,19,7,14239500,2
2650,2253,4,3,0,15,9,13875000,1
971,757,1,3,0,5,7,5519500,4
2310,1554,3,1,0,7,6,11655000,3
2069,1799,4,1,0,28,9,10600500,4
1210,936,1,2,1,27,4,5955000,4
715,535,2,2,0,12,10,4477500,3
1046,638,3,3,0,28,6,5947000,2
1991,1738,5,2,1,29,6,10729500,4
1940,1718,1,1,0,12,10,9490000,2
1014,779,5,1,0,19,3,6033000,3
2408,1764,3,2,0,25,7,11986000,1
1647,1165,1,2,0,16,1,7841500,1
3310,2252,1,1,1,20,8,15545000,4
2473,1910,3,2,0,22,8,12388500,3
1673,1068,2,1,0,21,8,8308500,2
1317,1153,1,1,0,2,9,6836500,4
1958,1278,3,2,0,12,4,10071000,3
2205,1816,4,2,1,6,6,11852500,3
2918,2019,5,3,1,19,7,15351000,2
1161,775,1,3,0,4,2,6144500,4
3451,2648,4,3,1,10,6,17579500,3
2894,2400,1,3,1,22,8,14033000,3
986,806,2,3,1,17,4,5647000,3
1301,871,3,1,1,3,5,7294500,2
3206,2241,1,2,0,19,8,15147000,4
1572,1352,3,1,1,21,3,8054000,4
1984,1620,1,3,0,27,6,9588000,4
1583,1288,2,3,0,26,1,7853500,4
2111,1436,2,2,0,6,4,10579500,1
951,796,4,1,0,3,6,5919500,1
2324,1644,2,3,0,9,3,11628000,4
2551,1837,3,3,0,0,1,13029500,2
1879,1289,2,3,0,16,6,9635500,1
2507,1595,1,3,0,4,3,12251500,3
1352,981,2,1,0,16,8,6964000,1
3428,2074,3,1,0,2,7,16836000,3
1624,1196,1,3,1,8,7,8548000,4
1145,936,4,1,1,2,8,7062500,1
2069,1837,4,3,1,2,7,11570500,2
678,422,4,2,0,28,5,4341000,1
1859,1272,1,2,0,8,10,9405500,1
2981,2230,4,2,0,4,8,15334500,1
1488,968,2,1,0,27,8,7356000,4
1705,1082,1,3,0,23,8,8512500,2
3149,2316,1,2,1,9,10,15340500,1
2590,2005,1,2,1,14,6,12525000,2
2100,1776,5,1,0,24,2,10770000,4
3412,3068,3,1,0,11,8,16634000,3
1520,1265,5,2,1,5,10,9290000,1
1149,765,5,3,1,6,1,7350500,2
2661,2193,5,3,1,6,9,14554500,2
991,754,3,3,0,22,9,5969500,4
2957,2174,5,2,0,3,6,15446500,1
3033,2671,4,1,0,28,10,14988500,3
1980,1605,1,3,0,12,6,9870000,2
1573,1265,1,2,1,14,6,7948500,1
939,566,2,2,1,17,4,5235500,3
3244,2788,4,1,0,17,1,15708000,2
1356,1136,3,3,1,6,1,7682000,2
1645,1134,1,2,0,9,1,7972500,3
2938,2020,5,3,1,15,5,15421000,3
2953,1819,2,3,0,22,7,14398500,4
3281,2018,2,3,1,25,1,15664500,1
3272,2619,1,2,1,22,1,15184000,1
1538,1008,4,3,1,28,6,8611000,4
1447,1269,2,1,0,7,2,7271500,2
1041,887,1,2,1,18,2,5274500,3
3150,2219,4,2,0,28,7,15565000,3
729,520,1,3,0,10,9,4430500,3
1196,835,1,3,1,20,8,6432000,2
2558,1605,4,3,0,5,2,13311000,3
2105,1282,4,2,0,28,7,10862500,3
1461,1074,4,1,0,23,5,7764500,4
3240,2860,1,1,0,23,10,15120000,2
1598,1398,2,2,1,9,4,8361000,1
2972,2505,3,1,0,18,10,14614000,4
3095,2440,3,3,1,27,4,15237500,4
2151,1843,1,2,0,13,4,10319500,1
3466,2615,1,1,0,19,9,16167000,4
2240,1465,2,2,0,5,7,11330000,2
2111,1699,4,1,0,3,7,11189500,3
2336,2046,1,2,0,25,4,10912000,2
3356,2033,5,1,0,19,9,16872000,1
2049,1383,4,2,0,14,8,10940500,1
2457,1669,1,2,0,4,10,12176500,4
864,544,5,2,0,15,4,5688000,2
3259,2175,2,2,1,25,6,15615500,2
3479,2488,5,2,1,6,4,17785500,1
3321,2928,1,3,0,27,1,15354500,2
2062,1769,3,2,0,1,5,10809000,1
756,668,1,2,0,12,10,4362000,2
2045,1300,3,2,1,1,3,10782500,2
2898,1763,2,1,1,27,1,13501000,2
2232,1412,2,2,1,25,2,10794000,1
3177,2777,4,3,0,29,2,15616500,4
2974,1924,4,2,0,8,8,15223000,2
1494,1153,3,1,1,19,4,7793000,1
2744,1833,3,1,0,4,3,13518000,1
1112,674,2,2,0,2,4,6164000,2
815,509,5,2,1,1,10,6197500,2
2772,2253,3,2,0,13,1,13564000,4
2306,1509,3,2,1,25,1,11377000,1
2706,1809,5,1,1,7,5,14137000,1
2167,1545,4,2,0,19,7,11321500,3
2808,2238,4,1,1,29,9,14056000,1
2931,2171,3,1,0,11,7,14419500,4
2753,2431,4,3,1,16,5,14268500,3
1728,1261,4,1,0,28,3,8766000,3
827,545,4,2,0,15,8,5421500,3
2965,2255,2,2,0,5,7,14592500,2
2087,1534,1,2,0,5,4,10191500,2
1401,1171,3,2,1,17,1,7464500,1
2222,1956,3,3,1,1,3,11779000,3
2505,2131,2,3,0,7,8,12732500,4
1071,767,1,3,0,26,2,5299500,2
1679,1116,1,3,0,22,9,8465500,4
3272,2860,2,1,1,13,4,15614000,4
2660,1903,5,3,1,1,7,14550000,2
1641,1363,5,1,0,25,10,9084500,2
3341,2996,1,2,1,16,7,15914500,2
2760,2134,5,1,0,26,8,14000000,2
828,616,5,1,1,23,7,5466000,3
770,623,5,3,0,15,4,5465000,3
894,588,1,2,0,25,7,4573000,3
788,588,5,2,0,17,5,5356000,3
1025,711,3,3,1,20,10,6362500,1
1576,1023,1,1,0,5,7,7842000,3
1702,1332,2,3,1,25,3,8659000,2
3305,2553,5,1,1,16,10,16902500,4
1518,1257,4,3,0,17,7,8641000,3
1098,946,1,3,0,13,7,5931000,1
2421,1612,2,2,0,9,2,11814500,2
3409,2842,3,2,1,3,8,17130500,4
1465,1040,2,2,1,17,7,7752500,4
1425,1123,5,3,1,10,9,8912500,3
2458,2101,4,2,1,21,4,12591000,4
2718,1839,5,2,1,15,9,14431000,3
2895,2258,2,3,1,29,1,13847500,3
745,554,1,2,1,3,5,4392500,2
2241,1876,4,1,0,26,10,11464500,2
1919,1552,4,2,0,18,7,10225500,1
3229,2682,2,1,0,5,4,15430500,2
1069,733,5,2,1,24,7,6730500,2
792,642,2,3,0,7,9,5074000,3
1691,1321,4,3,1,17,5,9469500,2
3141,2314,2,2,1,18,5,15174500,3
651,464,4,1,1,17,2,4239500,3
3010,2105,5,2,1,15,5,15545000,2
2420,1459,1,3,0,25,8,11690000,1
3121,2031,1,2,1,6,4,14974500,1
2469,1525,2,3,0,24,2,11930500,4
3168,2707,4,1,1,16,8,15886000,4
2386,2047,1,1,0,26,4,10917000,2
2054,1753,4,3,1,2,5,11403000,1
2467,2085,5,1,1,21,7,12881500,3
3338,2224,2,3,0,14,5,16191000,4
3179,2376,4,3,0,3,10,16545500,3
2607,2274,2,3,0,25,4,12631500,4
2034,1684,4,2,1,15,7,10953000,2
1439,864,4,1,1,13,4,7965500,1
840,619,5,2,1,25,10,5830000,4
1135,684,2,2,0,16,4,5987500,1
2007,1373,3,1,0,8,2,10071500,3
682,498,4,2,0,6,5,4799000,2
1581,1372,4,3,1,13,8,9204500,1
1550,1234,1,2,1,26,4,7505000,2
1210,857,2,3,0,27,2,6205000,1
1173,876,3,1,1,22,9,6538500,3
2933,2479,5,2,1,11,6,15328500,3
1588,1095,3,1,1,16,3,8226000,2
1058,830,5,3,0,8,10,7201000,3
2773,1881,3,2,0,11,5,13808500,4
2122,1578,3,3,0,11,6,11129000,1
3072,1865,2,3,1,7,9,15484000,3
3201,2739,1,3,0,26,5,15034500,4
3257,2001,3,1,0,27,9,15666500,2
2584,1724,4,1,1,9,1,13048000,4
2166,1516,4,1,1,11,10,11577000,2
2759,2172,4,2,1,4,4,14285500,2
3049,2488,1,3,1,19,1,14440500,1
721,450,3,1,0,0,2,4444500,1
872,534,5,3,1,8,2,6114000,4
1917,1609,5,1,1,14,10,10696500,1
997,811,2,3,1,23,5,5626500,1
3118,2648,1,1,1,28,1,14171000,1
1584,1271,3,1,1,1,10,8858000,4
1830,1510,4,1,1,3,3,9875000,3
1733,1236,1,1,0,3,6,8538500,1
1901,1477,1,3,0,28,1,8944500,1
2510,2112,3,1,0,22,1,12005000,4
3216,2095,2,1,0,2,3,15382000,3
2105,1530,2,1,1,15,9,10572500,1
2516,2068,2,3,1,7,2,12632000,2
1419,1078,4,1,1,26,6,7715500,4
3357,2700,4,3,0,6,3,16936500,1
2556,1758,3,2,1,25,6,12752000,1
2968,1809,2,3,1,11,7,14836000,2
778,473,3,2,1,11,7,5081000,2
1496,1320,2,1,1,3,2,7722000,4
2866,2531,1,1,0,14,3,13267000,4
3436,2279,5,3,1,24,4,17432000,2
2572,1656,5,1,1,5,8,13724000,4
2151,1302,2,1,1,2,5,10839500,2
1091,730,3,3,0,6,1,6339500,1
660,462,4,1,1,21,9,4550000,2
1677,1127,2,2,1,23,1,8286500,2
2303,1932,2,2,1,20,2,11213500,3
3185,2627,4,1,1,5,7,16132500,2
3495,2181,2,1,1,0,3,16827500,2
664,537,1,2,1,7,6,3998000,3
1185,896,4,1,1,0,8,7282500,4
2327,1488,1,2,0,15,5,11121500,3
2818,2316,5,3,0,2,1,14791000,1
1134,709,4,2,1,27,10,6813000,3
3340,2181,4,1,1,1,3,16710000,1
2755,1776,3,1,0,5,2,13497500,4
2470,2177,3,2,0,7,6,12575000,3
3461,2801,4,2,0,23,5,16964500,3
1604,1160,5,1,0,6,7,9148000,4
3099,2623,2,1,1,6,2,14875500,1
1829,1215,3,1,1,23,6,9320500,3
3237,2846,5,3,1,20,5,16666500,1
1639,1326,5,3,1,18,6,9565500,3
926,711,3,2,1,17,5,5527000,2
1207,1011,2,2,0,2,7,6741500,3
3306,2623,3,3,0,10,5,16427000,4
601,520,5,3,0,10,7,4954500,4
1633,1386,1,2,0,2,1,8058500,1
3081,2031,3,3,0,27,9,15274500,3
724,486,5,2,1,22,6,5168000,1
1704,1055,3,1,0,0,9,9218000,1
3132,2086,5,2,0,22,1,15604000,2
3299,2319,2,3,1,21,2,15875500,2
2461,1497,5,3,1,26,7,13154500,4
1773,1231,4,3,1,9,4,9948500,1
3447,2866,1,2,1,29,10,16281500,4
728,620,5,3,1,1,1,5556000,3
1037,624,3,2,0,25,5,5716500,1
1350,812,3,1,1,16,4,7205000,1
3148,2026,5,1,1,8,6,16156000,3
1821,1569,4,3,0,17,7,10004500,3
2858,2117,5,2,0,19,3,14531000,4
1501,1343,2,2,1,8,6,8044500,4
2692,2331,4,3,1,24,2,13684000,3
1902,1649,5,2,0,27,10,10419000,4
3182,2031,1,3,1,10,4,15369000,3
2033,1509,4,3,1,16,10,11278500,1
3108,2791,5,1,1,13,9,16026000,1
990,638,1,3,1,17,7,5515000,2
1667,1287,5,2,1,17,2,9311500,1
626,440,2,3,0,11,6,4097000,3
3441,2464,3,1,0,17,4,16444500,4
1147,994,5,1,1,7,8,7271500,2
3268,2537,4,2,1,28,8,16296000,4
1166,965,5,3,0,7,1,7257000,3
1303,1044,5,2,0,25,8,7663500,1
1842,1397,5,2,0,27,10,10149000,2
784,656,5,3,1,7,7,5988000,3
2190,1951,4,1,0,27,1,10765000,2
2513,2236,4,2,1,19,3,12828500,2
1447,1210,5,2,1,14,5,8531500,1
1198,893,3,1,1,7,3,6651000,3
1405,911,5,3,1,13,3,8462500,4
1957,1200,4,3,1,12,1,10566500,2
2726,1824,2,3,0,22,8,13427000,2
3226,2264,5,1,0,7,9,16527000,4
2478,1583,5,2,0,16,5,12981000,3
3060,2042,5,1,0,18,1,15160000,2
1145,715,5,2,1,25,1,6752500,2
2232,1689,1,2,0,5,9,11094000,2
2816,1796,5,3,0,16,1,14502000,3
3328,2738,4,3,0,3,9,17166000,3
3230,2260,4,3,0,24,3,16005000,4
3162,2534,1,1,0,6,3,14759000,3
2679,2316,5,3,0,16,4,14035500,3
2934,1836,3,1,1,28,5,14143000,1
3241,2906,5,3,1,27,6,16594500,4
2526,2004,4,3,0,21,6,13047000,2
1216,749,2,3,1,21,10,6902000,3
2917,2024,2,1,1,27,9,13986500,2
1803,1561,3,2,1,17,1,9273500,2
2359,1837,5,1,1,5,9,12815500,1
3165,2171,1,1,1,29,4,14512500,3
3230,2849,5,1,0,9,7,16405000,4
825,689,3,2,1,17,6,5122500,3
1269,1041,3,1,1,23,9,6950500,2
2363,2047,3,3,0,6,2,12113500,4
1516,1259,2,2,1,13,2,7812000,3
2773,1902,5,1,1,21,7,14258500,2
2721,2109,5,1,0,13,9,14134500,2
1814,1546,1,2,1,9,5,9083000,1
2305,1508,3,1,0,21,7,11402500,1
2442,1584,3,2,1,24,8,12359000,1
2583,1672,4,3,1,8,8,13813500,2
655,431,4,1,0,25,4,4047500,3
1319,832,2,1,1,9,10,7205500,1
3200,2724,5,3,0,1,7,16830000,3
2679,2265,1,1,1,2,1,12715500,1
1173,757,1,1,1,15,4,5828500,4
1266,1027,3,2,1,9,5,7217000,4
883,695,1,1,1,22,10,4683500,1
2344,1600,3,3,0,10,7,12198000,2
2834,1893,5,1,1,9,6,14723000,1
1097,740,1,2,1,11,4,5766500,1
2065,1691,3,3,0,28,3,10382500,2
729,507,5,3,0,13,6,5420500,4
1238,846,5,3,0,29,10,7591000,3
2761,1675,3,3,1,8,5,14164500,1
2660,2320,3,2,0,27,3,12880000,2
3091,2552,2,2,0,12,4,14869500,1
3094,2295,5,2,0,29,2,15343000,2
1585,1399,3,2,0,5,9,8782500,3
1592,1095,5,1,1,10,7,9164000,3
3362,2697,1,2,1,0,10,16479000,4
2721,1881,4,1,1,26,3,13424500,2
3184,2210,4,3,0,14,8,16248000,2
700,597,3,1,0,6,8,4530000,4
2823,2360,3,1,0,10,1,13653500,4
1026,706,5,1,1,16,5,6397000,2
640,399,3,2,0,4,5,4350000,4
1028,727,5,2,0,8,3,6516000,3
943,780,3,3,1,25,2,5493500,1
965,608,5,2,1,15,1,6142500,3
1208,968,3,1,1,10,4,6686000,4
3304,2864,2,2,1,25,10,16018000,2
1327,867,5,2,1,24,2,7641500,2
2876,2469,2,1,0,16,5,13672000,3
1424,876,2,3,0,5,10,8008000,2
1975,1580,2,2,0,14,2,9707500,4
1488,1245,2,3,1,28,1,7536000,3
2643,1938,1,1,1,2,10,13003500,2
1941,1283,4,2,1,27,10,10444500,1
3483,3056,1,3,1,8,10,17063500,1
1896,1148,3,3,0,29,10,9952000,4
716,548,3,1,0,11,9,4552000,2
3465,2466,4,2,0,18,2,16932500,4
3015,2226,4,3,0,17,10,15527500,3
1717,1306,4,3,0,15,4,9426500,1
767,583,2,3,0,7,3,4661500,3
2338,1545,1,3,0,18,1,11111000,2
1964,1578,3,3,0,4,8,10658000,4
3308,2003,1,3,1,11,2,15816000,4
1294,784,1,3,0,5,8,7023000,4
1524,1133,1,3,0,11,1,7588000,3
751,572,4,3,1,25,6,5129500,1
1185,808,4,3,1,14,4,7202500,3
1512,1157,3,2,0,29,3,7674000,3
2921,2204,3,1,0,9,1,14114500,2
2177,1534,3,1,1,16,10,11226500,2
1095,871,1,1,1,6,1,5507500,2
2748,2438,4,3,1,26,7,14146000,1
1156,863,2,1,0,6,6,6182000,1
1705,1425,1,3,1,20,3,8472500,2
2152,1451,5,2,0,24,2,11204000,2
2720,2253,1,1,1,10,10,13190000,1
756,600,4,2,0,1,3,5132000,4
1334,1056,5,2,1,20,8,8053000,1
2779,2411,1,3,0,1,7,13735500,1
2027,1358,4,1,1,13,7,10761500,1
1158,822,4,2,1,17,5,6871000,2
2754,1721,2,1,0,15,10,13393000,4
2912,2381,1,2,0,27,3,13414000,1
754,643,4,2,0,10,1,4843000,2
1596,1151,3,3,1,8,1,8722000,3
2894,2046,4,1,1,6,6,14753000,3
1130,901,2,3,1,3,4,6575000,1
2571,1600,4,3,1,15,7,13569500,3
3185,2191,1,3,1,13,10,15622500,4
1328,942,1,3,0,10,10,7176000,3
1777,1342,5,3,0,29,10,10016500,3
753,559,1,2,1,7,1,4148500,4
691,457,5,1,1,10,6,5059500,1
2985,2275,3,1,0,26,7,14362500,1
2103,1845,2,3,1,28,1,10303500,4
2316,1408,3,1,0,19,2,11242000,4
3097,2490,5,2,0,16,9,15966500,4
2616,2059,4,3,0,27,9,13482000,3
3457,3032,4,2,0,29,6,16876500,4
1386,1099,3,2,0,25,4,7237000,2
872,686,4,3,1,29,7,5644000,3
2627,2182,5,2,0,18,5,13611500,1
3235,2200,2,3,1,9,3,15877500,1
776,604,1,2,0,11,4,4172000,1
3478,2628,5,1,1,0,2,17601000,3
1242,908,5,1,0,1,6,7569000,2
2498,1558,1,1,1,17,3,11701000,4
1166,801,1,3,1,6,7,6527000,4
1265,865,2,2,0,15,4,6592500,1
1931,1578,2,2,0,12,8,9849500,1
2398,2101,2,1,0,3,1,11581000,3
1669,1116,4,1,1,9,9,9330500,2
2949,1835,5,3,0,27,3,14980500,4
1007,906,1,3,0,8,3,5421500,3
1812,1462,5,2,1,17,5,10114000,4
3469,3003,5,3,0,8,10,18050500,1
2453,1577,2,3,0,21,1,11868500,4
1752,1472,2,3,1,9,3,9204000,2
3208,2707,5,1,0,7,4,16196000,2
1741,1123,2,1,1,22,2,8444500,1
3111,2017,4,2,0,10,6,15699500,2
743,511,1,3,1,12,10,4653500,2
3089,2054,5,1,1,23,4,15490500,3
1086,969,1,3,0,12,1,5597000,4
1459,1034,4,2,1,15,3,8165500,1
2535,2099,2,3,0,12,7,12717500,1
747,628,3,2,1,24,3,4481500,1
1959,1402,4,2,1,11,6,10645500,1
1957,1574,3,1,0,14,6,9926500,1
3458,2186,1,3,0,28,1,15951000,2
3313,2382,5,1,0,15,2,16408500,3
689,613,2,3,1,7,10,4810500,1
1957,1273,4,3,0,5,6,10806500,3
798,571,2,2,1,23,2,4381000,3
1137,951,3,2,1,7,2,6526500,2
900,719,3,3,0,1,4,5730000,1
1323,1044,5,1,1,17,8,7863500,2
2198,1881,3,2,0,10,6,11291000,1
2059,1253,5,2,1,16,8,11395500,2
667,554,4,3,0,9,4,4821500,3
3106,2685,5,3,1,1,3,16357000,1
2137,1292,3,2,1,22,7,10976500,4
997,765,1,1,0,26,7,4816500,3
1219,858,5,2,1,18,2,7275500,4
2184,1343,2,3,1,19,1,10848000,3
1763,1278,1,2,1,19,8,8803500,2
1329,1054,5,3,1,19,3,8000500,1
1155,1011,2,2,1,1,6,6627500,3
2552,2006,1,3,0,26,7,12214000,2
3428,2937,5,3,0,5,8,17826000,1
2351,1496,4,1,1,16,6,12109500,1
3257,2159,2,3,0,11,7,15986500,3
3395,3025,4,2,0,29,5,16547500,1
2929,2537,3,3,1,4,3,14900500,3
3308,2218,5,2,0,1,2,16866000,1
1595,1254,5,1,1,8,7,9217500,4
2559,1813,2,2,0,1,8,12895500,2
2201,1630,5,1,1,21,8,11734500,4
3393,2912,3,1,1,19,3,16288500,3
2080,1707,5,3,1,13,2,11450000,4
2734,1835,1,1,1,21,9,12983000,3
1702,1182,4,2,0,14,6,9279000,1
3438,2361,3,1,0,1,10,17051000,1
2951,2461,3,1,1,27,3,14139500,3
2003,1496,4,3,0,17,5,10723500,4
2777,2458,4,2,1,11,1,14076500,1
3243,2740,3,1,1,6,2,15823500,2
1899,1259,4,3,0,15,9,10495500,1
2322,1940,2,3,1,18,10,11939000,2
3205,2409,4,2,1,2,10,16632500,4
1498,1012,1,3,0,14,3,7511000,2
1806,1280,1,1,1,14,8,8897000,2
2135,1903,2,3,1,6,10,11337500,2
677,504,4,2,0,7,8,4906500,2
3431,2799,1,2,0,6,5,16269500,1
3321,2467,5,3,1,2,8,17554500,2
2132,1516,4,1,0,18,2,10734000,1
837,702,2,3,0,22,2,4626500,2
1757,1501,4,2,0,18,4,9346500,3
2596,1613,3,3,0,28,8,13022000,4
1815,1240,3,3,0,17,2,9427500,2
877,659,1,1,0,29,4,4066500,3
1123,780,3,3,1,6,8,6983500,2
779,650,2,1,1,18,3,4245500,2
722,458,1,3,0,4,8,4469000,2
1869,1568,2,3,0,22,2,9270500,3
2357,1851,2,1,0,12,1,11216500,4
1694,1163,3,1,1,1,6,9153000,3
1079,758,3,2,1,23,8,6245500,4
2397,1569,2,1,1,17,9,11846500,2
2731,1845,3,3,1,3,10,14379500,1
3212,2618,3,2,0,3,8,16094000,2
3266,2327,3,1,0,7,2,15757000,4
3004,2421,4,1,0,10,1,14768000,3
1415,1067,2,2,0,0,7,7717500,2
3294,2119,5,3,0,27,7,16733000,3
1042,781,2,3,1,8,3,6029000,3
3170,2621,1,2,0,5,6,15165000,3
742,511,3,3,1,3,7,5279000,2
791,628,3,1,0,5,9,5009500,3
2010,1326,5,3,0,12,1,10955000,3
977,625,1,1,1,28,3,4636500,2
3228,2285,4,3,1,21,5,16306000,3
1134,812,2,1,0,28,3,5493000,2
2316,1918,4,2,1,29,8,11992000,4
1632,1204,1,1,1,8,10,8334000,4
2010,1254,5,3,1,26,6,11075000,4
2740,2165,1,1,0,13,2,12670000,3
2589,1917,5,3,0,11,1,13580500,1
3176,2221,4,3,0,3,10,16532000,1
1777,1493,4,1,1,7,5,9656500,3
1004,648,1,3,1,16,9,5698000,1
3487,3047,1,2,0,21,10,16471500,2
1772,1240,3,3,0,4,9,9844000,1
1488,1098,5,2,1,2,1,8756000,3
1021,897,3,2,0,3,3,5984500,3
2241,1856,2,3,0,7,6,11444500,2
1071,666,2,2,1,15,5,5919500,4
1146,886,1,2,1,10,4,6007000,3
1230,852,4,1,0,26,2,6515000,2
1637,1231,2,2,1,25,4,8216500,1
3425,2818,2,2,1,26,5,16292500,1
2429,1818,3,2,0,29,2,11750500,2
963,598,3,2,1,1,10,6263500,2
2766,2099,2,2,1,7,1,13507000,3
1145,695,1,3,0,6,7,6282500,1
3169,2232,3,2,1,0,7,16060500,2
1233,916,2,3,1,28,8,6738500,1
2536,2012,4,3,0,1,10,13692000,2
2280,1714,3,3,1,22,6,11770000,1
1562,1008,2,1,0,26,1,7359000,4
1482,1303,5,1,0,12,8,8529000,3
3427,2724,3,3,1,10,2,16971500,1
1470,1021,5,1,0,2,3,8425000,4
1115,992,3,2,0,1,8,6697500,1
2020,1746,3,3,1,15,4,10640000,1
1465,942,5,3,0,0,5,8942500,4
2753,2193,1,3,0,6,9,13618500,1
1708,1311,2,1,1,2,7,8946000,1
813,534,1,1,0,21,10,4238500,3
3497,2343,1,1,0,15,7,16286500,4
2844,2187,2,2,1,25,1,13498000,4
618,430,4,1,1,23,1,3921000,2
1241,1055,1,3,0,5,8,6784500,1
1704,1072,1,1,0,13,10,8408000,3
929,812,1,1,0,22,1,4290500,1
1465,1248,4,1,1,10,10,8442500,1
1373,1128,3,1,0,21,2,6958500,2
991,672,5,3,1,22,4,6469500,1
1236,1006,5,1,0,20,9,7312000,3
2954,2161,4,3,0,24,7,14963000,3
3299,2606,1,1,1,18,7,15485500,2
3488,2419,5,2,0,21,10,17676000,1
1625,1382,4,2,1,24,7,8932500,3
3167,1938,2,3,1,0,5,15851500,1
2274,1836,5,3,0,20,1,11983000,1
3283,2785,2,2,0,12,5,15783500,1
1339,1063,1,2,1,19,8,6895500,2
2145,1410,5,1,1,8,7,11692500,1
1068,732,4,2,1,26,7,6386000,3
2859,2157,3,3,0,28,2,13905500,1
1735,1212,5,3,0,10,1,9757500,3
1631,981,5,2,0,0,4,9439500,1
3451,2112,5,3,0,12,8,17789500,3
3124,2593,5,1,1,19,1,15578000,3
1473,920,4,1,1,0,2,8278500,1
1059,930,4,2,1,2,7,6825500,1
2900,2125,3,3,0,19,5,14420000,3
2149,1778,4,2,0,16,6,11250500,4
1351,861,4,3,0,4,8,8199500,2
2061,1809,1,3,1,5,9,10674500,4
2377,1450,1,3,1,16,8,11826500,4
1453,890,2,1,1,9,1,7358500,1
2883,1777,3,3,1,10,4,14623500,2
1929,1217,1,1,0,12,5,9190500,4
1077,803,3,3,0,28,9,6236500,1
3326,2782,3,2,0,9,6,16387000,4
2863,1962,5,1,1,13,6,14773500,4
734,604,3,1,1,27,3,4163000,1
1752,1458,5,1,1,12,2,9594000,1
1009,880,2,2,1,27,2,5250500,1
2045,1318,2,1,0,3,7,10292500,2
1917,1228,2,2,0,19,5,9496500,4
1869,1189,5,3,1,29,10,10580500,1
2179,1542,5,3,0,16,1,11635500,3
685,511,2,2,1,17,5,4142500,4
3203,2365,5,1,1,10,1,16113500,3
2465,1669,4,1,1,9,9,12912500,2
2069,1627,4,2,1,20,8,11060500,1
977,685,5,3,1,17,4,6506500,3
2280,1618,5,2,0,18,1,11850000,2
1674,1057,1,1,0,8,8,8273000,1
841,654,1,1,0,4,5,4454500,3
1519,1210,3,1,0,0,1,7985500,3
2186,1808,3,1,0,4,2,10957000,2
2913,2537,3,3,0,2,5,14818500,1
3359,2787,2,3,1,0,9,16915500,1
1871,1254,4,3,1,18,10,10509500,3
669,448,2,1,0,26,8,3690500,3
2704,2364,5,1,1,5,10,14418000,3
2005,1678,1,1,1,9,8,9892500,1
2686,2241,5,2,1,4,9,14507000,2
2607,2127,5,1,0,11,2,13311500,2
1400,952,1,3,0,11,7,7330000,1
1641,1401,5,3,0,16,10,9664500,4
3379,2172,3,3,1,26,5,16585500,2
1424,1003,1,2,0,1,3,7238000,3
1355,953,5,3,0,20,10,8297500,4
2999,2303,3,2,0,24,8,14715500,4
2595,1917,3,2,1,26,2,12707500,2
2439,1799,4,2,0,13,4,12515500,4
1921,1471,3,1,0,11,5,9774500,4
2930,2123,2,1,0,27,5,13695000,2
2209,1491,1,3,1,12,4,10950500,2
709,566,1,3,0,4,3,4160500,4
1616,1352,1,2,0,4,3,8042000,3
2561,1904,5,1,1,16,5,13304500,1
3191,2536,5,3,0,4,10,16879500,4
2369,1801,2,3,0,23,6,11700500,4
624,385,3,1,0,24,1,3478000,3
1442,1048,5,2,0,25,4,8089000,4
3438,2072,3,3,1,18,10,17261000,4
1337,1067,3,3,1,3,10,8106500,1
2704,2034,5,1,1,6,6,14198000,1
779,497,5,1,0,22,2,4865500,1
831,633,2,2,0,16,10,4919500,2
2517,2188,4,2,0,10,5,12976500,2
942,661,1,3,0,5,9,5489000,1
1076,962,5,2,1,12,3,6802000,1
2422,2150,5,3,0,11,3,12929000,2
3223,2693,3,3,1,29,9,16023500,3
1054,889,4,1,0,24,3,5813000,4
1855,1341,5,3,0,4,4,10567500,4
888,640,4,1,1,23,9,5536000,1
1836,1627,1,3,0,26,4,8842000,3
2905,2062,3,3,0,9,5,14642500,2
1129,710,2,3,0,10,2,6180500,1
3334,2153,1,2,0,8,8,15943000,3
2876,2338,4,2,1,25,9,14642000,3
1195,854,4,1,0,25,10,6777500,3
1034,682,1,3,1,12,4,5663000,2
1481,1250,4,1,1,2,3,8324500,2
2381,1777,2,1,0,16,4,11394500,4
1001,771,2,3,0,29,7,5474500,4
3269,2112,4,2,1,29,1,15930500,3
2735,1799,4,2,1,17,2,13817500,3
3231,2060,2,1,0,4,10,15759500,2
2165,1633,4,2,0,15,5,11292500,4
908,756,5,3,1,29,9,6206000,3
942,772,3,3,0,25,6,5539000,4
1035,702,5,2,0,22,3,6267500,4
776,663,4,2,1,15,3,5092000,3
738,466,4,1,0,10,7,4871000,2
793,502,3,2,1,21,3,4748500,3
1784,1524,4,1,0,3,10,9868000,3
1542,1038,3,3,1,8,3,8579000,4
1124,913,2,3,1,14,10,6628000,3
2224,1340,3,3,1,11,7,11788000,2
2857,1794,3,2,1,26,9,14236500,3
1340,1048,5,2,1,15,9,8230000,2
1461,956,4,2,0,3,3,8264500,2
1553,944,2,1,0,2,8,8148500,4
1902,1407,1,1,1,26,1,8739000,1
1874,1310,3,1,1,20,8,9683000,1
2343,1969,1,3,1,3,2,11633500,4
3480,2942,4,1,1,1,4,17390000,3
2787,2185,3,2,1,18,7,13981500,4
1391,956,1,2,0,6,6,7139500,2
1145,845,5,3,1,27,9,7312500,1
2444,1981,1,2,0,1,8,12078000,4
1616,1003,5,2,1,0,2,9422000,3
2527,1768,2,2,1,17,4,12381500,4
2153,1822,4,1,0,27,1,10598500,1
656,473,1,1,1,7,7,3812000,4
2759,2172,3,2,1,7,4,13925500,4
604,379,4,2,0,27,8,4178000,1
2037,1697,1,2,0,9,2,9786500,2
1962,1236,3,2,1,17,8,10339000,2
2420,2077,3,1,0,21,2,11670000,1
1882,1189,3,3,1,26,8,9999000,4
2737,2373,3,2,0,27,1,13126500,1
3263,2313,1,1,1,10,2,15233500,2
3345,2633,2,2,0,26,5,15782500,3
1873,1599,5,3,1,22,1,10288500,4
1731,1043,5,1,0,0,5,9739500,2
1267,861,5,1,0,6,5,7531500,4
3241,2827,2,3,1,27,7,15744500,1
3236,2318,3,3,1,26,2,15792000,3
3132,2542,3,1,1,7,2,15304000,1
1881,1207,4,3,0,24,6,10084500,3
3286,2640,5,2,1,13,10,17077000,4
1596,992,5,3,1,23,3,9122000,4
2526,2059,3,3,0,18,8,12907000,1
881,614,5,1,0,7,3,5674500,3
1827,1351,3,3,1,18,10,10011500,3
2663,1730,3,1,1,21,4,13013500,4
1535,1210,3,2,0,3,7,8497500,1
853,598,1,3,0,22,1,4348500,3
1811,1294,1,3,1,23,1,8789500,4
928,738,1,1,0,9,9,4946000,2
3191,2085,1,1,0,21,6,14739500,1
3430,2934,2,3,1,9,5,16855000,2
2020,1660,4,1,1,3,2,10680000,1
2140,1654,4,3,1,7,2,11540000,4
3492,2229,3,2,0,6,7,17244000,3
1792,1444,5,3,1,25,6,10114000,3
2316,1402,1,2,0,14,8,11242000,3
3013,2534,4,2,0,7,3,15168500,1
1801,1244,4,1,0,28,3,9094500,4
1254,796,1,1,0,9,5,6213000,2
1985,1288,2,1,1,6,10,10262500,4
1359,1208,2,1,0,29,4,6535500,2
3286,2734,4,3,1,18,8,16777000,1
2398,1609,2,2,0,2,6,12051000,1
1663,1478,1,3,0,8,8,8623500,2
1015,651,4,2,1,15,7,6367500,2
854,700,1,2,1,13,2,4533000,2
1766,1407,2,2,1,6,9,9427000,4
2476,2095,1,3,1,11,6,12272000,2
3357,2398,2,1,1,0,6,16356500,1
3224,2323,2,3,1,15,2,15658000,1
1499,1180,1,2,0,2,9,7855500,3
2658,1912,2,3,1,26,1,12841000,2
625,382,3,2,0,0,6,4412500,4
1020,835,1,1,0,5,8,5390000,4
1844,1460,3,1,1,28,2,9088000,4
2476,1800,1,3,0,1,3,12172000,3
3143,2171,2,1,0,6,10,15323500,1
1860,1294,2,2,1,7,10,9880000,4
2884,2371,4,2,1,12,7,14838000,1
1608,1316,4,1,0,28,1,8126000,3
818,691,3,1,1,15,5,4881000,2
2110,1748,2,1,1,28,6,10185000,2
2559,2117,4,3,0,21,10,13395500,2
3108,2099,2,3,1,20,7,15286000,4
1262,795,1,2,1,9,10,6849000,2
3282,2719,4,3,1,3,10,17159000,4
1589,1000,3,3,0,24,7,8520500,3
788,704,4,2,0,23,3,4836000,3
854,736,2,2,1,20,7,4943000,4
667,506,5,1,1,12,1,4661500,1
1215,857,5,1,1,16,4,7197500,2
2983,2261,2,3,0,7,7,14833500,2
3318,2721,1,2,0,7,7,15841000,2
3468,2867,4,3,1,22,4,17316000,4
1473,916,5,3,1,6,1,8808500,3
2947,2479,1,2,0,23,8,13901500,2
2225,1763,2,2,1,0,4,11362500,3
956,585,1,2,1,14,2,4972000,2
855,593,2,2,0,14,4,4767500,2
1607,1210,4,3,1,27,8,9041500,4
3000,1969,1,3,1,18,8,14590000,1
2355,1522,4,3,0,3,5,12587500,4
3171,1916,1,2,1,26,2,14699500,2
3403,2972,2,1,0,5,7,16363500,2
883,544,2,3,0,9,3,5143500,1
698,495,1,1,0,11,6,3721000,3
796,526,2,1,1,25,9,4482000,3
3129,2573,3,1,1,24,5,15100500,2
1477,1199,3,2,1,3,9,8486500,3
2468,2077,4,2,1,5,4,12956000,2
3262,2560,3,3,0,24,9,16149000,1
3265,2538,3,3,0,13,1,15982500,1
1988,1435,5,2,0,29,4,10466000,2
3015,2384,5,2,1,12,1,15427500,1
1169,741,5,1,0,24,9,6930500,4
3237,2606,5,2,0,21,8,16446500,4
1665,1050,2,2,1,20,8,8642500,1
1021,876,4,2,1,2,7,6654500,2
3483,2618,4,2,0,20,9,17323500,2
1804,1369,3,1,1,14,3,9238000,1
1144,887,4,3,1,2,7,7408000,3
670,557,3,1,1,4,6,4485000,4
1823,1355,4,2,0,12,5,9813500,3
1367,995,1,2,0,25,9,6801500,2
2954,2027,1,3,0,25,4,13893000,2
2306,1472,4,3,0,14,3,12047000,3
3024,1987,2,3,0,16,3,14638000,1
1254,752,3,1,0,5,2,6743000,3
3325,2862,4,3,0,22,1,16372500,3
3046,2526,3,2,0,17,3,14817000,4
2396,1594,5,2,1,2,8,13192000,4
820,492,4,2,1,25,6,5240000,3
781,583,2,1,0,8,2,4254500,3
906,655,5,3,1,7,8,6587000,2
3169,2639,4,3,1,19,5,16080500,4
2019,1455,1,3,0,10,4,9985500,4
1613,1385,4,3,0,27,1,8568500,2
2651,1666,1,2,0,23,1,12219500,1
1447,1027,1,1,1,10,4,7161500,4
1403,1234,4,3,1,7,9,8573500,4
814,491,4,2,0,29,10,5183000,1
2043,1465,1,2,0,21,10,9973500,4
700,474,3,1,1,29,6,4120000,4
1172,890,5,3,0,0,1,7424000,1
1932,1320,2,1,0,1,8,9874000,1
1257,1082,4,3,1,19,9,7676500,3
2133,1879,5,1,1,3,2,11488500,2
2256,1928,5,3,0,1,6,12532000,2
825,593,3,3,1,24,7,5232500,1
704,631,5,1,1,1,1,5048000,1
2597,2130,4,3,0,12,5,13496500,4
1371,968,5,1,0,28,5,7559500,3
1028,645,4,1,0,21,3,5756000,3
1033,826,4,3,0,20,2,6148500,1
1830,1497,1,3,0,19,1,8805000,4
3329,2119,3,1,0,5,6,16280500,4
3235,2474,2,2,0,3,7,15847500,2
1465,1312,1,1,1,24,2,6862500,2
3393,2367,2,2,0,26,2,15848500,4
3015,2082,4,2,1,25,5,15067500,2
850,740,1,1,0,14,5,4295000,1
1455,924,5,1,0,22,3,7957500,4
1793,1577,5,1,0,2,3,9878500,2
1160,967,2,2,0,27,1,5730000,3
2069,1483,4,1,0,25,3,10360500,4
2941,1838,2,1,0,3,9,14424500,4
1518,919,3,3,1,16,2,8261000,3
1773,1263,5,3,0,5,1,10028500,1
1032,837,1,3,0,1,9,5974000,3
2706,2019,1,1,0,19,5,12547000,4
1568,1288,1,1,1,12,8,7866000,1
1435,1149,5,1,1,14,4,8227500,2
2846,2196,4,2,0,4,8,14727000,2
2862,2547,5,2,0,27,5,14489000,2
1497,1225,5,3,0,23,6,8676500,4
1071,936,1,2,0,18,6,5459500,3
846,569,5,2,0,5,6,5907000,1
3029,2465,1,2,1,16,2,14260500,2
1590,1239,4,3,0,24,10,8975000,1
1526,1338,3,3,1,27,10,8477000,4
1791,1348,1,2,1,0,9,9359500,2
3207,2193,2,1,0,1,7,15561500,4
1674,1197,3,3,1,0,3,9333000,3
2434,1620,4,2,0,7,2,12513000,4
1288,857,3,1,1,28,4,6686000,4
3027,2243,1,1,0,3,8,14461500,3
3121,2708,4,3,0,17,9,15954500,1
3344,2198,2,1,0,22,10,15908000,3
2084,1430,1,3,0,23,2,9918000,3
1559,1334,1,2,1,8,6,8005500,4
1077,755,4,3,1,14,8,6916500,1
1306,1160,4,1,1,15,3,7277000,2
1737,1182,3,3,0,20,9,9366500,3
1353,991,2,3,0,29,4,6908500,1
3150,1980,3,2,1,2,5,15835000,3
2259,2027,3,1,0,0,7,11615500,3
3464,3003,1,3,0,23,5,16278000,3
1187,1003,4,2,1,12,4,7051500,3
1934,1251,1,2,0,13,4,9343000,4
2092,1863,2,2,1,5,5,10714000,1
2447,2150,3,2,0,4,3,12381500,1
3355,2451,2,2,0,28,9,15987500,1
806,648,4,3,1,22,2,5237000,3
2798,2511,4,3,1,4,7,14811000,4
3315,2396,5,1,1,26,4,16447500,3
3175,2012,2,3,1,3,8,15977500,3
764,657,1,1,1,20,7,4038000,1
2598,1930,2,1,0,11,8,12671000,3
2684,2405,3,1,1,13,4,13268000,2
932,713,4,3,0,26,2,5574000,3
1002,610,4,2,0,22,7,6019000,2
1013,757,2,1,1,13,9,5698500,3
644,525,2,2,1,10,6,4148000,4
2853,1734,2,1,0,21,7,13568500,4
661,478,3,3,1,9,6,4744500,1
3067,1983,3,1,1,9,2,14971500,3
1467,1163,1,3,0,28,9,7391500,2
2091,1855,2,2,0,27,5,10119500,2
3467,2729,1,3,1,29,3,16221500,3
618,499,5,2,0,26,4,4361000,2
964,693,3,3,0,8,4,5878000,4
3075,2364,4,1,0,25,9,15187500,2
1740,1327,5,1,0,1,5,9760000,1
1179,976,4,3,0,13,2,6945500,4
1145,981,5,2,0,6,6,7232500,4
2329,1860,1,2,0,16,7,11210500,4
2972,2656,1,2,0,23,8,14014000,3
654,554,3,3,0,19,5,4313000,3
1377,877,4,3,0,7,8,8256500,4
641,482,5,3,1,23,8,5074500,3
1920,1672,2,3,1,19,4,9810000,2
830,733,2,2,1,3,7,5175000,3
1052,751,3,2,0,4,9,6404000,3
3041,2486,4,3,0,12,10,15744500,4
2145,1551,2,3,0,6,4,10932500,1
1981,1262,3,2,0,5,9,10564500,1
2067,1788,3,2,0,16,4,10481500,1
1751,1540,4,1,1,5,1,9379500,2
3338,2508,2,3,0,18,4,16061000,3
3039,1840,2,1,1,24,2,14245500,1
1816,1534,2,2,1,2,6,9582000,4
3251,2415,1,2,1,8,8,15719500,1
1480,921,2,3,0,20,6,7760000,1
684,449,5,1,1,27,9,4838000,3
1653,1067,1,2,0,25,6,7938500,3
648,522,1,1,0,14,7,3486000,3
1768,1219,1,1,1,7,5,8716000,2
668,426,1,1,1,24,8,3576000,2
3344,2926,3,1,1,24,2,15918000,1
3126,2772,5,1,0,22,2,15427000,3
3467,2224,4,3,0,25,8,17301500,1
2301,1539,2,3,1,14,6,11724500,4
2198,1709,1,1,0,0,2,10491000,4
2794,1802,4,3,0,7,6,14533000,3
2469,1598,3,2,0,22,8,12370500,3
1615,1132,4,1,1,3,6,9057500,4
3256,2880,1,3,1,21,9,15732000,3
1045,928,5,3,1,9,6,7072500,2
2868,2445,4,2,0,15,3,14356000,2
2001,1618,1,2,1,17,9,9964500,3
2742,2238,1,2,0,3,10,13479000,4
861,637,2,2,0,7,5,4984500,1
2448,1858,2,1,0,3,6,12056000,3
1496,1182,5,3,0,9,4,8852000,3
1694,1388,2,3,1,19,3,8743000,1
2866,1802,5,2,1,29,10,14867000,3
2156,1439,3,3,0,3,5,11392000,1
691,614,3,3,1,15,3,4609500,4
726,508,2,3,1,29,2,4137000,2
679,462,3,2,1,11,6,4585500,4
2447,1777,4,3,1,9,8,13181500,2
1582,1087,4,3,1,24,3,8739000,1
1515,950,4,3,1,10,6,8867500,2
3133,2075,3,1,1,1,9,15778500,4
1293,1024,4,1,1,15,1,7118500,2
624,416,5,3,1,22,3,4768000,1
755,599,1,3,1,18,2,4187500,2
3279,2065,2,3,1,11,8,16285500,3
2412,1477,5,3,0,3,9,13344000,4
2153,1848,4,3,0,16,10,11668500,3
2566,2124,1,3,1,11,6,12677000,1
2333,1865,2,1,1,15,3,11298500,2
1680,1023,5,2,1,2,10,10070000,3
2228,1496,2,3,1,1,8,11756000,3
618,521,3,3,0,25,10,4281000,2
2007,1291,4,3,0,6,7,11061500,2
1816,1532,5,2,1,5,2,10222000,4
2884,2235,5,3,0,0,7,15428000,3
2010,1652,1,3,1,14,1,9865000,3
876,694,1,2,0,26,8,4522000,1
1344,974,1,3,1,11,5,7128000,4
1151,791,2,2,0,12,9,6389500,1
1776,1424,4,2,0,7,3,9602000,3
1238,1042,2,3,0,8,7,6961000,1
836,512,4,1,1,0,8,5712000,3
1597,1140,5,1,0,4,1,8856500,3
2702,1905,2,3,1,6,6,13689000,1
2603,1998,2,2,0,17,2,12473500,1
2059,1305,2,2,0,21,8,10245500,2
3331,2931,3,2,1,7,6,16599500,2
2756,2107,4,3,1,23,3,14042000,2
1807,1584,4,1,1,25,4,9381500,3
1991,1682,2,2,0,9,7,10129500,1
2606,1713,3,2,1,28,9,13067000,4
1821,1164,2,3,1,7,10,9904500,3
1994,1711,4,1,1,11,2,10403000,4
972,739,5,1,0,15,9,6224000,1
2120,1284,3,3,1,11,6,11270000,3
2848,2507,3,1,1,21,2,13746000,4
1448,1074,2,3,0,21,8,7696000,4
3156,2178,5,2,1,26,4,15932000,2
1945,1468,4,3,0,2,8,10912500,2
2922,2474,1,2,1,17,7,14009000,2
2858,1809,4,3,1,4,7,15081000,3
1103,780,4,2,1,13,7,6803500,1
1302,905,5,2,1,24,2,7529000,1
2689,2290,3,3,0,19,8,13620500,2
914,761,4,2,0,20,2,5413000,2
3435,2473,3,1,0,15,3,16407500,2
2976,2378,5,3,0,21,10,15572000,4
1640,1178,5,1,0,26,7,8910000,2
882,680,2,2,0,5,7,5219000,4
857,769,1,2,1,15,7,4756500,1
1174,893,5,2,1,19,4,7153000,3
1173,1051,5,3,1,13,5,7518500,3
3259,2685,3,2,0,19,7,15935500,3
1642,1044,5,1,1,23,8,9179000,3
2152,1805,4,1,0,4,3,11154000,4
3484,2258,2,3,0,13,6,16918000,4
1022,776,2,1,1,29,9,5419000,2
2089,1637,4,3,1,10,10,11650500,4
1996,1731,5,3,0,20,5,10932000,2
1357,899,1,2,0,8,4,6846500,2
3410,2942,5,1,0,19,9,17115000,3
1704,1500,2,1,1,6,4,8698000,4
2174,1362,1,1,0,4,3,10353000,4
3071,2658,3,2,0,28,7,14909500,2
1028,696,3,3,1,14,5,6246000,2
2621,1636,5,1,0,24,1,13064500,1
803,712,5,1,1,12,8,5623500,1
2843,2040,1,1,0,11,1,13123500,2
3375,2655,1,1,1,23,9,15827500,1
2932,2245,5,2,0,14,1,14864000,1
2592,1720,2,3,1,23,4,12754000,2
2843,2276,3,1,0,25,10,13893500,2
906,556,1,1,0,25,4,4277000,4
2287,1511,2,3,1,18,9,11731500,2
613,541,5,2,1,24,1,4378500,2
2460,2179,4,2,0,23,10,12710000,3
2561,1907,1,2,0,18,9,12314500,4
1680,1093,4,2,0,9,4,9180000,4
1322,960,2,1,0,16,7,6779000,4
1379,1190,3,3,0,15,9,7855500,3
1833,1138,2,3,0,4,7,9718500,2
1128,720,3,3,0,28,2,6116000,4
1397,1213,2,2,1,3,6,7676500,4
943,683,1,2,0,23,6,4783500,1
1902,1188,1,3,1,21,3,9339000,4
808,518,4,1,0,9,4,5056000,2
1240,1072,2,2,0,20,6,6480000,2
1911,1427,2,1,1,24,6,9369500,1
2899,1881,4,3,0,5,1,14795500,4
2918,2533,5,2,1,29,10,15101000,4
2547,2174,2,1,0,28,8,12101500,4
1519,921,2,2,0,10,9,8085500,3
2323,1798,2,3,0,10,2,11553500,4
2644,1780,5,3,0,26,4,13678000,2
1018,773,1,3,1,15,6,5631000,2
2349,1606,4,1,1,13,2,11960500,3
3442,2391,5,2,1,26,7,17369000,3
1988,1551,3,2,0,18,6,10186000,4
1699,1294,3,2,1,21,8,9075500,1
3372,2422,5,3,0,27,7,17084000,3
3080,1947,5,1,1,26,10,15690000,3
2756,2455,1,3,0,27,1,12812000,4
3288,2145,3,3,1,3,10,16886000,4
2145,1694,4,1,1,4,10,11622500,3
1670,1043,2,3,1,21,5,8695000,1
3026,2440,2,3,1,24,6,14787000,3
2450,1539,1,2,0,18,7,11715000,4
1719,1149,1,1,1,16,4,8265500,4
1557,1236,3,1,1,17,9,8366500,3
702,480,4,2,1,7,1,4819000,1
1769,1344,4,1,1,3,3,9600500,3
2503,1595,5,2,0,22,10,13223500,3
2355,1555,1,3,0,17,2,11257500,4
3177,2605,2,1,0,27,2,14656500,1
1278,780,2,1,1,10,1,6551000,2
2568,1626,3,3,1,25,3,12856000,1
1588,1055,2,3,0,13,10,8586000,3
1705,1033,4,1,0,12,5,9082500,3
3075,1932,4,1,0,23,6,15077500,3
2207,1510,1,1,0,25,8,10331500,1
3469,2178,3,2,0,15,4,16810500,4
2102,1807,2,1,1,27,1,9919000,3
2389,1480,1,1,1,29,9,11270500,3
1785,1532,5,3,0,11,3,10062500,1
1531,1296,5,3,1,8,8,9379500,2
2025,1276,2,2,1,6,4,10342500,2
1661,1009,2,3,0,9,3,8644500,4
2578,1585,2,1,0,28,3,11991000,4
3158,2454,4,1,0,26,4,15291000,3
3040,2435,2,2,0,16,4,14560000,1
2642,2077,5,3,1,17,7,14149000,3
3360,2561,2,3,1,24,2,16090000,4
3141,2049,3,3,1,25,8,15684500,1
1878,1600,5,2,1,6,2,10481000,1
1802,1258,3,3,0,26,1,9139000,4
3194,2861,5,3,1,2,8,16983000,2
1193,853,1,3,0,14,4,6188500,2
3036,2061,5,1,1,15,6,15512000,1
2021,1754,5,2,1,20,1,10794500,3
2805,2160,3,1,0,16,3,13552500,2
1627,1328,3,2,0,12,7,8731500,3
2814,2033,5,3,0,25,7,14613000,2
1559,1350,5,1,1,2,8,9225500,2
3056,2674,4,3,0,26,2,15132000,3
2841,2076,1,3,1,19,7,13804500,4
2882,1937,1,2,1,19,4,13639000,2
3365,2672,2,3,0,22,6,16202500,2
1773,1571,5,1,1,4,4,9948500,3
1415,1113,5,2,0,8,9,8557500,4
1003,888,5,2,0,22,1,6023500,2
1492,1049,5,1,1,17,1,8274000,2
3325,2907,1,3,1,28,5,15702500,4
667,422,3,3,1,10,5,4701500,2
687,486,4,3,0,10,8,5091500,4
2864,2143,3,3,0,15,7,14438000,4
2648,2107,3,3,0,7,3,13426000,3
1758,1209,1,2,1,26,8,8641000,1
2320,2035,4,2,0,1,4,12220000,4
1974,1719,5,1,1,22,3,10443000,3
2787,2340,1,3,0,20,2,13141500,1
3265,2071,1,3,0,9,9,15862500,2
2780,1733,4,3,1,5,7,14710000,1
2243,1680,2,1,1,26,5,10773500,4
777,644,1,3,1,3,9,4936500,4
3457,2202,3,2,0,20,3,16606500,4
1981,1569,3,3,1,27,6,10324500,4
3027,2295,5,1,1,4,8,15791500,4
1507,1232,1,2,1,22,9,7641500,3
3305,2414,5,2,1,10,4,16922500,4
3097,2502,1,2,0,11,1,14466500,3
1185,767,4,3,0,15,8,7232500,2
3110,2066,1,1,1,19,10,14765000,4
1589,1384,2,1,1,20,3,7850500,4
1731,1209,3,3,0,13,6,9329500,1
2769,2480,4,1,1,13,4,13950500,2
2664,1635,3,2,1,19,6,13358000,4
1819,1361,5,2,1,19,3,10005500,4
2974,2074,4,1,0,14,7,14853000,2
917,824,2,1,0,7,2,4886500,3
3456,3100,3,3,0,26,5,16782000,4
2102,1409,1,3,1,4,3,10579000,1
2634,1791,1,3,1,28,5,12593000,4
2642,2179,1,3,1,8,3,12929000,1
1102,955,4,3,0,20,9,6809000,1
2622,2095,2,3,0,15,8,13099000,4
718,617,2,2,1,23,2,4021000,4
1309,810,2,1,1,2,8,7200500,1
644,510,3,3,1,11,8,4728000,2
913,739,4,2,1,6,10,6238500,2
1017,668,1,1,1,16,3,5056500,4
3203,2669,3,1,0,14,10,15733500,3
1701,1502,2,1,0,14,5,8424500,2
925,804,1,3,0,11,2,4942500,4
2039,1373,4,3,0,20,10,11075500,2
2586,1802,5,3,1,1,6,14167000,3
3162,2371,2,1,0,7,2,14989000,4
2861,1852,2,1,0,27,4,13334500,3
673,596,2,2,1,21,3,3908500,4
2202,1427,2,2,0,4,1,10879000,3
1108,917,1,2,1,29,8,5656000,2
2979,2092,4,2,0,2,8,15365500,2
1287,993,3,1,1,29,1,6511500,3
1256,771,1,3,1,28,6,6442000,3
2142,1416,4,3,1,0,1,11639000,3
1892,1387,3,3,0,29,9,9884000,4
1999,1605,2,3,0,15,1,9945500,2
3247,2705,4,2,1,9,3,16331500,4
2152,1310,2,1,0,25,9,10434000,2
1675,1081,4,3,1,9,1,9357500,1
924,756,5,1,1,29,2,5528000,4
1591,1342,2,2,1,10,4,8309500,2
2593,1739,2,2,1,25,7,12668500,2
1316,880,2,3,1,11,8,7452000,4
3370,2110,1,3,1,7,1,16125000,4
876,565,3,2,1,26,1,4922000,2
3183,1917,2,2,0,4,5,15493500,4
751,583,2,1,0,8,8,4419500,3
1554,1353,1,2,0,10,1,7543000,4
2106,1358,1,1,0,14,3,9847000,4
858,708,5,2,0,22,6,5621000,4
2971,2293,4,1,0,16,1,14499500,2
1468,1294,2,2,1,10,3,7706000,3
1791,1503,4,2,0,12,1,9469500,1
1287,1101,1,1,1,16,4,6321500,1
909,719,1,1,0,22,9,4600500,3
3450,2909,5,3,1,26,5,17505000,3
2102,1482,3,3,0,6,3,10989000,3
3267,2165,1,2,0,8,10,15741500,2
1072,936,2,2,0,17,7,5834000,1
3108,2549,5,1,0,22,6,15546000,3
1413,886,3,2,0,17,9,7768500,2
1445,1242,5,3,1,29,4,8372500,1
1764,1243,1,1,1,9,4,8608000,4
1266,872,3,2,0,11,9,7227000,2
2909,2289,4,1,1,25,2,14240500,1
2408,1855,3,3,1,17,10,12646000,2
2043,1555,2,3,1,20,2,10243500,1
2367,1601,4,3,1,8,9,12891500,1
1864,1655,4,2,0,8,7,10178000,4
954,844,2,2,0,9,5,5363000,2
2472,1486,4,2,1,0,5,13124000,3
2624,1840,1,2,0,10,9,12758000,4
3417,2096,3,2,0,13,10,16916500,4
779,666,3,2,0,22,5,4615500,1
665,575,2,3,0,25,9,4142500,3
1419,1072,1,3,1,29,8,7255500,2
1971,1679,4,2,1,9,6,10739500,3
770,624,3,3,1,27,5,4825000,3
3121,2340,3,1,0,13,5,15134500,3
3181,2255,3,2,1,18,5,15654500,3
1990,1352,3,1,1,25,1,9755000,3
1730,1172,5,2,1,9,5,9905000,1
3086,2371,2,2,1,16,3,14867000,1
1434,932,4,3,0,1,6,8533000,4
826,538,4,1,1,21,9,5297000,1
1041,627,2,3,0,13,3,5774500,4
3043,2385,1,2,0,25,1,13943500,4
1327,1192,2,1,1,17,8,6981500,2
2204,1910,3,2,0,1,9,11648000,3
2731,2216,3,3,0,19,10,13909500,1
1636,1367,2,2,1,18,4,8352000,2
2432,1763,2,2,1,23,10,12134000,1
2448,1687,4,3,1,7,5,13076000,4
3340,2373,4,2,1,5,3,16830000,1
1092,681,5,1,1,19,8,6784000,3
2148,1697,5,3,0,6,3,11796000,4
1743,1137,3,2,1,24,4,9013500,4
1569,1300,5,3,0,12,10,9420500,2
3000,1970,5,2,0,1,7,15730000,3
2687,1796,1,3,1,21,2,12821500,4
1239,1099,2,3,0,6,1,6705500,3
772,487,4,1,0,0,4,5074000,1
2170,1626,5,3,1,5,8,12315000,3
858,530,4,1,1,15,1,5161000,4
1116,699,5,3,0,7,10,7482000,2
3377,2667,5,3,0,12,3,17206500,4
1122,885,3,2,0,22,4,6109000,3
2517,1656,1,2,0,17,4,11886500,3
3486,3004,2,2,0,13,3,16577000,4
2764,2240,2,3,1,17,3,13598000,3
2831,1953,3,3,1,28,7,14179500,1
2529,1705,3,1,1,3,8,12970500,4
1739,1436,2,1,1,14,10,8995500,2
2809,2303,2,1,0,4,4,13560500,4
3190,2056,1,2,1,20,8,15205000,1
1438,1013,5,2,1,13,8,8661000,1
1689,1123,1,1,0,15,6,8100500,1
1693,1165,2,3,0,14,1,8588500,1
3094,2123,5,2,0,10,7,15973000,1
3063,2734,2,2,1,1,7,15263500,2
3179,2622,1,1,1,22,5,14765500,3
3088,2575,1,2,0,23,6,14436000,1
3385,2312,1,1,0,29,9,15602500,1
2569,1541,5,2,1,17,3,13420500,4
3111,1920,4,3,0,3,4,15939500,2
3043,2330,4,3,0,14,9,15663500,2
3358,2302,2,2,0,11,10,16391000,3
2174,1430,5,1,1,26,2,11213000,2
2180,1340,3,2,1,26,9,11190000,4
3042,2624,4,1,1,2,5,15449000,4
2973,2319,5,2,0,3,3,15368500,3
1714,1083,5,3,0,20,8,9813000,4
1349,1119,4,3,1,15,9,8170500,1
1693,1399,5,2,0,5,1,9468500,1
1789,1228,5,2,0,1,5,10180500,4
3289,2159,4,2,1,25,9,16500500,3
2861,2415,1,3,0,21,2,13454500,2
2475,1729,2,3,0,8,1,12227500,3
2387,2039,3,1,0,11,8,12021500,2
3016,1849,2,2,0,11,6,14652000,4
2207,1654,1,2,1,26,2,10361500,4
648,423,1,3,0,23,3,3506000,1
1675,1342,5,2,1,13,5,9577500,2
1912,1719,2,1,1,16,1,9284000,3
2249,1627,1,2,1,8,2,10910500,4
2780,1751,2,3,1,11,1,13690000,3
3433,2386,1,2,0,26,7,15978500,1
1789,1551,3,3,0,9,7,9720500,2
1997,1656,1,1,1,10,10,9936500,2
3020,2022,2,1,1,1,5,14770000,4
2428,2151,5,2,1,27,10,12936000,2
1078,848,2,2,1,15,6,6001000,4
1431,930,4,3,0,26,3,7869500,1
3297,2544,2,1,1,0,2,15886500,2
2214,1628,3,1,1,21,10,11293000,4
1281,1083,3,1,0,28,9,6754500,3
3335,2345,3,1,1,0,2,16357500,4
1923,1658,1,2,0,21,1,8983500,2
681,574,3,2,0,1,9,4794500,1
686,550,2,3,0,11,8,4467000,2
2872,1946,5,1,1,26,8,14654000,2
2663,2372,3,2,0,22,7,13193500,4
1421,1086,2,2,0,22,9,7404500,3
762,664,1,1,1,27,3,3689000,2
3161,2101,1,2,1,19,8,15094500,3
2997,2682,5,3,1,17,1,15446500,4
2532,2139,5,3,1,11,1,13474000,3
3328,2944,2,1,0,26,6,15556000,4
2450,1626,5,3,1,22,8,13235000,1
2460,1793,5,2,0,0,8,13370000,3
1715,1079,1,3,0,27,10,8577500,3
2828,1813,2,2,1,26,1,13406000,1
3390,2322,5,1,1,10,1,16955000,3
3307,2928,2,1,1,1,9,16261500,1
2482,1985,3,2,1,11,9,12849000,2
3140,2180,1,2,0,1,7,15160000,4
1522,1349,1,3,1,16,1,7629000,1
2775,2280,1,2,0,24,10,13207500,3
2049,1786,4,1,0,5,2,10620500,1
2182,1916,2,2,1,15,8,11069000,3
1164,960,3,3,1,18,8,6928000,2
3197,2151,5,3,1,27,5,16346500,1
3100,2786,3,2,0,5,2,15250000,2
1070,746,2,3,0,6,3,6045000,4
1587,1271,1,3,0,18,5,7931500,3
3385,2888,4,1,1,19,3,16552500,3
2534,1653,2,2,1,25,10,12553000,2
823,644,2,1,1,16,1,4383500,4
2801,1995,5,1,1,5,6,14654500,1
3207,2159,3,3,1,14,5,16051500,1
950,573,3,1,1,21,3,5255000,3
2528,2178,5,2,1,8,9,13716000,2
948,607,4,2,0,1,10,6346000,2
781,674,1,2,0,4,8,4534500,1
1236,964,1,1,0,20,7,6012000,4
1617,1271,4,2,0,22,2,8536500,4
2826,2398,5,2,1,4,10,15187000,1
1371,1032,2,1,1,11,5,7149500,1
1615,1142,3,1,1,29,5,8187500,2
2711,1739,2,1,0,9,6,13119500,4
628,484,3,1,1,3,6,4316000,1
3019,2312,2,3,0,11,3,14715500,1
2744,1888,5,1,0,14,4,13968000,3
2493,1944,5,1,0,9,1,12788500,1
2065,1511,4,2,1,27,1,10552500,1
1826,1536,2,2,1,29,5,9037000,4
2668,2048,2,1,0,17,4,12666000,2
3382,2976,4,1,0,23,7,16509000,4
1725,1303,4,1,1,4,7,9582500,2
665,576,5,2,0,12,4,4852500,3
3250,2457,5,2,1,3,10,17115000,1
1734,1330,2,1,0,8,2,8543000,3
937,665,5,2,1,17,10,6426500,2
2770,1994,5,2,0,2,4,14525000,4
2328,2048,2,1,1,23,8,11366000,4
1046,697,4,2,0,10,2,6207000,3
3258,2073,2,1,1,3,5,15801000,2
3318,2817,1,3,0,8,7,16021000,3
3262,2521,2,3,1,25,10,16029000,3
880,603,1,3,0,28,6,4600000,1
1195,872,2,2,0,11,9,6607500,3
2586,1958,1,3,0,25,2,12137000,1
3350,2605,1,2,0,9,4,15795000,1
1674,1416,2,1,0,9,7,8503000,4
809,581,5,3,0,8,8,5980500,1
725,582,3,2,1,9,5,4782500,1
1091,927,5,3,1,8,5,7249500,4
1569,1338,1,2,0,0,4,7960500,3
1180,798,2,2,1,21,9,6490000,2
3424,2414,2,1,0,15,10,16408000,2
2905,2261,2,2,0,25,4,13772500,2
1811,1567,2,2,1,13,3,9189500,3
829,693,3,3,0,12,9,5440500,1
788,610,4,1,0,5,7,5196000,2
2657,2378,1,2,1,13,9,12996500,3
3323,2431,3,3,0,7,4,16513500,1
1101,938,5,1,0,22,3,6364500,4
2732,2309,4,2,1,22,10,14104000,2
648,565,4,3,1,17,8,4926000,1
3485,3123,2,1,0,28,4,16122500,2
1288,964,3,1,0,27,10,6856000,2
986,649,5,1,0,26,3,5767000,2
1569,1158,2,1,0,19,4,7680500,1
1605,1374,2,2,0,0,2,8322500,3
2865,2437,1,2,0,11,4,13572500,1
2324,1628,4,1,0,26,7,11688000,2
2604,1599,5,1,1,10,3,13518000,1
2902,2185,4,2,0,12,1,14469000,4
2883,2139,3,3,0,22,10,14533500,3
2207,1380,1,1,1,3,8,10921500,1
2389,2003,2,2,0,24,6,11570500,4
870,596,1,2,0,5,3,4665000,3
722,573,2,3,1,21,8,4579000,4
3303,2082,1,2,0,24,6,15383500,3
1880,1613,2,1,1,12,1,9220000,1
2044,1679,4,2,1,23,9,10938000,4
858,614,4,1,1,21,9,5441000,2
1547,1220,4,2,1,12,9,8921500,4
2694,1767,4,1,1,5,6,13873000,3
1462,1309,1,1,1,21,6,7109000,1
1124,942,2,2,1,3,4,6348000,3
1487,1244,4,1,0,20,8,8091500,4
807,521,1,2,1,2,9,4891500,4
3394,2054,2,2,1,24,7,16293000,2
748,580,1,2,0,29,7,3836000,1
1037,667,4,1,0,14,2,5886500,1
2802,2337,3,2,1,10,2,13959000,4
2321,1682,1,3,1,1,10,11974500,1
957,671,4,1,1,26,2,5436500,2
1840,1144,5,3,1,22,4,10290000,3
2530,2274,2,3,0,16,9,12715000,1
1055,935,4,3,0,25,5,6297500,4
3423,2188,5,3,1,27,2,17213500,3
2232,1562,1,2,0,22,4,10504000,3
1228,880,1,3,0,1,7,6756000,2
3479,2397,5,1,0,20,5,17205500,4
1085,955,5,3,0,0,8,7382500,1
3180,2596,2,3,1,4,1,15630000,4
799,708,1,3,0,26,5,4225500,3
970,836,5,2,0,19,4,6085000,4
1613,1332,3,3,1,16,3,8738500,1
2582,2089,3,3,0,27,7,12929000,1
2071,1780,5,3,1,29,10,11489500,2
847,682,2,1,1,0,1,4811500,1
1387,910,1,2,0,6,6,7121500,1
2911,2312,3,2,0,28,8,14239500,4
2678,2020,5,2,1,2,2,14161000,4
2121,1897,5,1,0,25,6,11044500,3
1872,1409,4,3,1,15,1,10124000,2
1204,736,5,1,1,15,6,7268000,4
2289,1554,2,2,0,11,6,11380500,1
2017,1765,3,2,1,8,5,10616500,3
2420,2150,4,2,1,24,7,12510000,4
1101,901,3,1,0,13,5,6044500,2
1148,708,3,2,0,11,8,6646000,2
1965,1192,2,3,1,25,2,9792500,3
1438,1069,5,1,0,26,6,7951000,3
2030,1826,2,3,1,24,5,10255000,3
2048,1762,5,2,0,15,10,11316000,3
1447,1273,4,2,1,16,2,8041500,3
1213,954,2,1,0,11,7,6388500,1
1011,867,2,3,0,3,4,5889500,1
3079,2142,1,1,0,16,6,14335500,4
1277,776,2,3,0,0,5,7196500,2
758,663,1,2,0,29,4,3731000,1
2661,1770,5,1,1,24,2,13444500,1
972,795,5,1,1,20,7,6174000,1
2872,2290,5,3,0,16,5,14954000,4
1696,1098,1,2,1,10,3,8432000,3
3158,2080,5,2,0,18,6,16051000,4
1202,839,3,3,1,22,8,7019000,2
815,674,2,3,1,29,10,4937500,2
2596,1588,1,3,1,17,10,12892000,2
2164,1562,5,3,0,19,2,11558000,2
2440,1950,3,3,0,1,10,12960000,1
2562,1668,2,2,1,8,4,12719000,1
3487,2217,2,2,1,27,3,16451500,4
1326,950,5,1,1,8,7,8007000,3
1844,1264,3,2,1,11,10,10028000,2
3201,2543,1,3,0,29,8,15124500,4
1665,1483,5,2,0,12,8,9552500,1
1275,766,2,2,1,15,4,6787500,1
882,767,2,2,0,28,10,4909000,3
1681,1227,2,1,1,12,2,8374500,3
3481,2782,5,1,0,22,6,17224500,3
3184,2723,4,3,1,13,3,16168000,4
2508,1936,4,3,0,6,8,13366000,1
1752,1102,4,1,1,1,3,9564000,1
3489,2240,3,2,0,11,2,16880500,3
1547,1294,5,2,1,25,9,8961500,2
1264,845,2,1,0,27,9,6398000,3
2317,1785,3,3,1,23,9,12066500,4
1748,1273,4,2,1,16,3,9446000,3
666,460,1,3,0,23,2,3537000,3
2653,2218,3,2,0,4,4,13358500,4
1236,1012,3,3,0,28,2,6602000,3
913,724,5,2,1,19,8,6178500,1
1164,828,3,3,1,9,10,7208000,2
2201,1470,5,3,1,17,1,11864500,3
1425,1075,1,3,0,2,2,7372500,4
3153,2664,2,1,1,12,6,15198500,2
1705,1317,2,3,0,12,9,9082500,4
1625,1447,4,1,1,9,10,9182500,2
2851,1723,4,1,1,28,5,14069500,2
1261,1134,1,3,1,1,5,6954500,3
1404,1133,2,1,0,26,3,6748000,1
3051,2592,4,1,1,27,8,15139500,3
1135,795,3,1,1,15,6,6357500,4
1991,1498,5,2,0,3,10,11299500,4
1835,1539,4,3,1,18,2,9947500,2
3224,2670,1,1,0,4,5,15178000,2
3410,2387,2,3,1,6,4,16775000,1
2520,1757,1,1,1,8,10,12330000,3
2764,2208,5,3,0,4,9,14908000,4
1227,1079,5,1,1,7,4,7431500,2
1348,986,1,2,0,1,8,7146000,1
704,496,4,2,0,21,1,4398000,4
3142,2728,4,2,1,23,5,15679000,2
645,519,2,1,1,24,9,3822500,4
3470,2486,2,3,1,26,3,16595000,1
1954,1205,3,1,1,19,6,9963000,1
1839,1501,3,2,1,19,10,9845500,4
1581,1115,2,1,0,6,6,8094500,3
1559,968,3,3,0,28,6,8255500,4
2115,1657,1,2,0,3,4,10357500,2
2436,1697,4,1,0,20,7,12312000,3
3492,2449,3,3,0,14,3,17084000,2
3096,2302,3,2,1,17,6,15342000,4
3183,2594,1,3,0,1,10,15703500,3
3158,2156,5,3,0,26,5,16041000,2
2081,1299,2,2,1,13,3,10404500,4
2159,1570,1,1,1,9,2,10285500,4
3187,1964,5,1,1,4,1,16161500,3
2107,1704,1,1,1,11,8,10311500,4
2663,2364,4,1,0,9,1,13253500,1
2600,2073,1,3,1,25,5,12500000,2
2890,1972,1,1,0,28,5,13195000,2
2573,1684,4,1,1,17,1,12838500,4
1511,1012,2,3,1,27,9,8059500,4
1894,1262,5,3,0,5,5,10773000,1
3408,2365,3,2,0,27,9,16546000,3
2402,1511,2,3,1,21,6,12039000,4
3352,2911,1,2,0,11,7,15914000,4
2353,2036,3,2,1,23,7,11928500,4
714,560,4,1,1,27,2,4323000,4
2203,1362,2,1,0,0,5,10963500,2
1922,1616,5,1,0,6,2,10329000,4
2460,1521,2,3,0,11,4,12250000,2
3044,1923,2,3,1,6,3,15078000,4
3041,2121,3,1,0,8,6,14924500,3
1698,1238,4,1,0,19,5,8911000,1
1577,1113,4,3,1,14,1,8816500,3
2105,1367,2,2,0,22,2,10132500,4
1726,1093,4,2,0,11,7,9497000,4
896,768,3,1,0,12,9,5342000,4
2825,2002,3,1,0,21,1,13442500,3
2962,1971,5,1,1,3,4,15319000,4
1662,1240,4,2,0,9,3,9049000,3
858,524,5,1,1,27,5,5421000,2
2654,2070,1,2,1,23,5,12583000,1
2696,1818,3,3,0,2,10,14092000,1
2808,2188,2,3,1,23,10,14026000,3
2492,1954,3,3,0,28,2,12254000,2
775,653,1,1,1,4,5,4307500,3
1600,1070,2,3,0,3,4,8540000,2
2518,1860,4,2,1,18,1,12771000,4
3102,2756,4,2,1,14,1,15479000,2
2267,1854,3,2,1,29,1,11121500,2
875,781,2,1,1,27,8,4747500,2
3145,2761,2,1,1,25,3,14752500,1
1275,998,5,2,1,22,9,7797500,2
2423,1645,1,2,0,28,10,11543500,4
1651,1365,4,2,1,6,2,9159500,4
1956,1583,3,2,0,28,9,9992000,4
2703,2099,2,3,1,21,9,13543500,2
1146,927,4,2,0,2,4,6917000,3
1735,1360,3,1,1,24,4,8777500,3
2683,2027,4,1,1,29,4,13243500,4
2640,1913,3,1,1,26,1,12660000,1
1038,636,4,1,1,15,5,6171000,3
2352,2022,5,1,1,14,6,12454000,2
2215,1904,1,2,1,17,4,10677500,3
2449,1905,4,2,1,2,8,13130500,4
3242,2205,1,3,1,13,3,15529000,1
2200,1338,4,3,0,0,9,12150000,3
2263,1358,2,3,0,6,7,11613500,3
906,563,5,2,1,1,8,6507000,4
1218,862,5,3,0,9,7,7751000,1
1732,1137,1,2,1,23,9,8634000,1
1995,1355,2,1,0,24,2,9397500,4
3004,2432,3,2,1,15,4,14868000,2
2828,2510,5,2,0,11,2,14506000,3
1979,1310,2,1,0,26,8,9585500,2
2299,1700,2,1,1,29,2,10815500,3
2715,2436,1,1,0,17,8,12777500,3
2939,2584,2,3,1,5,6,14775500,2
3339,2356,2,3,1,26,7,16205500,4
780,542,3,3,0,16,6,4990000,4
3081,2072,1,1,1,7,9,14824500,3
2087,1349,1,3,0,20,4,10091500,4
1513,1116,2,1,0,8,1,7498500,3
2157,1514,3,1,0,18,9,10896500,4
2713,2234,4,1,0,1,10,14088500,3
1644,1103,5,3,0,6,8,9778000,4
2235,1834,1,3,0,10,1,10807500,1
3031,2080,3,1,1,22,10,14949500,2
2238,1740,3,3,0,12,6,11631000,1
2182,1727,2,2,0,9,10,11139000,2
2686,2152,5,3,0,14,4,14107000,2
1908,1245,1,1,1,20,2,8936000,3
1421,973,4,1,1,6,3,7974500,2
1201,809,2,1,1,27,9,6264500,1
2220,1715,1,2,0,5,5,10840000,1
1384,861,1,1,0,24,7,6598000,4
1811,1368,3,1,0,11,2,9129500,1
1270,795,5,3,1,2,8,8325000,4
1866,1308,4,2,1,15,3,9997000,2
1696,1366,5,3,1,19,1,9552000,1
3126,2262,3,1,0,8,8,15407000,2
2597,1776,4,1,0,9,9,13356500,1
3208,2517,4,2,1,29,8,16006000,1
700,575,2,1,0,12,1,3760000,4
3161,2138,4,2,1,7,7,16184500,2
2379,1641,1,3,1,25,7,11605500,1
775,613,5,2,1,5,4,5637500,3
837,744,5,3,0,27,8,5726500,2
1722,1143,2,1,1,2,5,8909000,2
2577,2051,4,3,1,11,4,13526500,2
3142,2739,3,3,0,8,5,15729000,4
2603,1922,1,3,0,8,2,12553500,3
2137,1485,2,2,1,10,4,10766500,2
1354,1083,4,3,0,5,10,8293000,1
2858,1741,3,2,0,1,8,14541000,1
1746,1236,4,2,0,6,7,9687000,4
2011,1362,2,2,0,8,8,10289500,1
739,493,3,1,1,24,7,4445500,2
1140,745,3,1,0,18,7,6220000,1
2014,1653,3,1,1,17,7,10323000,2
869,770,3,2,0,11,2,5090500,1
1635,1169,4,1,0,20,3,8507500,3
2490,1530,3,3,1,10,1,12705000,4
1105,901,4,2,0,9,2,6492500,4
1729,1316,3,1,0,28,10,8820500,3
2679,2188,3,2,1,22,6,13365500,3
2472,1963,2,1,1,2,2,12134000,4
1692,1474,4,3,1,11,1,9394000,3
1412,906,4,2,0,3,8,8294000,2
961,625,5,1,0,9,9,6294500,1
2056,1444,2,1,0,1,7,10382000,4
1528,1142,4,3,1,11,3,8756000,3
699,613,2,3,0,27,1,3855500,2
2281,1989,2,1,1,10,4,11214500,4
2656,2288,2,1,1,13,10,13142000,3
3344,2229,1,2,1,14,3,15768000,4
1652,1352,4,2,1,13,3,9074000,3
3109,2223,2,1,1,25,2,14540500,4
1520,1336,1,3,0,28,10,7680000,2
3037,2017,1,2,1,11,3,14446500,2
1231,790,3,1,1,28,5,6479500,1
1281,1092,3,3,1,1,4,7594500,4
2804,2285,4,3,1,22,1,14178000,1
2982,2524,3,1,0,1,1,14549000,4
2907,1881,4,1,0,0,1,14531500,3
2729,2361,1,2,0,19,10,13100500,3
1353,1086,1,1,1,14,9,6908500,1
2064,1641,4,2,0,29,9,10758000,4
1319,1021,3,3,0,21,9,7465500,1
674,559,3,2,1,9,10,4803000,2
1893,1371,4,1,1,25,4,9768500,1
2522,1613,5,2,1,19,4,13219000,1
3273,2493,3,3,1,0,10,16878500,3
661,544,2,3,1,0,7,4674500,1
1473,951,3,1,0,24,3,7398500,4
919,613,5,2,0,0,10,6535500,3
2749,2223,1,1,0,22,3,12580500,1
2052,1397,1,1,0,10,4,9734000,2
1473,958,1,3,0,27,6,7288500,1
2345,2032,3,2,1,27,1,11512500,1
2902,1881,1,1,0,11,3,13489000,1
2155,1515,5,3,0,14,5,11767500,3
3217,2343,5,1,0,13,4,16116500,4
711,528,3,2,0,22,8,4459500,2
1060,750,2,1,0,0,9,6020000,1
3355,2931,3,2,1,0,8,16947500,4
1486,1185,1,3,1,5,9,8087000,4
1715,1213,3,3,0,23,8,9157500,3
1675,1184,5,1,1,22,10,9447500,2
1119,840,3,3,0,21,1,6165500,3
1411,860,3,1,0,25,7,7299500,4
2883,2531,2,1,1,2,9,14333500,4
2524,1683,5,2,1,13,1,13198000,4
2204,1783,4,1,1,27,10,11428000,3
1526,1271,4,2,0,26,1,7997000,2
1156,980,5,1,0,22,10,6962000,1
3296,2141,4,2,0,5,2,16432000,3
2881,2192,1,3,1,7,5,14124500,4
1655,1034,4,1,1,19,8,9017500,3
1178,991,1,2,0,24,8,5921000,4
1141,851,5,1,1,14,10,7204500,1
2761,1787,4,2,1,16,4,14054500,1
2851,2325,4,2,0,27,7,14239500,2
1652,1155,1,1,1,28,7,7874000,4
3290,2087,1,1,1,22,9,15465000,2
1073,792,3,3,0,8,9,6618500,2
3344,2242,2,3,0,15,3,16098000,1
2900,2566,4,3,0,25,8,14750000,3
1504,1065,2,1,1,29,5,7388000,3
2545,1964,2,3,0,0,5,12902500,2
985,871,4,2,1,25,8,6082500,1
661,474,1,1,0,15,6,3474500,4
1114,788,3,2,0,18,10,6453000,3
1029,667,5,2,0,22,10,6590500,2
1179,1039,4,2,1,8,1,6945500,3
2160,1814,4,1,0,29,4,10740000,3
1764,1175,5,1,0,16,9,9768000,4
3390,2372,2,3,1,5,5,16755000,1
1923,1681,3,3,1,26,4,9983500,4
3322,2528,2,3,0,13,10,16389000,1
2958,2268,5,3,0,17,1,15121000,3
1070,850,5,2,0,20,9,6765000,2
2016,1670,3,1,1,13,8,10462000,4
2265,1997,5,3,1,22,3,12152500,1
2068,1738,5,2,0,29,9,11076000,3
1408,1239,3,1,0,6,1,7366000,1
771,652,4,1,0,9,4,4889500,1
3223,1978,2,1,0,15,5,15253500,1
630,400,4,2,1,6,4,4665000,3
646,559,4,3,1,27,4,4517000,2
729,443,2,1,1,19,9,4300500,2
2999,2513,4,2,0,27,5,14805500,2
1577,1348,3,1,0,5,1,8146500,1
2245,1626,2,2,1,26,7,11082500,3
2204,1557,1,3,0,25,6,10618000,1
657,432,4,3,1,5,9,5256500,2
1729,1062,5,1,0,6,4,9560500,2
3459,2848,2,3,0,24,10,16785500,3
1953,1214,1,3,0,21,6,9568500,1
1367,1207,5,2,1,27,10,8161500,4
1282,883,1,2,0,25,7,6319000,4
2608,2186,4,1,0,16,4,13016000,2
2933,1812,5,2,1,7,9,15558500,3
2390,1818,4,3,0,1,1,12585000,1
2077,1463,5,2,0,18,1,10936500,1
1485,904,2,3,1,27,3,7642500,2
996,793,3,1,0,20,9,5632000,2
2138,1887,3,3,1,21,5,11101000,1
2673,1612,1,2,0,6,1,12658500,1
912,621,5,2,0,11,5,6034000,2
2773,2249,4,2,1,19,6,14148500,1
2188,1884,2,2,0,2,4,11006000,4
1821,1196,2,1,1,24,7,9014500,2
1410,875,2,3,0,3,3,7635000,1
2835,1708,3,2,1,24,5,13977500,2
3345,2222,4,3,0,24,6,16672500,3
3457,2148,2,1,0,10,7,16506500,2
3363,2380,2,3,0,11,10,16613500,2
2632,1926,1,2,0,29,2,12064000,3
2107,1567,5,3,0,18,5,11471500,4
1049,674,5,2,1,18,7,6760500,1
3170,2343,5,2,0,28,7,15955000,3
2494,1503,1,1,1,29,3,11443000,2
1977,1328,3,1,1,10,8,10346500,1
3305,2348,1,3,0,12,1,15582500,3
1196,760,2,3,0,23,4,6322000,1
2747,2319,4,2,0,0,3,14111500,1
1215,802,2,2,1,5,4,6717500,3
1547,1278,2,2,0,21,9,7991500,1
2181,1618,4,2,0,24,8,11334500,4
1155,859,5,1,0,15,4,6797500,3
877,695,1,2,0,1,8,5026500,4
2613,1602,3,1,0,13,1,12648500,2
1090,679,2,3,0,23,8,6045000,1
854,596,2,3,1,22,10,5253000,2
3028,2195,3,1,0,17,2,14486000,2
1491,1086,1,2,1,16,6,7539500,1
1141,916,2,3,1,19,6,6404500,3
1887,1132,3,1,0,17,3,9401500,1
2233,1982,2,3,0,18,5,11138500,2
1424,928,5,2,1,29,2,7978000,2
1952,1316,5,1,0,14,8,10604000,3
880,767,2,3,0,1,8,5540000,1
1898,1141,2,2,0,29,5,9211000,2
1372,1231,5,1,0,24,7,7744000,4
3490,2131,2,1,1,3,8,16995000,2
3366,2141,1,1,1,0,4,15997000,2
927,622,1,1,1,7,2,4781500,3
2858,2090,4,3,0,19,5,14531000,4
3374,2549,1,1,1,13,7,15923000,2
1522,961,2,1,1,25,4,7499000,2
1151,716,2,1,1,10,4,6129500,4
2673,1629,3,1,0,26,4,12808500,1
2674,1810,1,1,0,23,9,12523000,1
1301,1140,5,2,0,23,9,7744500,2
2519,1806,5,3,0,24,10,13455500,2
3329,2760,4,2,0,13,8,16720500,1
3060,2010,3,3,1,27,8,15280000,3
766,474,5,1,1,15,7,5347000,4
768,588,4,3,0,9,1,5126000,4
828,701,1,1,0,6,8,4506000,3
2602,2262,3,1,1,15,4,12859000,3
966,737,3,2,1,3,1,5787000,3
1127,775,2,2,0,11,1,5901500,3
1390,879,1,2,0,11,3,6885000,3
1123,898,3,3,0,29,3,6123500,3
1695,1159,4,3,1,1,10,10057500,4
2268,1935,5,2,1,5,1,12206000,3
2753,2151,1,2,0,19,8,13108500,1
3379,2898,1,1,0,14,4,15625500,3
2508,1931,3,3,1,14,4,12856000,3
1905,1584,3,1,1,21,6,9702500,4
732,503,3,3,1,15,9,5094000,4
3181,2388,4,2,0,23,9,15904500,3
2916,1766,2,3,0,2,8,14682000,4
3320,2597,3,3,0,0,1,16490000,2
2242,1704,2,1,0,20,10,10989000,4
3438,2841,2,2,1,11,10,16901000,4
2488,2036,1,2,1,14,2,11866000,4
2370,1868,5,2,0,18,3,12355000,4
617,380,5,1,0,5,5,4626500,1
2377,2070,4,1,0,18,5,11986500,1
716,433,4,1,0,16,10,4802000,1
1397,1174,5,3,0,8,8,8626500,3
3198,2378,5,3,0,20,2,16191000,3
2311,1953,1,1,0,12,2,10759500,2
1352,999,1,1,0,14,8,6704000,1
3069,2437,5,2,0,15,1,15460500,3
1992,1412,3,3,0,12,9,10674000,4
3293,2710,3,3,1,1,2,16548500,4
3205,2167,1,2,1,1,5,15502500,1
2697,2200,2,2,1,10,3,13236500,2
1277,840,5,2,1,29,5,7466500,2
705,575,4,1,0,24,8,4492500,4
1257,864,3,1,1,27,8,6766500,2
2546,1740,2,1,1,15,6,12407000,1
2048,1727,3,1,1,16,9,10596000,4
1695,1430,2,1,1,25,7,8427500,3
1587,1281,5,3,1,2,2,9451500,3
3489,3060,5,3,0,27,1,17310500,2
2408,1557,5,3,1,28,8,12926000,4
2382,1621,1,2,1,28,1,11059000,4
1045,719,2,3,0,25,8,5802500,3
2548,1762,4,2,1,26,9,13146000,4
2717,1897,4,3,0,22,1,13636500,4
2597,2101,5,1,1,29,7,13306500,4
2797,1905,4,3,0,0,5,14636500,2
1373,941,3,1,0,17,8,7338500,4
2161,1666,2,1,0,13,4,10464500,1
2275,1496,2,3,1,21,2,11267500,2
1722,1221,2,3,1,8,7,9289000,4
1901,1173,3,1,0,27,7,9464500,4
2186,1936,1,2,0,8,8,10777000,1
2286,1589,3,2,0,11,9,11817000,2
1543,1319,2,3,0,23,6,7983500,3
1054,799,2,1,0,29,3,5113000,3
1727,1154,2,2,0,2,5,8981500,2
1545,1016,4,3,0,1,3,8882500,4
1200,970,1,3,0,0,10,6800000,4
3300,2935,3,1,0,26,9,15880000,3
1324,867,2,2,0,26,5,6688000,3
2880,1827,5,3,1,8,7,15400000,3
2017,1444,1,2,0,12,10,10036500,1
2124,1525,5,3,1,29,7,11578000,3
850,715,1,3,0,20,7,4675000,1
2144,1587,2,2,1,27,10,10758000,2
678,419,1,2,0,15,4,3651000,4
1497,1311,1,1,1,18,4,7226500,3
1380,982,2,1,0,9,3,6980000,4
825,660,5,1,0,25,4,5112500,4
1674,1339,5,1,0,26,9,9163000,3
1809,1115,4,2,1,4,5,10060500,3
1657,995,5,1,0,13,6,9196500,2
1402,878,5,2,0,26,4,7889000,1
1341,1189,1,3,0,14,1,6704500,1
2778,2328,4,2,1,27,7,14061000,4
3279,2097,2,1,1,2,7,16015500,3
3485,2733,2,2,0,8,6,16822500,2
3406,2668,3,2,0,28,4,16267000,2
1303,782,4,2,1,0,10,8113500,2
3144,2291,1,2,1,0,8,15398000,2
2026,1648,3,2,0,18,8,10457000,2
2970,1948,3,1,0,5,1,14415000,1
1214,1038,2,2,0,10,9,6713000,1
928,740,5,1,1,29,8,5846000,1
1995,1201,1,3,1,17,2,9787500,3
2083,1784,4,2,0,13,9,11163500,4
732,443,3,3,1,15,4,4844000,2
1434,1242,1,1,1,0,10,7603000,3
3298,2308,2,2,0,23,6,15681000,2
720,582,3,3,0,26,2,4320000,1
3253,2720,3,1,0,9,10,16058500,3
2075,1420,2,3,1,24,4,10407500,1
1564,1105,2,2,1,9,2,8108000,2
728,548,2,2,0,12,9,4486000,2
2198,1703,1,2,1,27,9,10651000,4
2676,1840,1,1,1,0,5,12942000,2
3369,3024,1,3,1,2,3,16320500,1
2147,1762,5,1,1,13,3,11401500,2
932,635,3,3,0,20,1,5344000,4
1753,1388,1,1,1,15,8,8638500,4
1916,1399,5,2,0,22,3,10232000,1
1796,1541,3,3,1,25,4,9432000,3
2029,1417,1,3,0,19,2,9750500,2
955,626,2,3,1,5,8,5947500,4
738,453,4,1,0,0,3,4871000,2
2126,1903,1,2,0,19,2,9987000,2
1797,1271,4,3,1,23,1,9626500,3
628,418,1,1,1,4,10,3896000,4
1530,1143,2,3,0,7,2,8045000,2
3143,2160,4,2,1,11,2,15773500,4
1613,1080,5,3,0,0,4,9558500,1
3302,2591,2,2,0,12,1,15669000,1
1427,888,4,1,0,25,1,7371500,2
950,715,4,1,0,8,6,5815000,4
3201,2292,2,2,1,19,5,15424500,2
2624,1993,2,2,1,24,1,12528000,4
898,625,2,1,1,23,6,4831000,4
2343,1806,3,2,1,7,8,12253500,3
2465,1539,5,2,1,12,5,13152500,3
1815,1293,1,3,0,27,3,8677500,3
2295,1540,4,1,1,1,3,12007500,2
2711,1982,1,1,1,14,2,12669500,3
1354,974,2,2,1,13,9,7433000,3
1369,1080,5,2,0,18,9,8150500,1
1838,1449,5,2,1,25,7,10171000,4
1433,1037,3,1,1,8,1,7588500,4
2813,1841,2,3,1,18,1,13698500,3
2506,1941,4,1,1,29,4,12447000,4
2164,1925,3,3,1,13,2,11228000,1
1818,1191,2,2,0,7,3,9191000,1
1105,685,3,1,1,4,2,6242500,3
1957,1329,1,3,1,29,1,9326500,1
3440,2490,2,1,1,6,3,16460000,4
3480,2407,4,3,0,3,7,17750000,2
2060,1751,4,3,1,7,10,11580000,4
2016,1507,2,1,1,3,9,10412000,2
3453,2326,3,2,0,20,10,16938500,3
1772,1568,5,1,1,29,9,9694000,2
1360,867,2,2,0,0,8,7520000,1
1432,912,4,3,1,25,6,8194000,4
2028,1366,1,3,0,7,1,9936000,2
882,549,4,1,0,6,8,5649000,4
978,807,5,1,0,10,8,6301000,3
797,552,4,2,0,20,9,5236500,3
1155,945,5,2,1,15,10,7447500,1
955,791,2,1,0,21,6,4977500,3
2163,1451,4,2,0,16,3,11163500,2
1640,1239,3,2,1,23,6,8670000,3
3286,2483,3,1,1,24,8,15957000,1
978,842,4,1,0,26,7,5631000,4
1279,777,4,3,0,4,8,7875500,4
3153,2191,1,3,1,25,3,14888500,3
2379,2057,4,1,0,6,8,12385500,2
1498,1005,1,3,1,9,5,7861000,1
675,432,1,2,1,12,7,3997500,2
830,641,1,1,0,19,4,4055000,1
2339,1618,1,3,1,14,3,11445500,3
1561,1155,2,1,1,5,6,8174500,1
2949,2494,3,3,0,1,9,15200500,1
3373,2550,1,1,1,3,4,15968500,3
2862,2160,3,2,1,20,9,14379000,2
2716,1856,1,3,0,13,3,13012000,3
992,831,3,1,1,24,6,5534000,1
1708,1403,4,2,1,28,5,9126000,3
866,580,4,3,0,24,9,5667000,1
1692,1177,3,3,1,23,6,9104000,3
1210,1012,1,1,1,28,2,5635000,4
1970,1393,2,2,1,14,4,9935000,4
1608,1159,3,1,1,27,5,8196000,3
1561,1107,5,3,0,13,9,9314500,2
3375,2188,2,1,1,3,1,16127500,1
1272,893,5,1,0,5,9,7774000,4
3070,2581,3,2,1,6,10,15645000,2
2300,1718,1,2,0,12,1,10860000,1
2762,2036,5,3,1,16,1,14409000,4
2867,1854,3,2,0,28,4,13841500,4
630,411,2,1,0,16,6,3615000,3
1966,1204,1,3,1,3,2,9937000,1
2000,1208,5,2,1,18,1,10740000,2
1753,1308,3,1,0,25,4,8688500,2
1216,878,1,1,0,19,8,5992000,2
1138,776,1,3,0,12,6,6081000,1
3386,3037,4,3,0,28,5,16727000,2
1470,1057,1,2,0,8,1,7205000,2
700,585,3,2,0,1,3,4580000,2
2012,1334,2,2,1,29,7,9974000,3
3339,2250,4,2,1,19,10,16895500,3
1540,1186,3,3,0,22,3,8140000,1
940,565,3,1,0,17,5,5240000,1
1643,994,3,1,1,23,6,8483500,2
637,409,5,2,0,25,9,4716500,3
1259,839,5,3,0,19,3,7535500,4
2633,1996,2,2,1,24,6,12818500,4
2160,1740,3,2,1,29,2,10690000,2
2256,1564,5,3,0,16,9,12382000,2
1649,1107,5,1,1,6,9,9600500,3
1053,891,5,1,0,16,7,6468500,3
2304,1494,2,2,1,26,9,11448000,3
1946,1563,2,3,0,9,4,9977000,1
3384,2975,3,1,0,26,10,16308000,1
1418,949,4,1,0,24,1,7351000,2
1372,858,3,3,0,13,1,7464000,1
612,547,5,3,1,27,2,4564000,3
1520,1035,5,1,1,25,10,8690000,3
1424,972,1,2,1,11,3,7188000,1
3018,2248,3,2,0,28,2,14421000,4
1914,1281,5,1,1,25,4,10163000,2
2979,2674,5,2,0,11,8,15485500,4
2908,1782,4,2,0,16,3,14516000,2
2617,1924,1,3,1,18,4,12666500,4
1828,1397,3,3,1,27,2,9436000,1
1296,959,2,3,0,22,1,6642000,2
3334,2521,3,2,0,13,8,16443000,2
1549,1388,3,3,1,28,7,8410500,2
3034,2618,4,3,1,16,10,15783000,3
3468,2401,3,1,1,14,2,16676000,3
3115,2384,4,3,1,20,8,15967500,4
2038,1222,4,1,1,5,10,11121000,1
668,482,5,2,0,29,3,4476000,3
2381,1545,2,3,0,18,7,11904500,2
2847,2315,4,1,0,28,1,13701500,3
2863,1907,1,1,1,21,3,13263500,1
2569,2118,1,1,0,19,9,12130500,3
811,562,2,2,1,5,4,4899500,2
1107,971,4,3,1,5,1,6881500,4
2663,1953,2,2,1,3,6,13373500,2
2121,1806,5,1,0,0,1,11294500,1
931,734,1,2,0,18,10,5029500,4
3364,3004,3,2,0,10,1,16288000,3
1150,946,1,1,0,25,2,5275000,3
2224,1819,4,3,1,6,3,11988000,3
1541,1047,2,3,1,1,2,8364500,4
2903,2181,1,2,0,3,8,14103500,2
1327,911,3,3,0,5,6,7671500,4
1479,895,3,1,1,4,1,7875500,4
3462,2815,2,3,0,29,6,16499000,1
1248,837,2,2,0,21,1,6246000,4
1599,1149,1,1,1,20,9,7895500,3
2121,1453,4,1,0,8,3,10934500,2
3118,2057,5,1,0,10,1,15581000,2
3337,2069,3,2,0,27,1,15826500,2
2212,1551,2,2,1,28,2,10644000,3
3347,2090,5,3,0,17,6,17121500,3
3154,2403,5,2,0,19,1,15763000,3
1609,974,5,1,1,16,7,9120500,3
2150,1896,4,2,1,27,4,11085000,3
1403,1248,2,2,1,12,7,7573500,4
3478,2404,3,3,1,22,4,17061000,3
813,551,2,1,1,16,4,4488500,3
768,484,1,3,1,21,4,4286000,3
1577,1374,3,3,1,25,10,8746500,3
1928,1496,2,3,0,9,10,10196000,2
745,583,3,1,1,28,8,4442500,3
2398,2083,1,3,1,24,2,11461000,4
1115,973,3,1,1,17,8,6327500,4
1052,892,5,3,0,16,10,7014000,4
659,548,4,3,0,11,1,4595500,1
1127,972,1,1,1,14,7,5791500,2
1623,1400,3,2,1,26,7,8583500,3
3121,2217,1,3,1,26,6,14874500,1
2164,1930,5,2,0,26,4,11318000,3
3404,2766,4,3,1,25,5,17018000,1
3429,2438,1,2,0,28,1,15620500,1
1702,1246,5,2,0,18,2,9299000,4
1032,831,5,2,1,21,10,6774000,4
1776,1257,5,2,0,14,7,9962000,1
1000,847,3,2,1,12,2,5810000,4
2704,1742,2,1,0,6,8,13248000,1
2833,2471,1,2,0,10,7,13598500,2
3045,2102,2,1,0,7,10,14862500,4
1204,777,5,3,1,19,8,7688000,4
3435,2945,2,1,0,15,4,16157500,4
2805,1884,5,2,0,23,1,14112500,2
2410,2055,5,1,1,22,7,12605000,1
2063,1421,4,2,0,10,1,10733500,3
3236,2848,4,1,0,23,7,15852000,4
3113,2072,2,3,1,4,9,15728500,1
3093,1920,1,2,1,25,5,14518500,2
2373,2090,2,2,1,6,2,11808500,3
3448,2240,1,1,0,15,1,15766000,4
2153,1901,2,1,0,29,8,10308500,2
1696,1436,3,1,0,15,4,8632000,2
1528,954,3,1,0,19,8,7996000,3
2551,1871,1,1,0,28,2,11519500,1
2573,1600,4,2,1,16,3,13158500,4
2664,1861,1,3,0,18,3,12678000,4
2154,1519,2,1,1,27,4,10303000,1
3378,2634,5,2,0,25,9,17051000,1
925,825,3,3,0,14,9,5832500,1
1594,1037,5,3,1,24,5,9193000,3
1212,846,3,1,0,14,7,6624000,3
3193,2478,2,2,0,26,9,15298500,4
1195,778,3,2,1,19,1,6497500,3
1520,1236,1,2,1,29,2,7210000,2
1441,1039,5,2,0,20,6,8284500,4
1825,1614,5,2,1,14,3,10132500,3
943,743,2,3,0,2,7,5753500,1
2476,1755,5,3,1,11,5,13422000,2
1458,1189,2,3,0,26,10,7741000,1
2023,1722,4,2,1,5,8,11153500,4
1044,877,1,3,1,19,1,5418000,1
2388,1621,3,3,0,4,9,12616000,3
821,595,3,1,1,10,10,5244500,3
1191,876,3,3,1,22,6,6869500,4
1630,1167,4,1,1,11,5,8915000,1
1895,1313,1,2,0,6,8,9507500,4
1617,1335,5,2,1,8,4,9366500,1
2663,1607,5,2,1,17,9,14143500,2
2047,1408,1,2,1,13,5,10051500,3
2645,1699,1,3,0,3,1,12792500,4
1123,717,3,1,0,7,8,6413500,2
3450,2356,5,2,1,15,9,17725000,2
2668,2210,1,2,0,3,5,12896000,4
2875,2561,5,1,1,27,5,14497500,4
2408,1816,1,1,0,18,6,11276000,2
1911,1340,2,1,1,29,9,9419500,1
3456,2933,3,1,0,25,5,16402000,2
1906,1181,1,1,1,5,2,9227000,4
3051,1915,4,3,1,18,3,15469500,2
1689,1188,1,1,0,14,10,8320500,1
2272,1668,2,3,1,11,3,11504000,3
1036,869,4,1,1,29,9,6082000,3
1428,1253,4,1,1,11,8,8156000,2
858,651,1,2,0,1,6,4841000,1
2603,1948,2,2,1,8,5,12953500,3
2589,1718,4,2,1,2,10,13860500,2
702,516,3,2,1,0,2,4709000,2
1592,1396,3,2,0,13,9,8654000,1
1368,982,5,2,1,27,10,8166000,4
1724,1143,5,1,0,27,8,9318000,2
1821,1276,2,1,1,12,5,9154500,4
3460,2610,4,2,0,28,6,16910000,4
2873,2239,3,2,0,24,9,14198500,3
3110,2269,3,2,0,4,1,15265000,4
836,691,2,1,1,6,4,4792000,1
1744,1352,4,2,0,13,5,9438000,3
3153,2520,2,2,0,15,9,15338500,3
3461,2972,1,1,0,17,5,15984500,3
1366,1174,3,1,0,13,5,7237000,2
3281,2168,2,3,0,0,3,16114500,2
1590,1251,2,2,0,5,8,8455000,4
3265,2660,1,1,0,28,7,14982500,3
2359,1518,5,3,0,20,8,12715500,3
2920,2490,3,1,0,9,4,14260000,1
2879,1883,2,3,1,5,8,14605500,4
3415,2867,3,3,0,1,10,17347500,1
1095,710,5,2,0,6,4,6907500,4
1647,1354,2,2,0,16,1,8141500,4
2326,1498,1,3,0,26,4,11047000,2
3149,2247,3,2,0,23,5,15260500,2
2672,1718,1,1,0,13,10,12764000,1
2935,1999,5,1,0,22,8,14867500,4
937,838,5,3,1,6,10,6846500,3
2537,1604,3,3,1,21,6,12946500,2
2417,1744,5,1,1,25,10,12726500,3
736,591,4,1,0,20,5,4562000,1
3155,1982,3,3,0,8,3,15687500,2
2874,1818,4,1,1,18,4,14323000,2
919,590,5,1,1,29,6,5705500,4
2463,1954,3,3,0,24,6,12403500,1
1515,1322,4,2,0,20,6,8317500,4
1805,1530,5,1,1,23,2,9612500,2
2497,2234,2,2,1,10,8,12586500,1
2733,2113,2,2,1,2,8,13808500,2
1525,1354,1,1,1,22,6,7372500,1
2700,1866,2,2,0,25,4,12850000,2
1858,1349,4,3,1,3,2,10351000,3
2582,1855,2,1,1,4,6,12789000,3
1032,633,3,1,0,3,6,5984000,4
1598,1356,3,2,1,12,10,8901000,3
2747,1668,3,1,1,8,3,13601500,2
1589,1301,2,1,1,27,2,7660500,2
1198,865,2,2,0,22,4,6151000,3
3050,1835,1,2,0,13,8,14565000,4
995,683,5,1,1,15,5,6277500,3
1014,713,1,1,0,21,3,4793000,1
1538,1367,4,3,0,5,5,8871000,1
2236,1785,3,3,1,26,9,11642000,1
3324,2536,2,1,0,9,8,15978000,3
3110,1984,5,1,1,22,10,15905000,3
1140,817,5,3,0,20,7,7180000,3
2249,1373,2,2,1,25,4,10970500,1
2545,2108,1,1,0,12,2,11812500,4
683,443,5,3,0,29,9,5043500,2
870,677,1,3,1,2,3,5075000,3
2891,2341,2,1,1,26,6,13739500,4
987,700,1,1,1,10,7,5241500,2
813,642,3,3,1,2,3,5418500,2
3465,2873,2,1,0,6,3,16422500,2
658,431,2,2,0,26,3,3591000,4
2225,1736,5,1,1,29,3,11432500,4
1442,1182,5,3,0,9,3,8559000,1
2127,1504,5,3,1,0,7,12171500,4
2329,1510,3,1,0,3,5,11770500,4
722,495,3,3,1,25,4,4599000,4
2036,1791,4,2,0,29,6,10482000,2
1762,1246,2,1,1,7,8,9139000,3
3086,1951,5,1,0,19,2,15307000,1
1161,725,2,3,0,16,3,6254500,3
2765,1808,1,2,1,4,2,13312500,3
2337,1491,3,1,0,16,7,11646500,4
1504,1125,4,3,0,8,2,8508000,1
994,700,1,1,1,7,5,5233000,3
2326,1982,2,2,1,29,10,11537000,3
2316,2001,3,3,1,6,9,12402000,1
1534,1138,5,1,1,4,8,9073000,4
1701,1474,1,3,0,3,8,8894500,3
2035,1496,3,3,1,22,3,10517500,2
674,534,2,2,1,2,1,4193000,3
894,579,2,2,1,7,2,5133000,2
620,381,1,1,0,4,7,3560000,4
1638,1061,1,3,0,4,4,8391000,3
1834,1238,1,3,0,16,10,9333000,1
1159,956,4,3,0,28,5,6705500,1
1709,1114,5,1,1,14,1,9310500,3
1772,1132,3,2,0,25,2,8874000,4
971,852,2,2,0,26,9,5299500,4
2627,2119,2,3,1,7,6,13331500,1
1417,1051,5,1,1,6,7,8456500,3
1774,1114,1,3,0,16,5,8813000,4
1764,1509,1,2,1,11,9,9018000,1
1692,1070,2,3,0,27,10,8774000,2
1883,1474,5,3,0,3,5,10763500,3
2611,2089,2,3,0,19,6,12869500,2
1445,1040,1,2,1,27,10,7312500,2
2591,2262,3,1,1,24,9,12879500,4
1120,689,1,3,0,25,5,5690000,4
970,820,3,2,0,17,4,5525000,4
2042,1564,4,3,1,3,5,11329000,3
700,548,5,1,0,9,5,4920000,2
1260,1129,4,3,1,2,5,7830000,3
2281,1767,1,1,1,25,1,10464500,4
842,706,5,2,1,4,5,6009000,2
3400,2196,1,1,1,11,5,15980000,3
1111,936,5,1,0,22,1,6309500,3
3496,2895,5,2,1,4,4,17902000,1
3202,2851,1,1,1,4,8,15379000,3
2873,2530,1,1,1,3,4,13718500,4
2141,1422,5,2,0,29,7,11304500,3
2861,2115,5,1,0,24,6,14394500,2
3365,2939,1,1,0,5,5,15792500,3
2714,2150,1,3,0,9,9,13383000,1
995,735,2,1,0,5,8,5577500,2
1211,766,2,1,1,26,5,6129500,2
1860,1312,2,1,0,21,10,9250000,1
2457,1964,4,2,0,21,7,12586500,4
1369,1140,5,1,1,0,9,8460500,2
2022,1484,3,2,0,15,7,10449000,4
1006,620,4,2,0,10,3,6077000,2
2472,1952,5,1,1,5,10,13374000,2
2103,1843,3,1,0,19,5,10433500,4
3294,2466,2,1,0,17,9,15733000,2
2869,2520,3,1,1,5,9,14510500,4
1779,1256,1,1,0,16,8,8585500,1
1253,1084,1,1,0,11,6,6218500,4
3075,2570,5,1,1,16,7,15717500,1
1781,1582,4,2,0,20,7,9564500,2
1576,1319,2,3,0,21,1,7922000,4
2039,1420,5,2,0,17,8,11135500,2
3018,2626,2,1,0,9,6,14501000,4
1967,1575,1,3,0,23,7,9641500,1
3497,2268,4,3,1,19,10,17806500,1
828,508,4,1,0,11,10,5406000,4
2927,2077,1,1,1,3,2,13861500,1
2493,2084,3,2,0,9,7,12688500,2
1913,1502,4,3,0,29,8,10228500,2
1670,1266,3,3,1,4,5,9335000,3
1574,946,2,1,1,25,1,7583000,1
2338,1708,4,1,1,3,6,12311000,2
1357,878,1,3,0,26,3,6636500,4
920,677,3,3,0,29,5,5310000,1
2921,2621,2,1,1,15,9,14244500,2
1155,997,2,1,0,4,7,6267500,1
1443,1000,4,1,0,25,8,7793500,4
1936,1506,4,2,0,18,6,10252000,2
1986,1490,5,2,0,23,9,10827000,3
1267,809,5,1,0,5,3,7451500,3
3027,2715,4,2,1,23,1,14961500,1
3358,2443,5,3,0,20,10,17311000,4
2542,1910,1,3,1,6,4,12569000,2
2604,2068,1,1,0,9,8,12438000,4
2530,1663,5,3,0,6,6,13665000,2
1345,896,4,3,0,21,7,7782500,1
1274,837,1,3,0,13,9,6823000,2
2763,1976,2,3,1,27,2,13343500,4
3252,2146,4,3,0,9,7,16604000,4
1665,1461,3,2,0,29,4,8412500,1
3026,2464,3,2,1,28,7,14857000,4
3113,2706,4,1,0,19,8,15428500,2
2927,2501,5,3,0,21,2,14951500,1
1217,986,1,2,0,24,7,6046500,2
2765,1860,1,2,1,10,8,13492500,4
2956,2319,4,2,0,13,1,14692000,1
2747,1801,2,3,1,11,10,13991500,2
2908,1860,5,2,1,3,5,15326000,4
1592,1257,2,1,0,12,9,8174000,4
1928,1518,4,1,0,21,2,9756000,3
1977,1279,4,3,0,21,6,10576500,4
885,624,2,1,0,28,2,4322500,2
2975,1844,3,2,1,2,3,14947500,1
2710,2207,4,3,0,12,6,14055000,3
1286,1152,5,1,0,19,5,7357000,4
1905,1565,2,3,0,18,4,9612500,4
2064,1761,3,2,1,14,7,10808000,4
1337,993,2,1,0,18,3,6606500,2
3286,2065,3,2,0,25,10,16087000,3
2558,2092,3,1,0,27,7,12421000,2
2494,1688,5,3,0,19,9,13393000,3
3123,2237,4,1,0,28,2,14993500,1
2085,1690,3,1,0,3,5,10672500,2
2700,2352,4,1,0,5,1,13500000,2
3401,2536,5,3,1,28,7,17344500,1
1085,964,4,1,1,14,2,6252500,3
2113,1597,1,2,0,3,5,10398500,4
2601,1656,3,3,0,5,1,13154500,1
1987,1501,5,3,0,1,1,11071500,4
3056,2622,2,2,1,3,4,15042000,4
1630,1241,5,3,0,17,7,9445000,1
2365,1949,3,1,0,14,7,11812500,3
1267,968,5,3,1,11,8,8131500,4
1820,1390,2,2,1,7,9,9650000,1
1434,982,1,3,0,11,4,7333000,2
1475,974,3,2,0,8,2,7877500,2
3014,2060,3,3,1,6,10,15593000,2
1601,1172,5,2,1,21,10,9334500,1
849,715,4,3,1,7,3,5780500,2
2539,2154,4,1,1,19,9,13045500,4
2218,1439,2,2,0,9,8,11201000,2
1863,1426,1,2,0,10,6,9183500,2
3027,2193,1,3,1,1,3,14801500,4
1471,1134,5,3,0,29,10,8639500,2
1434,1139,5,3,0,3,8,8893000,4
3422,2340,4,1,1,20,2,16649000,2
1518,1329,1,3,1,24,4,7601000,4
2324,2046,1,2,1,20,4,11108000,2
3102,1959,1,3,0,24,9,14829000,4
3013,2443,2,1,0,8,8,14598500,1
1913,1166,2,3,0,7,7,10018500,4
2497,1533,5,3,1,4,4,13606500,2
1002,889,4,2,0,13,7,6199000,2
2705,2186,3,3,1,27,1,13332500,3
3168,2209,4,1,0,1,8,16036000,4
1927,1543,2,3,1,20,8,10021500,1
1738,1483,2,3,0,26,9,8951000,4
809,696,5,2,0,16,9,5670500,4
1664,1008,3,3,1,7,1,9048000,1
1415,1196,1,2,1,1,10,7697500,4
2820,2413,3,2,0,22,7,13900000,1
833,648,3,3,0,14,1,5018500,1
1392,1035,3,2,1,26,6,7494000,4
2507,1587,5,2,0,1,5,13411500,4
2213,1486,2,3,0,27,2,10718500,2
3440,2570,1,3,1,10,3,16480000,2
2766,2377,3,1,1,13,8,13837000,3
934,785,1,1,0,29,2,4223000,3
1959,1466,3,2,1,20,4,10065500,4
2239,1871,2,2,0,9,3,11045500,1
1697,1408,1,3,0,6,7,8766500,3
1814,1403,4,1,1,21,8,9693000,4
923,614,2,1,0,13,4,4893500,3
2390,1683,1,3,0,12,6,11715000,1
883,573,3,3,0,20,3,5223500,4
812,488,3,3,0,21,7,5084000,1
2258,1409,2,3,0,1,8,11741000,4
2341,1938,2,1,1,9,7,11654500,3
1528,932,3,3,1,0,4,8726000,2
1351,972,1,3,0,0,10,7479500,3
2017,1806,4,1,0,23,9,10466500,3
2986,2503,5,3,1,2,10,16147000,2
2421,1997,2,1,0,10,8,11894500,2
1645,1122,3,1,1,18,6,8592500,4
2394,1897,1,3,1,8,2,11763000,4
2492,1868,2,3,1,12,10,12824000,1
704,554,1,2,0,21,7,3798000,1
2089,1526,2,2,0,3,9,10790500,3
2082,1580,3,1,0,19,9,10539000,2
2055,1842,1,1,0,22,9,9757500,1
1369,956,3,2,1,5,9,7960500,3
3363,2236,1,1,0,1,6,15913500,2
3410,2504,2,2,0,8,1,16235000,4
2559,1937,5,3,0,17,6,13575500,3
2627,1643,5,3,1,23,5,13861500,4
978,823,4,3,0,3,7,6491000,1
1312,953,4,1,1,25,8,7354000,1
1972,1427,3,3,0,0,1,10424000,2
824,657,1,1,0,0,10,4708000,3
2337,1944,4,3,0,24,4,12036500,4
1337,1197,2,1,0,19,4,6636500,2
835,544,5,1,0,16,1,5187500,1
782,550,1,2,1,18,4,4209000,1
1311,852,5,2,0,2,7,8109500,3
2492,2153,1,2,1,22,6,11924000,4
3091,2363,4,1,0,21,4,15089500,3
2488,2129,4,2,0,23,2,12436000,4
1222,1094,3,2,1,22,7,6859000,4
1859,1422,1,2,0,16,8,9145500,3
1750,1112,2,1,1,2,9,9235000,2
1348,954,4,1,1,24,9,7586000,3
2802,1711,3,2,0,3,4,14049000,3
2904,2482,4,2,0,26,3,14298000,1
2882,1744,5,1,0,27,5,14379000,1
3147,2447,4,1,0,26,6,15341500,3
2936,1855,1,2,0,28,8,13752000,3
1109,667,3,2,1,12,3,6350500,1
2175,1472,1,2,1,29,6,10357500,4
2423,1854,2,1,0,29,5,11373500,3
3356,2089,2,2,0,29,7,15872000,2
1384,1085,4,1,1,14,9,7948000,2
3423,2743,3,3,1,11,7,17183500,2
2945,2623,3,2,1,2,6,14962500,3
736,640,3,3,0,20,9,4862000,4
3023,2327,3,1,0,7,10,15063500,4
2734,2291,4,3,1,0,4,14453000,1
2377,1685,1,2,1,17,1,11256500,3
1822,1413,4,3,0,12,8,10159000,4
3084,2223,1,3,1,6,6,15108000,3
1933,1355,5,3,0,12,6,10858500,1
2377,1945,5,1,1,16,5,12476500,1
1904,1311,1,2,0,12,10,9528000,1
1363,973,4,1,1,28,3,7273500,2
1301,923,2,3,1,12,6,7264500,3
751,646,4,3,1,29,1,4799500,1
1925,1253,2,1,1,29,7,9382500,3
1901,1358,4,1,0,10,6,10054500,2
2311,2002,3,3,1,13,5,12039500,2
1631,986,3,2,0,20,3,8389500,1
1406,1243,5,1,1,9,8,8397000,1
834,725,5,3,1,7,4,6063000,4
3322,2409,1,3,0,5,9,16199000,3
1160,923,2,2,1,18,9,6460000,1
1925,1727,3,3,1,22,5,10122500,4
637,488,4,1,0,18,7,4256500,3
1759,1106,1,3,1,11,6,9045500,1
3469,2969,4,3,1,20,6,17460500,4
1020,653,3,3,1,6,4,6320000,4
1842,1247,3,3,0,17,10,9949000,3
947,816,3,2,1,25,8,5611500,4
2431,1645,3,1,0,19,10,12159500,3
2169,1786,4,3,0,17,3,11370500,3
3395,2492,1,1,0,22,5,15587500,3
2518,2084,3,2,0,2,1,12641000,2
2920,1955,5,1,1,8,1,14880000,4
2501,1815,1,2,1,26,9,12034500,3
2955,2055,5,1,0,5,4,15097500,1
1997,1347,4,1,1,0,9,10986500,2
3380,2346,3,3,1,9,7,17030000,2
2424,1689,1,1,1,7,10,11918000,4
3091,2740,3,3,1,28,8,15399500,3
1828,1389,3,3,1,22,9,9886000,4
1004,741,1,1,1,16,1,4898000,2
2321,1743,3,3,0,2,7,12254500,3
1820,1635,3,1,1,2,8,9800000,1
3425,2726,2,3,0,29,2,16132500,3
714,579,2,3,1,2,10,5023000,2
2276,1579,1,2,0,6,9,11272000,1
664,492,1,2,1,21,1,3468000,3
1899,1244,3,1,0,10,3,9595500,1
1424,1147,5,3,0,27,9,8418000,1
2886,2029,1,2,1,17,1,13547000,2
2949,2431,3,2,1,4,4,14840500,1
2015,1337,5,2,0,21,10,11047500,4
1568,1130,2,3,1,27,6,8166000,2
968,717,1,1,1,1,6,5286000,4
832,540,3,3,1,13,4,5334000,1
2842,1764,2,3,1,0,10,14639000,4
1506,1046,4,2,0,3,10,8817000,3
1520,1160,2,3,1,13,10,8430000,1
1288,1024,3,3,1,14,10,7666000,3
776,564,5,2,1,27,1,5052000,4
2864,2148,4,2,1,19,5,14508000,3
1634,1246,4,3,0,19,5,9023000,1
2069,1559,4,2,1,16,3,10890500,3
1229,770,1,1,1,2,3,6290500,4
763,550,3,1,1,22,4,4443500,4
2700,1785,4,1,0,3,3,13640000,4
2865,2177,2,1,1,17,3,13652500,1
1423,1177,5,1,0,23,3,7793500,4
3032,2346,3,2,1,26,7,14924000,1
655,436,2,2,1,0,9,4547500,3
717,474,1,1,0,28,1,3216500,4
1397,853,4,1,0,24,8,7606500,3
1379,1003,2,1,1,4,10,7575500,2
3450,2518,3,2,1,17,1,16685000,3
3492,2342,2,2,1,12,9,17074000,2
2038,1690,1,3,1,13,8,10361000,3
2493,1784,5,3,1,19,6,13388500,1
1307,1046,4,3,0,2,6,7941500,3
1703,1348,3,3,1,22,10,9373500,1
621,485,4,2,0,5,7,4644500,1
2100,1832,4,2,0,26,8,10930000,4
1442,872,4,2,1,27,7,8049000,1
2360,1464,2,2,1,10,1,11620000,2
1716,1401,2,1,0,8,10,8862000,4
791,558,5,3,0,19,4,5479500,4
1618,1449,1,2,1,27,4,7791000,3
1726,1147,3,2,0,18,9,9157000,1
995,651,2,3,0,6,9,6007500,1
3287,2552,4,2,0,21,3,16121500,2
1618,1106,1,1,1,20,9,7981000,3
1166,818,3,2,1,9,5,6767000,3
830,727,3,3,0,6,6,5415000,4
1473,895,3,1,0,4,7,7998500,4
3221,2445,3,1,1,24,3,15414500,4
839,587,5,3,1,27,4,5685500,2
689,484,3,3,0,3,5,4790500,2
2879,1941,1,1,1,16,1,13335500,4
1056,676,2,2,1,25,8,5802000,3
2880,1757,1,3,1,27,7,13820000,2
953,854,4,1,1,4,2,5858500,3
1604,1280,5,3,1,16,7,9498000,3
1956,1629,5,2,0,27,9,10612000,1
1038,643,4,2,0,28,5,5961000,4
1998,1207,1,1,1,16,6,9621000,1
944,736,1,2,1,16,5,5028000,4
3311,2705,4,2,1,0,1,16699500,4
1256,902,3,2,1,23,6,6942000,3
2777,1989,3,3,0,1,7,14326500,4
2788,1994,2,1,0,24,5,13116000,3
3062,1977,1,1,1,22,3,14139000,3
1716,1417,1,1,1,29,6,8092000,4
1225,814,4,2,1,26,7,7092500,3
883,615,4,3,1,18,10,6063500,3
2579,2066,3,1,1,8,10,13195500,3
2278,1366,1,3,0,19,9,11221000,2
822,682,1,1,0,22,7,4109000,3
1343,1168,5,2,1,14,3,7963500,2
1062,653,2,1,1,18,1,5419000,2
2168,1685,2,1,0,4,7,10826000,3
2305,1665,3,2,0,12,8,11832500,3
1763,1099,1,2,0,3,1,8623500,2
3004,2417,5,1,1,12,5,15378000,2
2336,1830,1,3,0,5,8,11712000,3
1646,1304,4,2,1,11,10,9437000,3
1264,1066,3,1,1,28,7,6728000,4
1956,1341,2,2,0,8,2,9742000,2
1614,1296,1,3,1,14,4,8233000,2
2732,2248,3,1,0,20,6,13294000,4
3268,2126,2,1,1,14,7,15726000,2
1654,1467,1,3,0,16,7,8373000,1
2364,1659,5,3,0,28,3,12328000,2
2887,2350,3,1,0,4,8,14411500,4
2513,2076,1,3,0,4,7,12478500,1
962,722,2,3,1,24,4,5399000,3
3469,2215,2,1,0,23,10,16450500,4
2012,1373,5,2,0,4,4,11074000,4
1267,849,3,3,0,20,4,7001500,3
2480,1873,3,2,0,13,5,12450000,4
1994,1352,1,2,1,1,2,9903000,2
698,533,2,2,0,8,9,4431000,3
2694,1849,2,3,1,13,6,13513000,4
3486,2092,5,1,1,26,8,17417000,3
1021,723,5,1,1,14,1,6214500,3
2103,1644,3,1,0,3,6,10803500,3
661,550,2,1,1,22,6,3784500,1
1732,1053,1,1,0,25,8,8194000,4
2302,1559,4,1,0,5,1,11709000,1
1197,1072,1,2,0,13,5,6076500,4
991,672,5,2,1,4,3,6579500,2
1675,1395,1,2,0,26,6,8017500,2
3250,2446,2,3,1,10,9,16225000,2
1912,1217,3,3,1,20,10,10354000,4
2629,2084,4,3,1,13,3,13670500,3
2984,2655,3,1,1,6,9,15008000,3
1409,1220,4,2,0,13,9,8130500,1
2005,1618,4,3,0,12,1,10632500,1
3399,2561,2,2,0,17,2,16055500,2
1759,1223,2,1,0,24,4,8435500,1
2131,1506,5,2,0,1,7,11819500,4
1985,1397,5,1,1,8,2,10722500,4
1480,1297,4,3,1,10,7,8760000,1
2199,1458,5,1,1,19,5,11615500,1
3282,2341,2,1,0,28,10,15509000,1
853,622,5,2,1,25,7,5738500,1
2667,1927,4,1,0,10,9,13651500,2
3175,1908,3,3,1,25,9,15887500,2
1768,1204,1,3,1,5,3,9056000,1
1831,1372,5,1,1,0,3,10239500,4
3023,2503,2,2,0,4,7,14873500,2
765,589,3,3,0,21,5,4772500,4
2173,1554,2,3,0,24,5,10748500,3
1216,972,5,1,0,13,5,7162000,4
3259,2606,4,1,1,24,9,16185500,1
2225,1500,1,3,0,15,4,10812500,3
1102,695,1,1,0,8,6,5599000,2
1512,1271,3,1,1,29,6,7774000,2
2726,2068,1,3,1,18,7,13307000,3
1184,773,4,2,1,28,2,6618000,4
2558,1735,2,2,0,19,6,12431000,2
3335,2767,4,3,1,7,9,17267500,1
995,792,3,1,1,7,3,5737500,3
2231,1971,3,3,0,15,2,11339500,1
2480,1833,1,3,1,17,8,12270000,3
1001,616,4,1,0,7,1,5814500,2
1574,1275,2,2,0,22,8,8043000,4
823,556,4,2,0,8,5,5393500,3
1117,778,2,1,1,4,9,6346500,3
3281,2162,2,3,1,1,9,16544500,1
835,578,4,1,1,20,4,5107500,2
715,606,5,3,0,13,1,5107500,1
825,637,4,1,1,17,5,5172500,2
2877,1820,2,1,0,12,7,13856500,1
781,606,3,2,1,11,9,5194500,3
1941,1533,3,2,0,14,10,10254500,1
809,700,1,1,0,20,9,4190500,4
2015,1728,3,1,0,14,9,10337500,2
2743,1697,5,2,0,28,6,13983500,2
1493,1283,2,3,0,24,2,7538500,3
2481,1526,4,2,0,22,5,12574500,2
3403,2199,4,3,0,22,3,16823500,4
1709,1082,5,2,0,0,6,9890500,1
3062,2004,3,2,0,24,5,14849000,3
2626,2208,2,3,0,21,10,13097000,4
993,800,3,1,0,6,1,5498500,2
3343,2694,1,2,0,12,10,16003500,2
1443,1264,3,2,1,27,10,7903500,4
2124,1524,1,2,1,17,2,10168000,1
1203,722,4,1,0,0,5,7063500,1
1181,935,2,2,1,10,6,6564500,3
2642,2273,1,1,0,12,1,12199000,2
2539,2267,3,2,1,19,7,12845500,4
732,519,3,3,0,27,3,4404000,1
3438,2910,4,2,1,8,1,17111000,3
3296,2817,5,2,0,29,7,16502000,2
2868,1845,5,1,1,24,7,14626000,2
1575,1243,3,1,0,29,10,8107500,3
2413,1573,5,1,1,15,3,12558500,3
2143,1572,2,3,1,10,6,11093500,1
3435,2967,5,3,1,2,4,17867500,4
3338,2793,2,1,0,16,4,15701000,2
1957,1509,3,3,1,1,9,10886500,4
638,537,3,1,1,8,7,4311000,2
1916,1237,3,3,0,8,6,10262000,2
3337,2197,4,1,0,15,9,16566500,4
761,504,5,1,1,27,3,4884500,3
2509,2089,1,3,0,0,4,12390500,1
1727,1497,1,2,1,24,9,8591500,2
2808,2158,3,1,1,16,4,13766000,3
2258,2003,5,1,0,9,7,12031000,2
2563,2097,2,2,1,19,9,12753500,1
1657,1274,1,1,1,4,4,8226500,2
2889,2263,3,1,0,7,9,14410500,1
1566,1338,1,3,0,12,7,8057000,1
1489,933,1,2,1,20,4,7350500,2
2760,1795,1,1,1,4,3,13140000,2
2965,2015,3,1,1,3,6,14832500,1
2670,2318,3,2,0,24,3,12985000,3
3471,3066,4,2,1,28,7,17159500,4
3348,2366,4,3,1,7,1,16926000,1
2266,1987,4,3,1,24,7,12017000,2
2041,1559,1,3,0,22,3,9794500,2
1667,1236,5,1,1,6,9,9681500,3
727,617,3,2,1,4,6,4941500,4
757,578,4,3,0,9,7,5376500,1
1426,1050,5,2,0,16,9,8447000,1
2490,1505,4,1,1,27,6,12515000,4
3499,2112,4,1,0,5,10,17545500,1
1111,875,5,2,1,9,2,6969500,4
2692,1674,4,2,1,15,6,13864000,2
2866,2353,1,3,0,21,6,13677000,4
1042,819,1,2,1,9,2,5459000,1
2962,2183,1,3,1,3,7,14669000,4
2824,2295,2,2,1,1,9,14288000,3
2875,2581,4,2,1,0,10,15187500,2
2326,1567,2,2,1,2,4,11777000,2
2606,1999,3,1,0,26,5,12557000,4
2295,1957,5,1,1,12,6,12237500,1
866,523,3,1,1,28,1,4637000,3
1437,949,2,3,0,24,8,7586500,2
1088,822,1,3,0,11,9,6026000,2
1301,996,4,1,0,0,1,7304500,1
1286,804,4,1,0,20,4,6987000,1
1595,1151,1,2,0,9,6,7997500,3
956,722,4,2,0,5,10,6302000,4
1471,1069,5,3,0,8,1,8609500,1
2573,2084,5,3,0,0,3,13828500,4
2851,2370,5,2,1,11,7,15009500,3
1151,849,3,3,1,4,8,7149500,4
2410,1753,1,1,0,0,8,11745000,2
922,748,5,2,1,1,5,6429000,4
3241,2484,2,2,1,13,1,15524500,3
2828,2435,5,3,1,1,1,15006000,3
3146,2341,3,2,1,26,8,15487000,3
682,526,2,2,1,4,5,4389000,4
2950,1883,1,1,0,9,9,14045000,2
861,732,1,2,0,19,1,4244500,1
1383,1005,5,2,1,5,2,8273500,2
1823,1487,2,2,0,4,4,9323500,4
1513,1102,2,2,1,1,10,8438500,4
3339,2004,5,1,1,8,7,17065500,1
1543,1111,5,2,1,28,4,8633500,4
3330,2145,4,1,0,9,8,16605000,3
1918,1380,4,1,1,7,7,10391000,3
2135,1486,5,1,1,24,5,11227500,3
1288,851,3,3,1,26,7,7276000,3
3043,1938,4,3,0,5,8,15793500,3
2372,1941,5,2,1,4,3,12794000,4
1438,1188,2,1,0,20,3,7021000,1
1477,1003,4,3,1,17,2,8356500,1
3470,2597,3,2,1,26,4,16745000,3
648,479,1,3,1,19,4,3786000,4
3436,2427,2,1,0,17,4,16122000,2
892,609,3,2,1,1,2,5544000,2
2251,1476,3,1,1,11,7,11509500,4
1135,978,3,1,1,7,10,6717500,3
910,773,2,3,1,3,3,5535000,1
1136,823,3,2,1,27,10,6522000,4
2526,2062,1,2,1,29,1,11687000,2
3286,2462,4,2,0,19,2,16107000,2
833,521,2,3,1,22,5,4908500,2
1832,1551,3,2,0,3,9,9934000,3
3252,2165,5,3,1,8,4,16924000,2
2741,2225,4,2,0,8,6,14074500,4
2974,2254,2,3,1,11,3,14663000,4
2872,2318,5,2,0,13,9,15014000,2
1566,1160,5,3,1,29,2,8817000,4
1489,1207,3,1,0,2,8,8160500,2
2658,1620,2,1,1,5,3,12961000,2
634,388,3,1,0,14,8,4073000,1
1046,908,1,2,1,22,3,5267000,3
2363,1949,5,3,1,18,4,12723500,3
3088,2620,1,1,1,3,8,14886000,1
3300,2432,3,2,0,29,10,16070000,1
2158,1592,4,3,0,0,4,11711000,3
1194,907,5,1,0,26,9,7003000,2
2625,1766,4,1,1,8,9,13652500,2
2876,2358,2,2,0,22,6,13802000,3
943,800,5,3,1,25,1,6043500,2
1703,1485,1,2,1,15,9,8663500,1
2019,1524,4,1,1,22,9,10645500,2
1913,1385,2,2,1,8,7,9948500,2
2078,1764,5,2,1,11,9,11631000,4
1751,1445,2,1,1,13,8,8969500,4
2521,2168,1,1,1,14,9,12164500,4
1982,1579,5,3,0,21,9,11049000,2
3174,2745,2,3,0,23,7,15373000,3
2722,1705,3,1,1,20,6,13399000,1
2169,1743,5,1,1,15,2,11410500,2
2494,1562,5,3,0,7,7,13533000,3
2843,2344,5,2,1,27,1,14353500,2
2466,1944,5,1,0,9,6,12917000,1
628,379,3,1,1,13,6,4116000,2
1305,1017,1,2,1,16,7,6752500,1
1620,1043,3,3,0,2,2,8850000,2
2663,1711,3,3,0,3,4,13623500,1
2046,1319,2,2,1,15,2,10157000,2
3452,2572,4,1,1,13,4,17024000,1
2259,1433,4,2,0,26,3,11395500,4
1566,998,2,1,0,24,2,7467000,2
2876,1946,3,3,0,23,2,14082000,2
3362,2018,2,1,1,13,3,15969000,3
1172,800,5,1,0,15,10,7174000,3
2206,1732,2,1,1,7,4,10937000,1
1214,947,2,1,0,17,7,6273000,2
925,824,5,1,0,6,4,5942500,1
958,609,4,3,0,27,7,5921000,4
2410,2071,5,2,0,2,4,12905000,3
2971,2131,1,3,1,5,3,14469500,1
2321,1662,2,1,1,19,8,11414500,1
1949,1373,2,2,0,15,3,9620500,3
764,486,4,1,1,21,8,4968000,2
2196,1632,3,3,1,3,2,11572000,1
2227,1862,5,3,1,18,3,12061500,3
3445,2971,3,1,0,1,4,16782500,2
3102,2757,1,1,0,3,3,14549000,4
1776,1484,5,2,1,25,6,9842000,3
1750,1377,1,2,0,1,9,9005000,1
792,593,1,1,0,6,10,4444000,4
3274,2823,1,2,0,14,8,15553000,2
3177,2611,5,1,0,16,4,15876500,2
691,448,5,1,1,13,2,4799500,3
738,593,4,1,1,10,10,5171000,3
1080,787,2,3,0,16,1,5790000,3
3096,2410,3,1,1,4,4,15302000,2
1956,1700,3,1,1,22,5,9862000,4
939,747,1,1,1,13,2,4715500,2
1675,1476,5,2,1,16,3,9417500,1
3113,2676,5,1,1,27,4,15518500,2
3365,2149,1,3,0,27,3,15652500,1
1398,843,2,3,1,19,8,7661000,4
1074,768,3,1,1,20,2,5783000,3
3048,2620,4,1,0,1,9,15546000,3
2062,1379,2,1,0,6,6,10259000,2
1204,972,5,3,0,3,1,7508000,3
1420,1054,1,2,1,7,8,7500000,4
3304,2721,3,2,1,29,10,16238000,3
1197,777,1,1,0,29,6,5606500,2
2132,1432,5,2,1,0,4,11844000,4
1113,748,1,3,0,9,6,6028500,1
2126,1625,3,1,0,0,2,10767000,2
2477,1701,1,2,1,0,1,12046500,1
2299,1939,3,1,0,3,6,11685500,4
1629,1146,1,1,1,16,8,8060500,2
1099,877,1,3,0,4,5,6015500,2
2284,2020,3,3,0,13,8,11918000,4
1316,1029,1,2,0,29,3,6192000,3
1741,1171,2,3,1,5,6,9384500,2
2108,1789,4,1,0,6,1,10816000,2
3248,1961,2,3,0,7,3,15826000,1
1265,856,4,2,0,23,4,7032500,3
3115,2231,2,2,1,17,5,15077500,1
2808,1849,4,2,1,27,3,13996000,1
2917,2278,1,3,1,3,8,14516500,3
1679,1288,3,3,1,22,5,9015500,3
827,597,3,3,1,24,7,5241500,4
3496,2406,5,3,0,24,5,17602000,3
748,546,4,3,0,26,8,5046000,2
1669,1147,5,2,0,2,1,9420500,3
1767,1177,5,2,0,27,3,9461500,4
1231,868,4,3,1,22,3,7199500,4
1963,1532,3,1,0,3,10,10373500,4
1012,804,4,2,1,24,10,6324000,3
2355,1623,1,1,1,22,3,10957500,3
1119,989,5,1,1,15,6,6885500,1
1967,1334,5,2,0,12,9,10961500,1
3034,2468,4,1,1,28,6,14943000,2
2922,1824,5,1,0,21,5,14679000,1
3000,2398,3,2,1,24,1,14520000,2
1702,1256,5,2,0,22,2,9219000,4
1197,922,4,3,0,10,1,7036500,1
2259,1480,3,2,1,23,6,11455500,3
2285,1668,3,1,1,10,3,11482500,1
3205,2659,5,2,0,4,5,16492500,2
2760,2291,4,3,0,19,6,14140000,1
2788,1871,5,2,1,0,5,14846000,4
2524,1781,1,1,1,13,3,11898000,3
1329,798,1,2,1,23,2,6470500,2
1188,744,3,1,0,21,2,6126000,3
3058,1951,5,2,1,19,2,15531000,3
976,671,1,3,0,18,10,5432000,2
2007,1661,2,3,1,4,4,10501500,3
2469,1859,1,2,1,19,4,11780500,3
1350,1131,5,1,1,26,3,7555000,1
1226,1013,5,3,0,26,8,7497000,3
2229,1730,1,1,0,22,4,10290500,3
1594,1195,5,2,0,5,8,9373000,3
2183,1919,5,3,0,18,3,11713500,3
1302,1003,2,3,1,11,2,7089000,2
3109,2315,3,1,1,25,8,15140500,4
2659,2288,5,3,1,28,6,13955500,1
1779,1105,4,1,0,26,2,8985500,3
1076,857,3,1,0,27,7,5752000,3
1000,633,3,2,1,13,10,6190000,2
3455,2922,4,1,1,16,7,17127500,4
2824,2365,1,3,0,29,4,13228000,3
656,492,2,1,0,6,8,4032000,2
2475,1975,5,3,0,20,3,12987500,1
1047,870,1,1,0,0,9,5661500,1
802,597,4,2,1,16,5,5289000,3
2256,1966,2,2,0,5,3,11202000,3
1337,977,2,1,1,3,9,7356500,4
801,694,2,1,1,13,2,4394500,4
1953,1513,4,1,1,7,2,10298500,3
3010,2190,1,2,0,17,3,14055000,2
1491,896,5,1,1,19,9,8629500,4
3101,2135,2,1,1,27,10,14864500,3
3003,2583,2,3,1,12,3,14773500,4
815,593,1,2,0,7,5,4477500,3
3202,2326,2,2,1,27,9,15469000,1
622,464,2,1,1,23,10,3789000,3
2802,1921,4,1,1,15,6,14159000,1
1809,1352,3,3,0,4,6,9860500,4
2896,2064,1,1,0,2,1,13542000,3
1348,1176,1,2,1,12,2,6776000,4
1404,1079,1,3,1,14,9,7538000,1
733,623,4,2,0,3,8,5238500,3
920,741,4,1,0,2,2,5600000,4
3037,2015,5,3,0,26,5,15496500,1
1033,888,4,2,1,1,5,6628500,4
1645,1030,1,2,0,29,6,7822500,2
1472,1081,5,2,0,3,4,8664000,1
2698,1812,3,1,0,24,9,13211000,1
2823,2149,2,1,0,5,5,13653500,1
852,587,2,1,1,3,4,4924000,3
1565,1278,5,1,0,16,9,8872500,3
1338,1178,3,2,1,29,2,6991000,3
1729,1405,2,3,0,6,2,8960500,2
1939,1370,5,1,1,17,3,10385500,2
901,702,4,3,1,27,10,5964500,1
3195,2768,1,2,1,21,4,15007500,2
2577,1754,3,1,1,9,10,13166500,4
3363,2137,2,2,0,16,9,16263500,1
3426,2189,1,1,1,28,5,15757000,1
2915,2181,5,1,1,22,2,14627500,4
1150,942,2,3,1,3,3,6615000,1
2078,1656,1,2,1,26,8,10081000,2
1915,1409,4,2,1,18,6,10307500,3
2187,1790,3,2,0,25,5,10891500,4
2422,1913,5,3,1,6,4,13229000,2
2424,1911,2,3,1,12,4,12218000,4
1764,1165,4,2,1,2,8,10048000,4
913,633,3,2,1,7,6,5718500,1
783,550,3,1,1,10,5,4823500,1
2287,1926,4,1,0,15,5,11641500,2
1312,1092,2,3,0,19,6,7024000,4
2775,1875,3,1,0,18,3,13377500,1
1910,1177,5,2,1,22,7,10555000,1
3347,2779,1,2,1,22,1,15521500,4
3033,2192,5,1,0,8,5,15438500,2
870,579,3,1,1,9,6,5285000,2
2394,1520,1,3,0,22,2,11333000,4
1410,851,4,1,1,5,2,7895000,2
3062,2230,1,3,1,2,9,15239000,1
797,559,1,1,1,19,2,3956500,4
1679,1358,1,1,0,7,3,8065500,1
3478,3105,3,1,0,5,1,16701000,3
1826,1208,2,1,0,24,9,8987000,3
2244,1510,3,2,0,7,1,11308000,2
1227,860,2,2,0,13,4,6461500,3
1203,889,4,2,0,7,7,7223500,1
1761,1425,4,1,1,10,2,9374500,3
2045,1442,4,3,0,9,8,11222500,1
1680,1060,4,1,0,25,8,8860000,2
2185,1789,4,2,0,22,3,11142500,2
2718,2278,5,3,0,9,4,14351000,1
1510,1018,3,3,1,10,7,8595000,3
1193,764,2,2,0,0,5,6618500,2
1995,1512,4,1,0,14,5,10347500,4
1199,794,5,3,0,4,2,7515500,2
1113,792,5,3,0,13,6,7148500,3
2495,2078,5,2,1,22,4,13037500,4
2731,1818,3,3,1,25,5,13689500,3
1666,1402,4,3,1,24,5,9217000,1
3486,2796,5,3,0,27,2,17347000,4
2557,1702,5,1,0,19,8,13226500,3
3253,2465,4,1,0,7,1,15948500,4
1409,1104,3,2,1,16,2,7570500,3
2780,1835,5,1,1,3,7,14650000,4
1688,1086,2,3,0,3,7,9086000,3
889,675,1,1,0,17,2,4260500,1
3023,2443,1,3,0,26,1,14033500,4
1368,1011,1,3,1,26,10,7186000,4
3114,1933,3,1,0,18,1,14803000,4
1070,938,5,1,1,2,1,6675000,4
2796,2260,1,1,1,8,6,13372000,1
687,540,1,1,1,6,10,4121500,4
3043,2413,4,2,1,1,7,15773500,2
1389,999,5,1,0,8,2,7890500,1
2264,2027,5,2,1,23,6,12078000,2
1909,1221,4,3,0,5,4,10490500,4
1464,1203,5,2,1,5,9,8988000,3
1893,1374,2,3,0,27,8,9578500,2
623,538,3,2,1,15,8,4353500,4
2486,2026,4,2,1,1,2,13017000,2
910,699,1,3,1,28,5,4835000,4
2084,1836,5,2,0,15,2,11078000,4
1831,1599,2,3,1,2,3,9699500,4
3311,2038,2,1,1,21,8,15829500,3
3085,2029,3,3,1,29,5,15202500,2
1305,1047,2,2,1,15,4,6922500,1
1959,1717,5,1,0,11,5,10545500,1
1021,744,5,2,0,2,8,6854500,1
2373,1451,2,1,0,10,10,11778500,1
2968,2353,5,3,0,10,7,15606000,4
3234,2129,5,1,1,22,6,16263000,2
1546,1183,1,1,1,29,2,7127000,2
1786,1277,4,1,1,15,10,9787000,3
2434,1867,5,2,0,4,5,13023000,2
2164,1903,5,1,1,19,10,11708000,2
1448,1079,3,3,0,7,9,8326000,2
2189,1336,4,3,0,10,9,11900500,3
1918,1485,4,3,0,10,9,10681000,1
2689,1876,4,1,1,17,3,13460500,2
2547,2122,2,3,1,18,9,12901500,3
1908,1413,1,2,1,9,9,9706000,3
986,810,1,3,0,27,5,5047000,4
2635,2299,3,1,1,3,6,13347500,3
1761,1247,4,3,1,27,7,9684500,1
2625,2354,4,1,0,9,10,13532500,2
1315,848,5,1,1,13,10,8007500,3
3078,2441,2,3,1,5,10,15601000,1
3201,1953,2,2,0,4,6,15624500,3
3447,2288,3,2,0,14,5,16781500,3
1025,809,1,3,1,4,1,5632500,3
2039,1251,4,1,0,22,4,10335500,3
2673,1685,3,3,1,23,8,13618500,3
984,676,2,1,1,5,8,5678000,1
655,506,2,1,0,29,6,3467500,2
3281,1984,2,1,0,18,3,15354500,2
705,525,4,2,0,19,8,4792500,2
3496,2753,4,2,0,29,7,17102000,2
1269,914,4,3,1,16,9,7790500,1
975,604,5,2,0,13,3,6177500,4
1342,1051,1,1,0,10,6,6639000,4
1566,1224,2,1,0,13,1,7637000,1
907,681,2,3,0,4,8,5601500,1
2738,2212,5,1,1,12,2,14031000,3
1401,927,2,3,0,11,5,7534500,3
709,569,2,3,0,25,6,4190500,3
2264,1468,4,1,1,23,4,11478000,2
3232,2319,4,2,0,18,9,16234000,3
939,582,1,1,1,9,3,4845500,4
2188,1850,2,1,1,12,2,10656000,2
1578,1201,3,3,1,14,3,8621000,3
3003,2676,2,2,1,19,5,14533500,2
2515,2219,2,3,0,12,1,12327500,4
767,689,1,1,1,3,10,4541500,3
1156,728,3,3,0,21,4,6482000,4
1504,1176,2,3,1,8,1,8008000,4
704,508,3,1,1,25,9,4368000,4
2647,2011,4,3,0,18,3,13501500,3
2797,1937,4,1,0,19,2,13706500,1
745,457,3,3,1,21,5,4832500,3
3363,2731,2,2,0,21,1,15763500,4
1473,1310,3,1,1,6,10,8258500,3
898,682,3,2,0,14,7,5411000,4
2336,1632,4,3,1,16,9,12592000,1
1245,1097,3,2,0,13,1,6692500,2
3370,2390,5,2,0,13,8,17205000,1
1237,1081,5,2,1,8,8,7856500,1
2886,2472,4,3,1,15,7,14987000,2
3111,2360,2,1,1,1,10,15429500,3
3100,2489,2,3,0,13,4,15090000,2
1383,1120,4,3,0,3,7,8313500,3
1496,1185,2,3,1,2,2,8142000,3
970,628,1,1,0,2,6,5125000,4
1086,877,5,3,1,10,5,7187000,4
2637,1584,1,3,0,4,5,12936500,2
2812,2286,1,1,0,15,8,13254000,1
1960,1502,1,1,0,22,1,8930000,2
791,536,4,1,1,28,8,4949500,3
1329,1117,1,2,0,27,4,6340500,4
2861,2064,3,1,0,22,10,14034500,2
3221,2402,2,2,0,29,6,15214500,2
1556,946,4,2,0,29,6,8322000,4
980,705,3,3,1,22,1,5670000,4
3320,2158,3,2,0,18,8,16280000,4
1397,953,5,3,0,8,4,8426500,3
838,566,5,2,0,21,9,5701000,4
3347,2054,3,1,0,10,7,16311500,1
1705,1258,5,3,1,11,4,9902500,2
1986,1502,2,2,0,26,1,9467000,4
3152,2431,2,3,0,25,9,15334000,4
2849,2104,5,1,0,26,10,14500500,3
2127,1831,1,2,0,7,6,10431500,3
2267,1385,3,2,1,13,6,11691500,2
636,498,2,1,0,29,1,3132000,1
3291,2829,5,2,0,16,5,16639500,2
2596,1589,5,2,1,19,4,13552000,4
2025,1516,2,3,0,14,1,10082500,1
3412,2650,2,2,1,14,7,16574000,1
3353,2203,1,1,0,22,4,15348500,1
3192,2156,5,2,0,11,3,16194000,1
2090,1746,5,3,0,8,2,11445000,2
1824,1404,4,2,0,11,8,9988000,3
3187,2214,1,3,0,18,5,15131500,3
2622,2174,2,2,0,11,10,13079000,4
3041,2505,2,3,0,10,9,15134500,3
1432,1007,3,3,0,27,5,7654000,3
1196,892,2,2,0,5,10,6782000,3
3040,2430,5,1,0,7,1,15290000,3
1299,913,2,1,0,10,10,6945500,4
2246,1771,5,2,0,2,5,12217000,2
2618,1767,5,2,1,15,5,13781000,1
1040,715,1,2,0,5,8,5680000,3
2460,1705,2,2,1,8,6,12360000,2
2240,1973,1,2,1,8,5,11020000,3
2129,1809,5,1,0,5,8,11580500,3
2967,2283,2,3,1,4,1,14671500,1
3200,2461,2,3,0,0,5,15850000,1
1694,1044,1,1,0,2,3,8233000,1
1167,927,1,1,1,2,5,6111500,3
835,583,5,3,1,11,3,5937500,3
1904,1492,5,1,1,3,4,10558000,3
1785,1520,2,2,0,20,9,9082500,1
1632,1001,2,1,1,15,2,8094000,4
2707,2117,4,1,1,10,10,14031500,2
2440,1876,4,1,1,7,1,12440000,4
824,545,3,1,0,28,4,4448000,3
2442,1938,5,3,0,26,8,12969000,3
3347,2565,3,3,1,8,5,16801500,4
1181,980,3,3,1,27,9,6874500,3
768,486,1,3,1,29,10,4426000,2
2065,1513,1,2,1,13,3,10032500,3
613,551,4,2,1,22,9,4518500,2
2811,2267,3,3,1,28,1,13789500,4
2043,1645,4,3,1,25,2,10743500,4
3404,2367,5,3,0,21,9,17448000,3
2470,1551,2,1,1,14,9,12235000,2
2143,1896,1,2,1,18,10,10633500,3
2289,1445,5,2,0,8,5,12290500,1
2171,1949,5,1,1,25,10,11619500,1
1651,1052,1,1,0,16,4,7809500,1
2331,1518,1,1,1,8,9,11429500,1
1045,723,3,2,0,2,10,6462500,3
1315,991,4,1,1,24,2,7087500,1
1418,1187,5,1,1,15,3,8081000,2
2751,2451,3,1,0,12,8,13639500,4
3389,2398,3,3,0,25,1,16300500,4
1025,621,5,1,0,16,2,6092500,1
1724,1353,5,3,1,23,5,9798000,1
2164,1759,2,2,1,21,7,10818000,1
3286,2363,4,2,1,29,10,16457000,3
1449,949,5,2,1,24,9,8540500,4
2145,1483,1,3,1,3,3,10792500,1
1729,1377,2,1,0,27,4,8240500,2
2302,1722,4,2,1,20,10,12209000,1
2601,2140,1,1,0,21,1,11834500,4
3416,2273,1,3,0,27,1,15782000,1
876,746,4,2,1,8,1,5582000,4
2406,1556,2,1,1,21,4,11557000,1
2835,1981,1,1,0,8,9,13547500,2
2539,1973,3,2,1,17,8,12935500,1
2752,2259,4,1,0,13,4,13724000,2
1145,778,4,3,1,19,8,7122500,2
3027,2677,5,2,0,2,7,15831500,1
709,575,2,2,1,3,6,4580500,2
1144,761,3,2,1,0,10,7098000,3
3001,2454,3,2,1,17,2,14714500,1
1342,1085,5,3,0,3,3,8229000,1
2964,2447,1,3,1,9,4,14408000,2
1889,1652,1,1,0,3,7,9290500,2
2475,2013,3,3,1,20,8,12787500,1
1688,1191,2,1,1,24,8,8466000,3
932,780,1,1,0,16,4,4574000,2
2136,1727,4,2,0,7,9,11522000,2
1756,1356,5,1,0,18,8,9642000,4
1191,841,2,2,1,8,5,6599500,3
1382,1211,1,1,1,15,3,6719000,3
1139,858,3,3,1,26,2,6355500,1
3382,2666,5,2,1,23,9,17259000,3
2158,1563,1,1,1,23,1,9951000,1
2119,1767,3,3,1,24,7,11055500,4
3268,2295,1,3,1,14,7,15826000,3
1218,1027,5,2,0,19,1,7051000,2
2433,1538,4,2,1,15,7,12748500,4
1591,1292,4,2,0,27,1,8269500,1
2746,2040,3,1,1,20,2,13307000,4
2964,2399,4,2,0,11,9,15168000,1
2770,2103,5,3,0,22,8,14525000,4
3446,2206,3,3,0,17,9,17117000,1
2216,1646,1,2,1,6,9,11152000,3
2118,1883,2,2,0,15,4,10431000,2
3104,2565,1,3,0,27,5,14578000,1
1121,773,5,1,0,18,10,6884500,4
3167,2797,3,3,0,5,7,16001500,1
1516,1263,1,3,1,28,6,7612000,1
1316,933,3,3,1,5,9,7922000,1
2962,2313,4,2,1,5,2,15079000,4
3356,2443,2,1,1,25,8,15952000,2
3357,2111,5,1,0,14,2,16626500,3
2536,2134,1,2,1,1,2,12342000,2
1159,761,2,3,0,8,3,6405500,1
1568,1156,5,2,1,7,4,9166000,4
3003,2434,5,2,0,6,6,15593500,2
1677,1475,4,1,0,26,6,8726500,1
1489,921,3,1,0,29,2,7320500,3
1392,999,3,2,0,27,6,7324000,3
2912,2284,2,2,1,27,8,14114000,3
1581,1318,4,1,1,15,5,8614500,1
1401,1227,5,1,0,14,1,7774500,4
642,385,4,3,0,8,8,4929000,2
2209,1741,4,2,1,19,6,11610500,3
2377,1431,2,3,1,14,2,11866500,1
949,793,3,3,1,1,7,6250500,1
2167,1397,4,3,0,19,8,11571500,2
1729,1501,4,1,0,13,2,9020500,3
2648,1712,4,3,0,27,1,13226000,1
2380,1973,1,1,0,25,6,11010000,2
1183,812,4,1,1,10,6,6973500,4
1031,790,4,1,0,29,8,5859500,4
2532,1981,5,2,1,2,7,13754000,4
2700,1787,1,3,0,1,8,13430000,3
3167,2183,4,1,1,17,10,15961500,2
1948,1231,4,2,0,13,10,10606000,2
2794,1680,2,2,1,23,5,13513000,1
2630,1766,2,2,1,28,2,12525000,1
1789,1350,1,1,0,4,5,8720500,1
1762,1434,5,1,1,11,2,9659000,2
3276,2745,1,1,1,13,9,15582000,1
898,557,1,2,1,5,5,5041000,2
2539,1730,2,1,0,7,1,12135500,2
1388,1153,2,3,0,6,9,7776000,4
1449,1078,5,1,0,6,10,8600500,1
2825,1849,4,1,0,11,5,14142500,4
3489,2503,5,3,1,28,1,17440500,3
1977,1346,4,1,1,6,9,10776500,3
1777,1093,3,1,0,11,9,9326500,3
2549,2113,2,1,1,26,10,12400500,2
1477,1015,3,1,0,15,10,7946500,2
1738,1535,3,2,0,26,9,9051000,2
2177,1886,2,1,1,6,6,10926500,1
3406,2775,3,3,0,7,10,17187000,4
3092,2158,1,3,1,0,10,15464000,2
3355,2294,4,2,0,12,2,16557500,4
3249,2412,5,1,0,18,7,16310500,4
2246,1586,2,3,0,0,2,11407000,4
2503,2178,1,2,1,23,4,11853500,1
1982,1262,5,1,0,17,4,10479000,1
744,608,5,2,1,6,10,5778000,3
2922,2288,5,1,0,21,7,14779000,3
3156,2657,3,2,0,26,6,15282000,4
1802,1374,3,2,1,16,10,9739000,3
3400,2682,3,3,1,27,7,16760000,4
2461,2187,3,3,1,14,6,12744500,1
2454,1540,1,2,1,21,1,11523000,1
3124,1972,3,1,1,24,4,15028000,1
2466,1770,2,1,1,18,3,11837000,2
1698,1259,5,1,0,27,7,9151000,4
1751,1155,1,1,1,22,7,8439500,1
2334,1458,3,1,0,3,4,11743000,4
3313,2009,5,3,0,16,7,17038500,3
1167,967,1,2,0,6,4,6031500,3
2413,1798,5,3,1,15,9,13258500,1
1130,963,1,1,0,16,3,5415000,4
2806,1987,4,2,0,26,10,14207000,1
2161,1752,1,1,0,19,2,9944500,3
1280,955,3,1,1,28,5,6700000,1
2670,2092,5,2,0,14,9,14085000,4
1670,1187,5,1,1,8,3,9355000,3
3172,1980,5,3,0,20,1,16024000,2
1328,1174,2,3,1,22,9,7336000,3
2329,1981,2,3,1,12,5,11840500,2
2791,1935,3,1,0,6,2,13639500,1
1267,1124,4,3,0,27,6,7261500,1
2212,1526,2,1,1,18,3,10694000,4
1280,938,1,1,1,28,9,6300000,2
1572,1299,3,3,1,10,3,8674000,1
3446,2387,4,3,0,7,2,17267000,2
2732,1905,1,1,0,16,3,12624000,1
3063,2214,5,1,0,3,6,15723500,3
3341,2474,2,1,0,25,3,15484500,1
3129,1993,1,1,0,3,9,14970500,4
3103,1878,4,3,1,17,9,16023500,3
1426,1248,3,1,1,21,9,7697000,4
896,632,1,1,1,16,2,4462000,3
1853,1168,3,1,1,2,7,9898500,2
3327,2753,5,1,1,8,2,16761500,4
3025,2082,4,1,1,27,1,14672500,1
3068,2008,4,2,0,25,5,15156000,2
2752,2445,2,2,1,5,8,13834000,1
2328,2039,4,2,0,1,3,12206000,3
2624,1657,1,3,0,27,7,12518000,3
929,808,1,1,0,11,6,4760500,1
3086,2676,1,3,0,14,1,14557000,1
1755,1386,5,1,1,8,7,9937500,2
2490,1889,4,2,1,28,3,12545000,1
981,652,4,1,0,1,4,5994500,4
2785,1772,1,3,0,11,10,13712500,4
1442,1127,2,3,1,15,2,7639000,1
2917,2469,2,1,1,6,1,14006500,4
995,802,4,3,1,0,5,6677500,1
3111,2035,4,2,0,20,6,15499500,2
1049,720,3,1,1,6,2,5950500,4
1954,1492,4,2,1,2,10,11003000,4
2586,2036,1,2,0,19,6,12257000,1
1908,1186,5,3,0,4,6,10906000,4
1897,1487,4,1,1,2,8,10446500,3
2667,2189,4,2,0,14,8,13721500,2
2886,1888,1,2,0,5,6,13887000,2
1893,1275,3,1,0,14,7,9688500,4
3065,2077,4,3,0,2,4,15752500,4
2449,2159,2,2,0,23,5,11810500,3
785,566,2,1,1,22,6,4342500,3
1833,1391,2,1,1,0,6,9498500,4
2037,1664,5,2,1,1,3,11346500,4
852,606,5,2,1,3,9,6274000,3
618,390,4,2,1,20,4,4331000,1
3359,2674,4,3,0,13,8,17055500,3
1759,1407,4,3,1,13,4,9805500,1
822,557,5,1,1,26,6,5329000,2
602,367,4,1,0,29,1,3579000,2
1859,1486,1,2,1,9,2,9135500,3
1453,1178,3,1,1,10,6,7888500,1
2088,1269,2,3,1,3,3,10836000,3
827,668,2,1,1,14,7,4741500,3
2277,2007,1,1,0,19,1,10416500,1
1098,717,4,2,0,29,3,6111000,3
3168,2396,5,2,0,24,3,15826000,2
3349,2709,4,3,0,3,1,16860500,4
2485,1662,4,1,1,19,4,12552500,4
2615,2158,2,1,1,19,8,12737500,3
1762,1516,2,1,1,15,7,8929000,1
1899,1603,5,2,1,1,7,10925500,1
2938,1990,2,3,1,12,5,14581000,2
1676,1409,4,1,1,7,4,9152000,1
1314,951,1,1,1,12,10,6823000,1
1547,1051,5,1,0,29,6,8381500,2
3295,2143,1,1,0,19,2,15047500,3
3331,2906,4,3,0,20,1,16439500,4
1469,1069,5,3,0,7,7,8920500,2
1670,1435,1,3,0,29,4,8035000,3
693,448,5,2,0,3,7,5308500,2
1159,962,4,1,0,4,6,6835500,3
2375,1503,5,1,1,20,9,12587500,2
2860,1731,4,1,1,5,10,14820000,3
1035,929,5,1,1,22,6,6367500,2
1451,902,5,3,1,18,3,8569500,3
3155,2329,2,2,0,29,7,14967500,2
3483,3007,4,2,0,9,9,17543500,4
3298,2789,3,1,0,26,10,15921000,4
804,596,5,3,0,2,6,5978000,1
3028,2371,1,2,1,12,7,14586000,3
1699,1340,2,2,1,8,8,9035500,2
676,427,2,1,1,16,4,3872000,3
1415,969,5,2,1,9,5,8487500,4
1367,943,3,1,0,11,4,7231500,3
3057,2180,2,3,0,12,1,14766500,2
705,480,4,1,1,23,6,4562500,3
3198,2160,5,2,1,9,7,16611000,2
3473,2453,5,1,1,18,2,17218500,4
2735,1952,3,1,1,20,6,13457500,4
2346,1750,4,1,1,18,2,11847000,4
2065,1346,4,1,1,25,10,10842500,1
3187,2665,3,1,0,16,5,15371500,4
844,724,1,1,0,25,1,3848000,3
3225,2175,4,2,1,29,3,15832500,1
2005,1277,1,1,0,4,4,9642500,4
1581,1291,1,2,0,7,4,7874500,3
3364,2951,5,1,0,4,2,16858000,3
2336,1426,5,3,1,14,8,12882000,3
741,447,2,1,0,3,6,4374500,2
1492,977,5,2,0,24,9,8584000,1
1991,1603,4,2,0,12,6,10619500,3
2999,2667,4,3,0,16,3,15125500,2
1144,943,1,1,0,4,2,5668000,4
2799,2160,4,3,0,0,9,14845500,3
2069,1676,5,1,0,21,3,10740500,2
3300,2208,5,1,1,14,6,16720000,3
1362,1098,5,2,0,9,10,8349000,1
1223,851,3,3,0,24,2,6623500,1
1255,836,4,3,0,10,7,7597500,4
3097,2077,2,2,1,29,1,14556500,3
3368,2695,4,2,0,17,9,16866000,2
1847,1533,4,3,1,28,1,9751500,4
642,497,3,2,0,12,9,4399000,3
2911,1802,4,1,1,19,1,14319500,4
1626,994,1,3,1,23,1,7957000,2
2260,1503,5,3,1,29,8,12240000,4
1891,1297,5,2,0,15,1,10159500,4
1195,862,3,1,1,18,8,6667500,4
1612,1003,5,3,0,29,3,8924000,3
2824,2308,1,3,0,22,4,13368000,2
2710,2204,3,1,0,11,2,13175000,1
1557,1096,2,2,1,22,6,8016500,3
1160,891,5,2,0,13,7,7210000,1
1930,1216,4,2,1,1,10,10915000,1
1912,1385,1,2,0,27,3,8914000,3
2421,2075,1,1,0,9,9,11664500,3
2150,1716,5,1,0,3,3,11465000,2
1449,914,2,3,0,0,7,8070500,2
1878,1604,4,3,0,23,4,9991000,4
3251,2614,2,1,0,25,5,15179500,1
2133,1569,2,3,0,25,9,10748500,2
2414,1949,5,1,1,24,3,12383000,4
2341,1525,4,2,0,16,3,11964500,2
1205,922,5,1,0,10,9,7372500,3
3477,2730,5,1,1,6,9,17826500,2
2086,1832,1,3,1,16,4,10317000,1
1894,1174,5,1,1,27,1,9883000,2
1345,958,3,2,0,16,1,7082500,1
1157,1019,4,2,1,8,9,7246500,3
2711,1803,1,3,0,9,6,13219500,1
1541,1300,4,3,1,25,5,8634500,2
2896,1738,1,1,0,5,10,13932000,4
1869,1135,3,3,1,16,3,9890500,3
1539,1074,5,2,0,15,3,8675500,2
2210,1835,1,3,0,6,2,10825000,3
2804,1770,1,3,0,18,7,13508000,3
3382,2417,1,2,1,25,9,16019000,2
2325,1486,3,1,1,3,6,11952500,2
1584,1056,4,1,1,29,10,8598000,4
2187,1642,3,3,1,19,1,11161500,3
1936,1346,1,2,1,23,6,9402000,3
2474,1641,1,2,0,16,8,11913000,2
1261,905,5,2,1,23,8,7664500,1
632,512,3,1,0,8,10,4284000,2
2416,1536,3,2,0,10,3,12122000,3
3205,2384,2,2,0,22,1,15032500,2
2720,1856,4,1,0,0,5,13890000,4
2489,1776,2,2,1,6,6,12530500,1
3472,2938,2,1,1,21,10,16654000,2
1756,1543,4,3,1,4,9,10222000,4
660,444,5,3,1,4,2,5240000,3
2143,1690,5,3,1,0,1,11943500,2
871,699,4,3,1,5,7,6119500,3
2893,2466,4,3,0,12,2,14678500,4
1799,1564,3,1,1,14,2,9165500,3
3275,2424,3,1,0,3,3,15927500,4
2406,2152,3,1,0,29,4,11547000,4
3352,2987,3,2,0,29,7,16154000,4
3309,2488,1,3,0,16,1,15520500,2
1754,1337,1,2,1,27,6,8503000,3
1725,1380,5,2,1,23,7,9702500,3
909,647,1,2,0,23,3,4480500,1
1915,1529,1,3,1,27,3,9277500,1
2345,1768,3,2,0,12,2,11712500,1
3142,1918,3,3,0,10,5,15689000,1
937,801,4,3,0,3,7,6306500,3
3226,2845,3,3,0,28,3,15607000,4
609,370,4,2,1,6,7,4720500,4
648,542,4,3,0,18,8,4756000,2
2110,1510,1,3,1,23,3,10235000,4
3270,2536,3,1,0,6,1,15745000,3
1944,1457,1,2,1,13,3,9488000,3
1330,1017,3,1,1,20,6,7135000,3
1394,1043,1,1,1,15,1,6673000,2
2248,1924,1,2,0,20,9,10866000,1
732,589,1,1,0,8,3,3784000,4
2730,1975,5,3,1,21,3,14265000,3
2704,2180,1,1,1,21,7,12748000,3
975,867,2,1,0,1,7,5517500,1
2996,1869,2,3,1,26,6,14612000,3
870,623,2,1,1,15,7,4915000,4
2106,1813,4,3,1,4,5,11597000,2
2758,2266,1,2,0,11,8,13291000,3
675,594,2,1,0,19,10,3957500,4
2556,1564,4,2,0,25,2,12702000,3
2266,1946,2,1,0,14,5,10967000,1
928,777,3,3,0,2,9,6086000,3
2769,2338,5,1,0,8,4,14200500,3
640,498,1,2,1,26,8,3610000,2
1790,1101,5,3,1,27,3,9915000,1
3289,2505,5,3,1,6,6,17230500,1
2926,2113,3,2,1,3,8,14957000,2
3410,2585,3,2,1,24,9,16765000,3
3116,2561,3,1,1,8,7,15462000,4
2656,2068,4,1,0,27,6,13112000,1
612,420,2,3,1,14,6,4124000,1
1523,1187,1,2,1,22,6,7563500,3
2442,1526,3,2,0,20,10,12389000,3
1832,1102,1,1,0,28,9,8634000,1
1814,1306,1,1,1,24,3,8483000,3
1252,1035,1,3,1,29,4,6304000,4
2303,1950,3,2,1,28,3,11403500,1
1220,933,3,2,0,6,9,7120000,4
2562,2204,2,2,0,24,5,12299000,4
2245,1431,3,2,0,10,10,11702500,3
2843,2528,3,1,0,18,8,13933500,4
1016,890,1,1,1,10,8,5422000,3
1263,984,2,1,1,24,9,6603500,2
2378,1468,5,3,1,0,10,13451000,3
1979,1457,3,2,0,20,7,10155500,4
747,488,3,1,0,12,3,4371500,2
2645,2085,5,2,1,12,5,13962500,3
1988,1306,1,1,1,1,3,9726000,4
3011,2241,2,3,1,16,2,14679500,1
2325,1538,1,1,0,29,3,10532500,1
1001,655,4,3,1,18,10,6594500,3
3253,2193,3,2,0,22,9,15948500,3
2115,1287,4,1,1,14,9,11237500,1
2631,2143,3,1,1,18,8,13129500,4
828,572,4,1,0,9,7,5296000,4
2198,1779,5,2,0,9,1,11661000,4
3184,2534,3,3,0,26,9,15758000,3
867,537,3,3,1,8,10,5891500,2
2028,1406,4,1,0,18,2,10266000,2
2416,1860,2,2,1,10,6,12122000,2
1634,1430,4,3,0,5,10,9553000,2
1943,1399,3,3,1,1,5,10623500,2
725,544,3,3,0,23,6,4602500,3
2953,2436,2,3,0,9,8,14708500,3
2325,1955,1,3,1,14,8,11632500,2
1712,1501,2,1,0,4,10,8924000,3
3275,2453,1,1,1,17,2,15147500,3
1975,1299,3,1,1,29,7,9907500,2
1288,1068,5,3,1,29,2,7566000,4
1880,1198,5,3,0,6,1,10490000,3
1832,1329,4,3,1,2,8,10554000,4
880,693,2,1,0,29,9,4630000,3
1042,841,2,3,0,20,7,5839000,3
2463,2019,5,1,1,26,4,12613500,2
1436,944,1,3,0,24,7,7232000,3
988,883,2,1,1,15,4,5296000,1
1216,794,1,2,1,16,7,6352000,1
746,469,1,3,1,1,4,4587000,2
1120,895,1,3,1,15,9,6240000,4
1229,1072,1,1,1,20,5,6030500,4
3081,2365,4,3,1,29,7,15584500,4
2791,2173,4,1,0,19,8,13979500,1
888,676,5,1,0,0,5,5946000,4
2009,1231,4,2,0,13,1,10430500,4
613,493,2,2,0,15,4,3658500,2
856,605,4,3,0,22,3,5362000,4
2321,2044,2,3,1,8,7,11984500,1
2023,1327,2,1,0,16,6,9883500,1
1830,1263,1,1,1,7,6,9045000,1
1457,1094,5,1,0,8,2,8196500,2
1795,1334,1,1,0,1,6,8857500,2
1063,765,1,3,1,12,8,5993500,3
869,603,4,2,0,0,5,5760500,4
1844,1187,4,3,0,21,9,10128000,2
3270,2767,2,3,0,29,2,15435000,1
1806,1326,4,3,1,6,7,10307000,1
671,517,4,2,0,17,6,4579500,2
1906,1456,3,3,1,20,6,10127000,2
2721,2102,2,2,0,4,4,13364500,2
3002,2435,2,1,1,6,10,14839000,3
2350,1853,3,3,0,11,9,12305000,1
1096,747,2,1,1,26,6,5662000,3
1587,1215,5,1,1,16,8,9071500,3
3227,2172,5,1,0,25,8,16121500,4
1509,1171,3,3,0,23,4,8030500,1
972,709,4,1,0,4,5,5944000,1
961,587,5,3,1,11,2,6454500,2
2740,2247,3,1,0,18,4,13270000,2
1944,1326,5,3,1,12,6,11058000,4
923,808,1,3,0,15,2,4853500,3
3031,2073,3,3,0,28,2,14679500,2
1174,1055,2,1,1,24,10,6253000,2
1335,986,5,3,0,26,7,7937500,1
3384,2057,2,1,0,18,10,16168000,1
2993,1864,3,2,0,22,5,14578500,2
1815,1133,5,1,1,9,3,9987500,1
2295,1415,2,1,1,11,3,11207500,4
2507,1705,4,3,1,6,7,13461500,2
1318,919,4,1,1,13,3,7371000,1
1380,874,1,2,0,9,10,7230000,4
1619,1184,3,3,0,27,5,8495500,1
2003,1421,2,1,0,7,2,9773500,1
2026,1602,1,1,1,14,3,9637000,1
1263,832,3,3,0,25,4,6883500,2
2372,2073,4,3,1,15,1,12374000,3
3247,2450,2,1,0,7,4,15471500,1
610,480,5,1,1,3,4,4735000,4
2834,1734,4,3,1,29,3,14273000,2
3373,2589,5,3,0,16,10,17458500,2
1638,1163,5,2,1,3,9,9811000,4
3425,3004,2,2,1,21,3,16292500,1
3058,2647,2,2,0,25,2,14361000,3
1184,936,5,3,1,10,7,7728000,1
1675,1390,1,3,1,12,9,8797500,4
3224,2557,5,3,0,5,6,16808000,2
1974,1194,5,1,1,21,5,10563000,3
2051,1663,2,3,1,13,1,10369500,2
2454,1602,3,1,1,27,3,11903000,4
2389,1922,4,3,0,6,9,12880500,1
1342,809,2,3,0,11,8,7419000,3
2376,1647,1,1,0,26,9,11122000,2
803,606,4,3,0,0,8,5813500,2
1676,1173,2,3,1,9,1,8762000,2
1573,1271,2,3,0,0,8,8678500,1
1998,1512,3,2,0,15,8,10391000,3
2465,2188,1,3,0,6,5,12122500,1
1899,1343,1,1,0,27,6,8805500,1
1654,1350,2,1,1,19,2,8113000,1
1758,1495,3,1,1,5,1,9111000,4
704,475,2,3,0,21,8,4348000,4
852,703,5,1,1,24,7,5554000,4
894,641,5,2,0,17,4,5783000,3
3315,2117,3,1,0,19,7,15987500,1
1781,1070,2,3,1,3,2,9404500,1
1148,944,3,2,1,22,2,6276000,4
3278,2149,2,1,1,15,7,15751000,1
2377,1462,2,2,1,0,3,11996500,1
898,672,5,1,1,20,6,5791000,2
2348,1653,4,3,1,29,7,12286000,1
2443,1972,1,2,0,26,7,11523500,2
700,442,1,1,1,19,10,3920000,1
2979,1905,3,1,0,1,4,14685500,3
3483,2512,1,2,0,15,3,16223500,4
2374,1795,5,2,0,20,1,12233000,2
3040,2575,4,2,0,8,7,15470000,4
1473,1142,2,2,0,14,9,7798500,2
3028,2636,2,1,1,23,1,14166000,2
691,459,5,1,1,15,5,4909500,2
1046,814,1,1,0,8,4,5247000,3
708,563,2,3,0,6,10,4766000,1
916,749,1,2,1,9,2,4892000,2
2435,2183,5,1,0,6,7,12887500,3
2543,1882,2,2,1,29,7,12363500,2
2058,1462,3,2,1,29,8,10531000,1
1041,890,4,1,1,12,3,6144500,2
2865,1870,1,2,0,1,6,13872500,3
1845,1127,1,2,0,11,4,8982500,1
3320,2433,1,2,0,12,3,15550000,3
2151,1450,1,2,0,2,4,10539500,1
877,630,5,2,0,10,1,5696500,1
1168,1046,5,1,0,25,7,6806000,4
1609,1133,5,1,0,7,7,9150500,4
3113,2528,5,2,0,10,7,16058500,4
1438,970,2,2,1,17,2,7381000,1
3401,2350,5,2,0,6,1,17134500,2
2207,1485,2,3,1,11,9,11511500,3
3485,2689,3,2,1,5,2,17132500,3
629,420,5,3,1,27,5,4790500,3
3006,2451,3,3,0,9,5,15097000,4
2542,2043,5,3,0,19,8,13559000,1
2733,1985,3,1,0,26,1,12928500,4
1857,1128,4,3,1,14,7,10376500,2
3394,2059,3,2,0,19,3,16343000,1
2960,2249,2,2,0,14,2,14140000,3
964,821,1,1,1,18,5,4878000,4
2400,1871,3,1,0,29,4,11520000,4
2422,1769,1,2,1,5,9,12099000,2
2462,2128,4,1,1,18,1,12319000,2
1504,991,4,1,1,14,3,8188000,4
1297,918,2,3,0,24,3,6706500,2
2778,2137,2,3,1,19,4,13671000,3
3450,2371,3,1,1,19,7,16745000,2
3436,3090,5,2,0,17,5,17272000,2
2455,1806,4,3,1,1,10,13477500,4
950,584,1,2,0,6,6,5155000,4
779,508,5,1,0,4,3,5275500,1
2103,1597,4,2,1,2,5,11423500,1
1786,1366,3,2,0,5,2,9337000,4
2406,2153,4,2,0,5,4,12527000,2
1373,1070,2,2,0,0,3,7328500,2
1109,887,1,1,0,18,3,5280500,1
964,640,1,1,1,11,4,4968000,1
952,601,2,3,0,4,8,5804000,1
3447,2690,5,3,0,26,8,17491500,3
1706,1466,2,3,0,28,1,8367000,3
1848,1434,1,3,0,26,5,8946000,1
1011,740,3,2,1,6,2,5979500,2
1334,1031,5,3,1,19,10,8373000,1
717,531,4,3,0,27,6,4786500,3
1081,694,3,2,1,7,3,6324500,2
791,650,5,1,0,18,10,5399500,3
3238,2460,1,3,1,5,10,16021000,2
3237,2329,1,1,0,14,9,15236500,3
3306,2538,3,3,0,5,9,16727000,2
706,474,5,1,1,8,8,5267000,2
981,714,4,3,1,3,2,6404500,2
1382,1087,4,1,1,15,2,7569000,2
3037,2028,2,1,1,22,2,14276500,4
843,695,3,3,1,9,5,5513500,3
3232,2444,5,1,0,0,10,16744000,3
1067,916,3,3,0,10,9,6551500,4
1465,1251,4,3,0,16,7,8422500,2
2161,1617,5,2,0,17,7,11634500,2
1833,1207,1,3,1,19,3,9068500,3
1203,987,1,3,1,27,3,6073500,4
2260,1639,5,3,0,21,10,12350000,2
1696,1320,3,3,0,19,3,8902000,2
2615,1653,3,2,1,14,1,12987500,2
2258,1782,1,2,1,5,8,11311000,1
2333,1661,1,2,1,15,2,11148500,4
2213,1549,4,2,1,1,7,12038500,2
1459,1304,5,1,1,24,9,8385500,1
2479,1808,3,3,0,26,2,12235500,4
1876,1507,4,2,0,2,1,10052000,2
612,482,3,3,0,22,5,4064000,3
2946,1859,1,2,0,16,10,14137000,1
1699,1400,5,3,1,7,5,10005500,1
1674,1166,2,1,0,19,1,8003000,2
1386,1163,5,2,0,29,9,8007000,2
748,585,2,1,0,26,3,3796000,1
2354,1636,4,1,0,27,2,11553000,3
2769,1957,2,3,0,14,7,13730500,3
1903,1559,2,2,1,12,5,9723500,4
3185,2436,4,1,0,20,4,15532500,2
1779,1424,5,3,0,22,4,9865500,3
3023,1957,4,3,1,18,9,15643500,4
681,569,1,3,1,24,9,4084500,3
1091,759,1,1,1,24,1,5129500,2
3003,2360,2,3,1,23,10,14903500,4
2625,1665,4,3,0,0,7,13962500,4
1524,1061,4,3,1,27,8,8668000,4
1896,1506,4,1,0,28,5,9622000,3
2203,1503,5,3,1,11,7,12293500,2
2196,1897,3,1,0,17,8,11042000,4
722,576,3,3,1,17,8,4959000,1
1307,1125,3,1,1,2,9,7541500,2
2977,2139,5,1,0,17,5,15006500,1
1590,970,4,2,0,16,2,8535000,1
2970,2295,3,2,1,10,6,14915000,4
3417,2397,4,2,0,4,1,16946500,4
2640,1938,2,1,0,21,10,12760000,3
3080,2477,3,3,0,28,6,15100000,3
1309,1060,2,3,0,6,3,7120500,3
1393,847,5,1,1,25,3,7768500,2
1311,1089,1,3,0,22,7,6709500,3
3186,2383,5,1,1,17,4,16047000,1
3248,2491,5,3,0,28,5,16406000,3
2317,1597,5,1,1,6,6,12456500,4
856,621,3,2,1,17,10,5462000,3
1812,1473,2,2,1,1,6,9584000,2
1470,1224,3,3,1,27,2,7825000,2
2331,1669,1,3,0,5,3,11439500,1
1408,1136,5,3,0,21,1,8066000,2
3324,2251,4,3,1,7,3,16918000,3
870,739,1,2,0,20,8,4615000,4
2143,1677,2,2,0,20,4,10443500,2
1149,956,1,1,1,25,2,5420500,1
1737,1290,3,3,0,16,4,9196500,3
1167,780,4,2,0,3,7,7141500,1
958,698,3,1,0,16,9,5541000,2
2273,1623,5,1,0,25,5,11678500,2
2237,1565,5,1,1,15,5,11866500,1
1957,1298,1,2,1,20,5,9506500,3
2312,1913,5,1,0,14,10,12324000,2
1962,1228,5,3,1,14,9,11249000,4
1397,1210,2,1,1,7,7,7446500,2
1884,1229,2,1,1,16,3,9258000,3
1486,1328,3,2,1,29,2,7657000,2
2358,2114,3,1,0,18,9,11801000,1
1822,1310,2,2,0,0,3,9349000,2
2858,2561,1,2,0,12,8,13721000,2
886,762,2,3,1,5,4,5437000,3
2315,1446,3,1,0,9,5,11587500,1
2385,2108,4,3,0,0,8,12932500,3
1342,822,5,3,0,25,5,7889000,2
2105,1377,4,1,1,11,10,11302500,4
2640,2046,4,1,0,18,2,13020000,2
1646,1027,5,2,1,14,6,9477000,3
895,580,2,1,1,20,7,4927500,4
2653,2350,1,2,1,4,1,12758500,3
3197,2872,4,3,1,1,10,16816500,3
1280,1074,1,3,1,18,9,6900000,1
2491,1879,3,2,0,13,6,12549500,4
1394,1212,4,1,1,28,4,7463000,2
802,508,3,1,1,8,2,4799000,3
924,815,2,2,1,28,9,5198000,2
3472,2449,4,3,0,0,6,17724000,1
2891,2481,3,2,0,12,9,14519500,1
926,741,3,1,0,16,2,5047000,4
1586,1408,2,1,0,27,5,7647000,1
1360,1168,1,2,1,1,6,7250000,1
1636,1417,1,1,1,23,5,7802000,2
1506,1189,4,3,0,21,6,8457000,1
2003,1702,2,2,1,13,3,10053500,1
964,797,4,3,0,19,9,6208000,3
1844,1195,1,3,0,22,2,8858000,1
2720,2161,2,2,0,5,2,13240000,3
2248,1448,5,2,1,24,5,11936000,1
1669,1436,2,1,0,5,10,8710500,1
873,541,2,1,0,17,3,4538500,4
2855,2558,5,2,1,18,2,14637500,4
2552,1837,3,2,1,8,6,13074000,3
2484,1617,3,1,1,14,6,12448000,1
723,636,3,1,1,6,7,4733500,2
1952,1197,1,1,1,5,4,9534000,4
3190,2363,2,2,1,28,8,15345000,2
2291,1903,5,2,0,4,3,12279500,4
2707,1881,1,1,1,18,10,12971500,4
3429,2601,5,3,1,19,1,17350500,1
1041,843,1,3,1,0,5,5984500,4
1840,1629,1,1,0,20,6,8680000,2
1510,952,1,2,1,6,3,7675000,4
1625,1051,5,2,0,17,2,8972500,3
2159,1624,4,3,0,26,3,11145500,1
2341,1698,1,1,0,27,3,10644500,1
3479,2516,3,3,0,7,7,17365500,3
2334,1608,2,3,1,11,1,11683000,3
1225,941,4,1,1,9,4,7082500,3
2290,1980,4,3,1,5,3,12305000,4
1597,1035,5,2,1,25,10,9236500,1
3381,2246,4,3,1,15,7,17214500,3
690,552,5,1,1,29,1,4425000,4
2814,1735,5,2,0,18,8,14603000,3
806,646,3,2,0,17,10,5087000,2
1688,1172,1,3,1,23,7,8536000,2
2511,1776,4,2,1,12,8,13209500,1
1115,804,1,1,1,19,8,5687500,4
1780,1254,1,3,1,6,9,9390000,2
2392,2038,1,2,1,6,1,11544000,2
3394,2999,5,1,1,15,9,17273000,4
2953,2257,1,3,0,29,1,13658500,3
2501,1937,4,1,0,25,3,12304500,4
2605,1618,5,2,1,24,7,13642500,3
994,809,4,3,1,9,8,6643000,2
1697,1315,5,3,1,14,5,9856500,2
786,483,2,2,0,13,1,4327000,2
2197,1448,2,1,0,23,3,10376500,1
2191,1447,2,2,0,11,7,10989500,1
3270,2129,2,3,0,28,2,15455000,1
1329,1060,5,3,0,14,2,7900500,4
839,737,1,2,1,7,9,4935500,2
3180,2635,3,1,1,6,6,15740000,2
740,549,3,2,0,25,4,4330000,4
738,532,2,1,1,20,10,4371000,1
3106,2223,1,1,0,8,9,14767000,4
669,522,4,3,0,13,7,4900500,1
984,696,1,1,0,27,7,4738000,2
1229,820,4,3,1,26,8,7360500,3
2845,2221,3,1,1,6,3,14082500,1
804,576,1,1,1,11,2,4148000,2
2349,1419,1,3,1,13,1,11410500,2
1167,707,3,1,1,10,2,6401500,3
1581,1078,1,2,0,18,3,7604500,2
1404,1058,4,1,0,27,5,7428000,2
2310,1631,1,3,0,5,8,11595000,1
1481,899,4,3,1,2,3,8724500,1
2635,1757,2,2,1,5,7,13257500,3
1573,989,1,1,1,28,5,7418500,3
1239,1096,4,2,0,23,5,6965500,2
2054,1425,3,1,0,8,8,10583000,1
924,558,2,2,0,1,10,5638000,3
1041,830,1,3,1,5,5,5884500,3
1403,939,4,3,1,13,10,8503500,4
2935,2260,1,2,0,18,7,13897500,3
825,532,4,1,0,29,10,5032500,2
1687,1510,1,1,0,29,8,7911500,1
1566,1395,2,3,0,22,8,8207000,3
1159,923,2,1,1,26,3,5795500,4
1313,1066,1,2,0,3,4,6748500,1
1097,798,1,2,1,13,8,5926500,3
3496,3106,5,1,1,20,5,17432000,4
2707,1968,1,3,1,9,1,13101500,3
856,575,1,3,1,5,7,5152000,1
1176,746,2,3,1,10,3,6592000,1
2886,1911,1,3,0,12,2,13747000,1
637,491,3,3,1,23,10,4556500,2
2672,1799,1,2,0,17,5,12634000,3
1009,803,5,1,0,19,1,5910500,2
1060,757,4,2,1,13,9,6710000,1
2040,1766,2,3,0,26,10,10360000,4
3004,2305,3,3,0,19,5,14888000,3
982,772,4,1,0,21,6,5699000,2
2432,1865,3,1,0,19,7,12014000,3
1168,1011,2,1,1,10,9,6456000,4
1671,1034,5,2,0,20,5,9269500,2
1032,640,2,1,0,4,4,5564000,1
655,530,3,2,1,7,3,4407500,2
3224,2677,3,3,1,3,5,16348000,3
2915,2128,2,2,1,11,10,14547500,3
2716,1916,1,1,1,5,10,13272000,3
2351,1606,2,2,1,22,3,11439500,3
2647,1774,5,2,0,23,5,13601500,1
1501,1311,2,2,1,24,8,7824500,2
2224,1531,4,1,0,25,2,11008000,1
3440,2732,1,2,1,7,4,16390000,1
856,715,4,1,0,29,8,5072000,1
1271,770,2,2,0,3,5,6909500,3
1089,664,1,2,1,19,8,5770500,3
3393,2374,4,2,0,9,6,16988500,3
2696,2180,4,1,1,10,1,13532000,2
2282,1547,1,1,0,14,5,10739000,4
915,549,1,1,1,4,10,5187500,3
3060,2100,3,3,0,2,2,15330000,2
1033,647,1,1,0,14,7,5218500,3
1625,1081,2,2,1,1,10,8942500,3
2575,1802,5,3,1,1,4,14017500,1
2579,1646,3,1,1,24,2,12475500,1
1989,1614,1,1,1,7,1,9510500,1
1019,689,5,3,1,21,5,6665500,2
2196,1753,3,3,1,13,10,11772000,4
2184,1702,2,1,1,29,8,10598000,4
1443,1254,5,3,1,29,8,8563500,2
2067,1294,1,2,1,8,10,10491500,3
1033,686,1,2,1,4,2,5518500,2
3290,2827,2,2,0,29,6,15525000,3
2178,1843,3,1,0,11,7,11031000,2
2704,1778,5,2,1,9,10,14538000,2
1563,988,2,3,1,0,1,8433500,2
1576,1350,3,2,0,23,5,8182000,4
645,421,4,3,1,18,6,4792500,1
1793,1544,4,2,0,29,7,9438500,2
1016,902,3,3,0,24,9,6042000,4
1447,964,1,2,0,10,3,7161500,1
2786,2373,1,2,0,16,8,13317000,1
846,615,4,2,0,2,10,5867000,2
829,693,1,3,1,0,3,4930500,3
1391,1004,1,3,0,16,9,7289500,3
1236,767,3,2,1,5,8,7312000,3
3021,2458,3,3,0,12,9,15304500,2
1337,862,1,3,0,19,5,6786500,3
1688,1482,3,1,0,25,9,8646000,4
687,498,5,2,1,3,3,5231500,4
1312,819,4,3,0,4,7,7974000,4
2349,1570,5,3,0,14,3,12540500,4
1827,1568,5,3,1,13,6,10511500,1
2536,1765,1,3,1,18,8,12502000,4
2005,1718,1,1,0,14,2,9342500,3
1200,782,5,3,0,11,8,7680000,2
2099,1554,5,3,0,17,1,11255500,3
3186,2751,2,1,1,13,4,15227000,4
813,499,2,2,0,9,7,4828500,1
2721,1880,4,2,1,7,1,13904500,4
2708,2363,5,1,0,26,6,13666000,2
1297,1010,3,2,1,22,10,7346500,3
1842,1500,2,2,1,25,6,9239000,2
2659,2267,1,1,0,28,7,12255500,2
3461,2620,5,3,0,3,9,18064500,2
2679,2286,3,1,1,17,7,13315500,3
1783,1411,3,1,0,27,3,8733500,4
1600,1289,3,1,1,24,4,8170000,2
836,539,1,1,1,7,1,4322000,3
1804,1590,2,1,0,3,5,9108000,1
3205,2688,3,3,1,10,7,16222500,3
2081,1407,2,2,0,4,3,10434500,1
1703,1318,4,1,1,29,6,8933500,3
1246,888,1,3,0,9,3,6477000,4
3467,2767,2,1,0,5,4,16501500,2
1072,962,2,3,0,28,5,5714000,4
711,436,3,2,1,3,6,4889500,3
2445,2165,3,3,0,17,6,12462500,2
2254,1401,1,3,1,20,1,10843000,1
982,724,2,2,1,26,8,5449000,3
616,458,5,2,0,16,3,4502000,2
1092,743,3,3,1,6,4,6644000,1
2496,1921,3,1,0,8,8,12572000,1
2109,1793,4,1,1,2,5,11250500,4
716,492,1,2,1,21,6,3952000,3
2178,1352,2,1,0,8,1,10491000,1
1479,1167,2,2,0,26,8,7535500,2
2762,2280,2,3,1,3,5,13969000,1
2418,2143,3,3,0,21,1,12011000,1
2172,1407,1,1,0,29,7,10044000,4
3461,3012,2,2,1,18,2,16464500,4
2248,1673,5,1,0,8,6,11956000,2
1243,833,4,1,1,22,3,6853500,4
1959,1741,4,3,0,22,6,10475500,1
935,627,2,1,0,19,9,5077500,1
746,611,3,3,1,5,6,5207000,4
721,602,4,2,1,26,1,4524500,1
680,495,4,1,0,10,6,4560000,1
3332,2688,4,3,0,23,3,16484000,2
3309,2553,4,1,1,14,4,16360500,4
3022,1987,2,2,0,21,4,14379000,1
2710,2243,1,1,0,5,9,13045000,4
1103,968,1,1,0,19,8,5483500,2
1267,945,3,3,0,23,7,7091500,4
3096,2781,5,2,1,29,5,15652000,1
2044,1488,1,2,0,9,10,10218000,4
1945,1446,5,2,1,23,4,10542500,1
3327,2668,1,1,1,24,3,15291500,1
1789,1173,1,3,0,21,1,8580500,1
2220,1932,3,1,1,17,9,11350000,2
2580,2168,4,1,0,15,8,13110000,4
2272,1957,3,1,0,3,1,11314000,2
3108,2433,1,2,1,19,2,14556000,4
1058,915,4,3,1,12,1,6521000,2
1812,1456,4,2,1,23,1,9494000,3
1063,800,4,1,0,4,9,6553500,1
1511,1328,5,1,0,19,5,8369500,1
3026,2214,1,3,0,23,3,14207000,2
1625,1219,2,2,1,28,2,8002500,3
3011,1959,3,1,1,18,8,14839500,1
671,593,5,1,1,17,8,4929500,4
2050,1365,3,3,1,19,6,10795000,2
3285,2169,2,1,1,26,2,15312500,1
1793,1130,4,2,0,16,1,9398500,1
2448,1801,2,2,0,15,6,12016000,2
2984,2035,3,1,1,0,1,14728000,2
2622,2155,2,1,1,20,6,12649000,4
2842,1967,1,1,1,28,10,13379000,4
1611,1314,2,3,1,26,2,8179500,1
1252,824,1,3,0,0,7,6884000,1
1898,1269,2,2,1,29,10,9611000,2
606,510,1,2,1,19,2,3297000,1
1504,1069,1,1,1,23,2,7058000,1
2628,1664,2,1,0,13,6,12666000,2
3213,2854,5,1,0,23,4,15898500,1
1215,793,4,3,1,1,6,7697500,1
2473,1595,4,3,0,14,8,13048500,3
3220,2278,4,1,1,28,10,15980000,4
3246,2040,1,1,1,2,3,15367000,2
1369,885,4,2,1,29,5,7580500,3
2889,2467,1,3,0,12,5,13910500,4
2166,1411,5,1,1,18,10,11737000,4
2085,1320,2,3,1,0,9,11182500,4
2040,1762,2,1,0,12,7,10090000,3
1365,1000,1,1,0,14,9,6812500,3
983,636,1,2,1,15,8,5373500,4
3038,2352,5,2,1,29,3,15291000,1
1287,788,4,2,0,10,2,7291500,1
1749,1273,5,1,0,2,3,9680500,3
646,502,2,2,0,7,6,4067000,3
2572,2281,2,1,1,5,10,12924000,3
3266,2279,4,3,1,4,4,16767000,4
1063,881,2,3,0,25,1,5533500,1
2472,1581,1,1,0,27,10,11584000,3
722,527,2,2,1,14,10,4619000,3
2781,1854,3,2,0,8,9,14104500,2
2242,1676,4,3,1,29,6,11759000,4
1440,1044,4,1,1,22,1,7640000,2
2185,1953,4,1,1,21,3,11112500,1
3496,3059,3,1,0,4,1,16802000,2
3254,2520,5,3,1,20,9,16943000,2
2403,1569,1,3,0,9,4,11733500,2
622,477,4,2,0,24,2,4019000,4
1165,975,2,1,0,28,4,5682500,1
2509,1534,1,1,0,25,2,11390500,2
3413,2492,2,1,1,5,6,16508500,4
1564,958,1,1,1,27,6,7448000,1
2882,1940,1,3,1,10,7,14169000,3
1595,1001,2,2,0,3,9,8567500,2
1787,1587,2,3,1,19,9,9461500,1
2394,1557,1,2,1,11,4,11603000,2
1425,919,4,1,1,19,9,8032500,3
815,726,2,1,1,26,8,4497500,1
1256,948,3,1,0,5,1,6702000,4
1713,1417,3,1,0,0,7,9158500,1
2587,1806,1,1,1,24,7,12161500,4
910,691,5,3,0,29,10,6115000,1
1156,695,1,2,0,17,4,5762000,4
2904,2098,1,3,0,1,7,14298000,3
3180,2437,4,1,1,4,10,16280000,3
2156,1626,4,2,1,15,10,11652000,3
651,469,5,2,0,11,5,4859500,1
1961,1640,5,1,0,11,5,10554500,3
1794,1346,5,2,0,10,5,10023000,2
2248,1777,5,3,0,19,6,12136000,3
2947,1931,5,3,1,18,7,15501500,4
1271,1091,1,3,0,20,5,6469500,4
1377,976,1,3,1,6,9,7576500,4
1431,1065,3,2,0,25,9,7689500,1
2879,2031,3,3,1,1,7,14935500,2
2460,2134,2,2,0,28,10,12010000,3
2129,1852,1,1,1,28,3,9820500,2
2675,1784,5,3,1,5,4,14387500,2
2572,2123,2,1,0,3,4,12514000,4
1674,1056,4,3,0,1,7,9663000,4
2316,1410,1,1,1,16,2,10852000,4
1883,1602,3,1,1,7,5,9833500,1
1190,760,1,1,0,4,4,5975000,2
3432,2218,1,1,0,9,10,16264000,2
3267,2554,1,1,0,15,9,15351500,1
2586,2185,1,2,0,1,1,12367000,1
3233,2123,4,2,1,23,10,16338500,1
1601,1015,3,3,1,18,3,8644500,2
2831,1764,1,2,1,6,6,13769500,2
1646,999,4,1,0,1,4,8987000,4
2776,1762,2,2,0,12,3,13402000,4
2938,2593,1,2,0,22,6,13781000,2
2455,1543,4,1,1,3,3,12687500,4
1100,857,5,2,0,15,7,6900000,1
2833,2482,2,1,1,9,1,13568500,3
1078,849,3,2,0,16,9,6281000,4
2194,1337,1,1,1,20,10,10623000,2
3139,2445,1,3,1,27,2,14735500,4
1112,968,4,2,1,13,4,6694000,4
3114,2169,3,3,0,11,6,15593000,4
2932,2035,5,1,0,12,6,14954000,3
1200,809,2,1,0,29,8,6020000,1
2040,1533,3,3,0,19,8,10700000,2
1723,1156,1,1,1,7,4,8463500,3
788,643,4,1,1,16,6,5076000,2
1588,1260,5,1,0,17,9,8956000,2
2481,1786,4,1,0,20,7,12514500,2
987,806,2,1,0,9,8,5461500,3
2888,1818,3,1,0,25,8,13996000,1
2405,1983,4,1,1,27,2,11932500,2
2633,2056,4,1,0,12,7,13358500,1
2354,1857,1,3,1,1,3,11773000,1
3064,1897,4,2,1,26,7,15368000,4
2823,2217,5,1,1,16,2,14333500,3
986,737,3,3,0,5,1,5887000,3
2094,1561,2,1,0,11,9,10453000,4
1452,1011,4,2,0,28,10,8074000,4
3310,1993,5,1,0,12,10,16855000,1
1051,763,2,3,1,27,1,5589500,2
2924,2106,5,3,0,25,1,14808000,3
2358,1713,4,2,1,3,3,12451000,2
812,636,4,1,0,14,1,4824000,2
640,441,3,3,1,15,7,4580000,4
1745,1188,1,2,1,20,7,8652500,2
2941,2203,5,2,1,18,8,15324500,1
1199,932,1,1,0,14,2,5715500,4
2624,2021,1,3,1,25,7,12708000,2
3188,2756,2,1,1,5,9,15646000,4
2630,2184,2,1,0,19,10,12755000,1
2382,1466,5,1,1,28,5,12259000,1
2451,1884,1,3,0,5,10,12329500,2
3098,2247,3,2,0,28,3,14831000,4
2379,1685,1,1,1,4,9,11725500,2
3437,3049,2,1,1,26,1,15946500,2
2981,2197,1,3,0,1,3,14444500,4
2504,2042,4,1,1,19,2,12538000,2
2691,2395,4,2,0,1,2,13789500,1
743,479,3,1,0,4,3,4513500,4
932,574,5,2,1,2,10,6704000,4
1597,1108,1,1,0,5,7,7936500,4
2019,1238,4,1,1,10,6,10735500,4
654,415,5,1,1,4,9,5163000,2
1930,1732,4,2,0,17,10,10445000,2
2046,1816,5,1,1,13,10,11297000,1
2040,1647,5,1,1,9,3,11000000,3
3444,2844,4,1,1,26,5,16778000,3
2972,1908,2,2,1,23,9,14514000,1
2333,1816,5,1,1,21,3,12078500,3
2294,1482,1,3,1,24,8,11293000,1
679,484,4,2,0,2,9,5065500,2
1584,1114,2,3,1,15,7,8528000,4
3205,2513,4,1,0,29,6,15542500,4
1464,913,3,2,0,15,6,7888000,2
3364,2122,1,2,1,10,6,16088000,4
2187,1712,3,1,1,3,5,11281500,4
1071,846,5,3,0,10,7,7069500,3
2721,1910,5,2,0,7,7,14354500,2
2176,1401,3,2,1,15,7,11292000,3
2102,1819,3,2,0,22,3,10469000,3
1188,731,5,2,0,7,6,7406000,4
2010,1638,2,2,1,8,9,10485000,4
2505,1608,1,1,0,13,9,11962500,2
1163,920,4,2,0,7,4,6893500,4
1066,851,3,3,1,23,9,6437000,4
1198,1007,1,2,1,15,2,6041000,2
2244,1612,4,1,1,21,8,11628000,4
1591,965,4,1,1,26,2,8289500,3
2532,2135,3,3,0,1,5,13124000,2
3384,2481,2,2,0,27,6,15988000,4
2895,2472,2,3,0,22,2,13887500,1
2204,1835,1,3,0,19,9,10888000,2
666,499,1,3,0,18,6,3837000,2
3220,2897,5,3,1,19,8,16760000,1
3350,2474,2,2,0,19,4,15895000,4
1069,864,1,1,0,18,3,5100500,4
3140,2514,5,1,1,24,4,15700000,2
2324,1755,4,2,0,29,1,11528000,2
3310,2567,1,3,0,18,1,15485000,4
2933,2462,5,2,1,17,8,15308500,4
2231,1721,2,3,1,12,1,11199500,3
2959,2174,4,3,0,16,5,15045500,2
2956,2360,1,2,1,26,10,14132000,2
1374,839,2,2,0,0,9,7633000,1
